id,name,text,emotion,sentiment,toxicity_score,abusive_words,length,platform,timestamp,cyberbullying
1,anita,Shut up you fool,anger,negative,0.92,1,16,Twitter,2026-03-25 10:55:29.608386,1
2,anita,Keep going,neutral,positive,0.13,0,10,Twitter,2026-03-25 10:56:29.608386,0
3,john,Great work!,neutral,positive,0.09,0,11,Instagram,2026-03-25 10:57:29.608386,0
4,john,Good effort,neutral,neutral,0.13,0,11,Twitter,2026-03-25 10:58:29.608386,0
5,arjun,Keep going,neutral,positive,0.16,0,10,Twitter,2026-03-25 10:59:29.608386,0
6,meena,Have a nice day,neutral,neutral,0.25,0,15,Twitter,2026-03-25 11:00:29.608386,0
7,meena,Nobody likes you,anger,negative,0.75,2,16,YouTube,2026-03-25 11:01:29.608386,1
8,priya,You are useless,anger,negative,0.94,1,15,Twitter,2026-03-25 11:02:29.608386,1
9,priya,Have a nice day,neutral,neutral,0.05,0,15,Instagram,2026-03-25 11:03:29.608386,0
10,john,Great work!,neutral,positive,0.18,0,11,Twitter,2026-03-25 11:04:29.608386,0
11,anita,Nobody likes you,anger,negative,0.81,1,16,YouTube,2026-03-25 11:05:29.608386,1
12,anita,Great work!,neutral,positive,0.26,0,11,YouTube,2026-03-25 11:06:29.608386,0
13,meena,You are a loser,anger,negative,0.75,1,15,YouTube,2026-03-25 11:07:29.608386,1
14,sara,Nobody likes you,anger,negative,0.79,3,16,Twitter,2026-03-25 11:08:29.608386,1
15,anita,Have a nice day,joy,neutral,0.14,0,15,YouTube,2026-03-25 11:09:29.608386,0
16,rahul,That's amazing,neutral,positive,0.23,0,14,Instagram,2026-03-25 11:10:29.608386,0
17,vikram,Good effort,neutral,neutral,0.11,0,11,YouTube,2026-03-25 11:11:29.608386,0
18,rahul,You are a loser,anger,negative,0.8,3,15,Instagram,2026-03-25 11:12:29.608386,1
19,meena,You are a loser,anger,negative,0.73,1,15,YouTube,2026-03-25 11:13:29.608386,1
20,anita,Keep going,neutral,positive,0.21,0,10,YouTube,2026-03-25 11:14:29.608386,0
21,rahul,Go away idiot,anger,negative,0.78,1,13,YouTube,2026-03-25 11:15:29.608386,1
22,vikram,You are so stupid,anger,negative,0.85,2,17,YouTube,2026-03-25 11:16:29.608386,1
23,priya,Keep going,neutral,neutral,0.25,0,10,YouTube,2026-03-25 11:17:29.608386,0
24,anita,Have a nice day,neutral,neutral,0.24,0,15,Instagram,2026-03-25 11:18:29.608386,0
25,meena,Go away idiot,anger,negative,0.97,2,13,YouTube,2026-03-25 11:19:29.608386,1
26,sara,Great work!,neutral,positive,0.02,0,11,Instagram,2026-03-25 11:20:29.608386,0
27,rahul,Good effort,neutral,positive,0.06,0,11,YouTube,2026-03-25 11:21:29.608386,0
28,priya,Go away idiot,anger,negative,0.87,1,13,Twitter,2026-03-25 11:22:29.608386,1
29,rahul,Keep going,joy,positive,0.16,0,10,YouTube,2026-03-25 11:23:29.608386,0
30,vikram,You are a loser,anger,negative,0.73,3,15,Twitter,2026-03-25 11:24:29.608386,1
31,arjun,Great work!,neutral,positive,0.27,0,11,Twitter,2026-03-25 11:25:29.608386,0
32,vikram,Have a nice day,joy,neutral,0.03,0,15,Twitter,2026-03-25 11:26:29.608386,0
33,meena,Have a nice day,neutral,positive,0.02,0,15,YouTube,2026-03-25 11:27:29.608386,0
34,anita,You are so stupid,anger,negative,0.87,3,17,Instagram,2026-03-25 11:28:29.608386,1
35,sara,Have a nice day,joy,positive,0.29,0,15,YouTube,2026-03-25 11:29:29.608386,0
36,sara,Go away idiot,anger,negative,0.95,2,13,Instagram,2026-03-25 11:30:29.608386,1
37,rahul,You are so stupid,anger,negative,0.88,2,17,Twitter,2026-03-25 11:31:29.608386,1
38,meena,That's amazing,neutral,neutral,0.11,0,14,Instagram,2026-03-25 11:32:29.608386,0
39,arjun,That's amazing,neutral,positive,0.14,0,14,Instagram,2026-03-25 11:33:29.608386,0
40,vikram,You are so stupid,anger,negative,0.7,2,17,Instagram,2026-03-25 11:34:29.608386,1
41,sara,Go away idiot,anger,negative,0.84,1,13,YouTube,2026-03-25 11:35:29.608386,1
42,arjun,Go away idiot,anger,negative,0.75,1,13,Twitter,2026-03-25 11:36:29.608386,1
43,meena,Have a nice day,neutral,neutral,0.05,0,15,Twitter,2026-03-25 11:37:29.608386,0
44,priya,Go away idiot,anger,negative,0.8,1,13,YouTube,2026-03-25 11:38:29.608386,1
45,anita,Shut up you fool,anger,negative,0.75,1,16,Twitter,2026-03-25 11:39:29.608386,1
46,vikram,Keep going,joy,positive,0.0,0,10,Twitter,2026-03-25 11:40:29.608386,0
47,priya,Have a nice day,joy,neutral,0.06,0,15,Twitter,2026-03-25 11:41:29.608386,0
48,priya,Keep going,neutral,positive,0.14,0,10,YouTube,2026-03-25 11:42:29.608386,0
49,meena,Nobody likes you,anger,negative,0.98,2,16,Instagram,2026-03-25 11:43:29.608386,1
50,sara,Go away idiot,anger,negative,0.89,1,13,Instagram,2026-03-25 11:44:29.608386,1
51,meena,Shut up you fool,anger,negative,0.71,1,16,Twitter,2026-03-25 11:45:29.608386,1
52,sara,Go away idiot,anger,negative,0.76,3,13,YouTube,2026-03-25 11:46:29.608386,1
53,rahul,Go away idiot,anger,negative,0.79,3,13,Twitter,2026-03-25 11:47:29.608386,1
54,sara,Nobody likes you,anger,negative,0.73,2,16,Instagram,2026-03-25 11:48:29.608386,1
55,anita,Shut up you fool,anger,negative,0.96,2,16,Instagram,2026-03-25 11:49:29.608386,1
56,vikram,Have a nice day,neutral,positive,0.04,0,15,Twitter,2026-03-25 11:50:29.608386,0
57,priya,Shut up you fool,anger,negative,0.74,2,16,YouTube,2026-03-25 11:51:29.608386,1
58,arjun,Nobody likes you,anger,negative,0.86,3,16,Twitter,2026-03-25 11:52:29.608386,1
59,john,Good effort,neutral,positive,0.1,0,11,YouTube,2026-03-25 11:53:29.608386,0
60,vikram,You are so stupid,anger,negative,0.73,1,17,Instagram,2026-03-25 11:54:29.608386,1
61,sara,You are useless,anger,negative,0.82,1,15,Twitter,2026-03-25 11:55:29.608386,1
62,vikram,Have a nice day,joy,neutral,0.16,0,15,YouTube,2026-03-25 11:56:29.608386,0
63,vikram,You are a loser,anger,negative,0.99,2,15,YouTube,2026-03-25 11:57:29.608386,1
64,john,Have a nice day,joy,positive,0.21,0,15,Twitter,2026-03-25 11:58:29.608386,0
65,anita,You are useless,anger,negative,0.85,1,15,Twitter,2026-03-25 11:59:29.608386,1
66,arjun,You are so stupid,anger,negative,1.0,2,17,Instagram,2026-03-25 12:00:29.608386,1
67,anita,You are so stupid,anger,negative,0.97,2,17,YouTube,2026-03-25 12:01:29.608386,1
68,meena,Go away idiot,anger,negative,0.93,1,13,Twitter,2026-03-25 12:02:29.608386,1
69,priya,Go away idiot,anger,negative,0.94,3,13,YouTube,2026-03-25 12:03:29.608386,1
70,anita,Go away idiot,anger,negative,0.97,3,13,Twitter,2026-03-25 12:04:29.608386,1
71,vikram,Well done,joy,positive,0.24,0,9,YouTube,2026-03-25 12:05:29.608386,0
72,meena,You are a loser,anger,negative,0.98,3,15,Twitter,2026-03-25 12:06:29.608386,1
73,meena,Great work!,joy,positive,0.02,0,11,Twitter,2026-03-25 12:07:29.608386,0
74,anita,You are so stupid,anger,negative,0.98,2,17,Twitter,2026-03-25 12:08:29.608386,1
75,vikram,Well done,joy,neutral,0.11,0,9,YouTube,2026-03-25 12:09:29.608386,0
76,vikram,Well done,joy,neutral,0.29,0,9,Twitter,2026-03-25 12:10:29.608386,0
77,arjun,Go away idiot,anger,negative,0.99,1,13,Instagram,2026-03-25 12:11:29.608386,1
78,priya,Have a nice day,joy,neutral,0.28,0,15,YouTube,2026-03-25 12:12:29.608386,0
79,anita,Have a nice day,joy,positive,0.15,0,15,YouTube,2026-03-25 12:13:29.608386,0
80,priya,Great work!,neutral,neutral,0.09,0,11,Instagram,2026-03-25 12:14:29.608386,0
81,arjun,Great work!,joy,neutral,0.07,0,11,YouTube,2026-03-25 12:15:29.608386,0
82,anita,Good effort,joy,neutral,0.26,0,11,YouTube,2026-03-25 12:16:29.608386,0
83,sara,Shut up you fool,anger,negative,0.86,3,16,YouTube,2026-03-25 12:17:29.608386,1
84,arjun,You are useless,anger,negative,0.94,2,15,Instagram,2026-03-25 12:18:29.608386,1
85,meena,That's amazing,joy,positive,0.01,0,14,YouTube,2026-03-25 12:19:29.608386,0
86,priya,That's amazing,neutral,positive,0.04,0,14,Instagram,2026-03-25 12:20:29.608386,0
87,sara,You are useless,anger,negative,0.79,1,15,Twitter,2026-03-25 12:21:29.608386,1
88,meena,You are a loser,anger,negative,0.95,2,15,Twitter,2026-03-25 12:22:29.608386,1
89,sara,That's amazing,neutral,positive,0.12,0,14,Twitter,2026-03-25 12:23:29.608386,0
90,meena,Good effort,neutral,positive,0.12,0,11,Instagram,2026-03-25 12:24:29.608386,0
91,vikram,You are a loser,anger,negative,0.94,1,15,Twitter,2026-03-25 12:25:29.608386,1
92,john,Shut up you fool,anger,negative,0.75,1,16,Instagram,2026-03-25 12:26:29.608386,1
93,john,Good effort,neutral,neutral,0.26,0,11,Twitter,2026-03-25 12:27:29.608386,0
94,anita,Nobody likes you,anger,negative,0.79,3,16,Instagram,2026-03-25 12:28:29.608386,1
95,john,You are useless,anger,negative,0.73,1,15,Twitter,2026-03-25 12:29:29.608386,1
96,rahul,You are so stupid,anger,negative,0.94,3,17,YouTube,2026-03-25 12:30:29.608386,1
97,arjun,Have a nice day,joy,neutral,0.19,0,15,Instagram,2026-03-25 12:31:29.608386,0
98,rahul,You are a loser,anger,negative,0.76,1,15,YouTube,2026-03-25 12:32:29.608386,1
99,arjun,Good effort,neutral,neutral,0.15,0,11,Instagram,2026-03-25 12:33:29.608386,0
100,sara,Shut up you fool,anger,negative,0.93,2,16,YouTube,2026-03-25 12:34:29.608386,1
101,vikram,Keep going,neutral,neutral,0.02,0,10,Twitter,2026-03-25 12:35:29.608386,0
102,sara,Great work!,joy,neutral,0.03,0,11,YouTube,2026-03-25 12:36:29.608386,0
103,vikram,Keep going,neutral,positive,0.05,0,10,Twitter,2026-03-25 12:37:29.608386,0
104,vikram,Have a nice day,neutral,neutral,0.17,0,15,YouTube,2026-03-25 12:38:29.608386,0
105,sara,Good effort,neutral,positive,0.26,0,11,Twitter,2026-03-25 12:39:29.608386,0
106,john,Go away idiot,anger,negative,0.78,3,13,YouTube,2026-03-25 12:40:29.608386,1
107,arjun,That's amazing,joy,positive,0.28,0,14,Twitter,2026-03-25 12:41:29.608386,0
108,sara,Nobody likes you,anger,negative,0.83,1,16,Instagram,2026-03-25 12:42:29.608386,1
109,rahul,You are a loser,anger,negative,0.95,1,15,Twitter,2026-03-25 12:43:29.608386,1
110,rahul,You are useless,anger,negative,0.92,1,15,YouTube,2026-03-25 12:44:29.608386,1
111,sara,Have a nice day,joy,neutral,0.12,0,15,Twitter,2026-03-25 12:45:29.608386,0
112,priya,That's amazing,joy,neutral,0.02,0,14,Instagram,2026-03-25 12:46:29.608386,0
113,meena,Well done,joy,positive,0.28,0,9,Twitter,2026-03-25 12:47:29.608386,0
114,vikram,Shut up you fool,anger,negative,0.92,2,16,Instagram,2026-03-25 12:48:29.608386,1
115,rahul,That's amazing,neutral,neutral,0.15,0,14,Instagram,2026-03-25 12:49:29.608386,0
116,meena,Nobody likes you,anger,negative,0.84,3,16,Twitter,2026-03-25 12:50:29.608386,1
117,john,Well done,joy,neutral,0.29,0,9,YouTube,2026-03-25 12:51:29.608386,0
118,rahul,You are so stupid,anger,negative,0.86,2,17,Instagram,2026-03-25 12:52:29.608386,1
119,john,Shut up you fool,anger,negative,0.86,1,16,YouTube,2026-03-25 12:53:29.608386,1
120,rahul,Have a nice day,joy,neutral,0.04,0,15,Instagram,2026-03-25 12:54:29.608386,0
121,meena,That's amazing,neutral,positive,0.24,0,14,YouTube,2026-03-25 12:55:29.608386,0
122,sara,Go away idiot,anger,negative,0.96,2,13,Instagram,2026-03-25 12:56:29.608386,1
123,sara,Shut up you fool,anger,negative,0.96,2,16,Instagram,2026-03-25 12:57:29.608386,1
124,rahul,Shut up you fool,anger,negative,0.83,1,16,Twitter,2026-03-25 12:58:29.608386,1
125,john,Nobody likes you,anger,negative,0.95,3,16,Twitter,2026-03-25 12:59:29.608386,1
126,priya,Great work!,joy,positive,0.3,0,11,Twitter,2026-03-25 13:00:29.608386,0
127,anita,You are useless,anger,negative,0.94,2,15,YouTube,2026-03-25 13:01:29.608386,1
128,rahul,You are useless,anger,negative,0.99,1,15,Twitter,2026-03-25 13:02:29.608386,1
129,meena,Go away idiot,anger,negative,0.94,2,13,YouTube,2026-03-25 13:03:29.608386,1
130,priya,Good effort,joy,neutral,0.08,0,11,Twitter,2026-03-25 13:04:29.608386,0
131,arjun,Have a nice day,joy,positive,0.17,0,15,Twitter,2026-03-25 13:05:29.608386,0
132,rahul,Well done,neutral,positive,0.18,0,9,Instagram,2026-03-25 13:06:29.608386,0
133,priya,Nobody likes you,anger,negative,0.96,2,16,Twitter,2026-03-25 13:07:29.608386,1
134,rahul,You are useless,anger,negative,0.75,2,15,Instagram,2026-03-25 13:08:29.608386,1
135,arjun,Keep going,joy,neutral,0.16,0,10,YouTube,2026-03-25 13:09:29.608386,0
136,vikram,You are a loser,anger,negative,0.89,2,15,Instagram,2026-03-25 13:10:29.608386,1
137,sara,You are a loser,anger,negative,0.86,1,15,Twitter,2026-03-25 13:11:29.608386,1
138,arjun,Good effort,neutral,neutral,0.16,0,11,Instagram,2026-03-25 13:12:29.608386,0
139,meena,Have a nice day,neutral,positive,0.23,0,15,Twitter,2026-03-25 13:13:29.608386,0
140,priya,Have a nice day,joy,neutral,0.18,0,15,Instagram,2026-03-25 13:14:29.608386,0
141,rahul,You are so stupid,anger,negative,0.75,3,17,Instagram,2026-03-25 13:15:29.608386,1
142,arjun,Great work!,neutral,positive,0.18,0,11,Twitter,2026-03-25 13:16:29.608386,0
143,priya,Have a nice day,neutral,neutral,0.17,0,15,Twitter,2026-03-25 13:17:29.608386,0
144,vikram,Have a nice day,joy,neutral,0.2,0,15,Twitter,2026-03-25 13:18:29.608386,0
145,vikram,Good effort,joy,neutral,0.24,0,11,YouTube,2026-03-25 13:19:29.608386,0
146,priya,You are so stupid,anger,negative,0.88,3,17,Twitter,2026-03-25 13:20:29.608386,1
147,anita,You are useless,anger,negative,0.95,1,15,Twitter,2026-03-25 13:21:29.608386,1
148,anita,Shut up you fool,anger,negative,0.9,2,16,Twitter,2026-03-25 13:22:29.608386,1
149,anita,You are a loser,anger,negative,0.71,1,15,Twitter,2026-03-25 13:23:29.608386,1
150,arjun,Shut up you fool,anger,negative,0.82,2,16,Twitter,2026-03-25 13:24:29.608386,1
151,priya,Keep going,neutral,neutral,0.3,0,10,YouTube,2026-03-25 13:25:29.608386,0
152,priya,Shut up you fool,anger,negative,0.88,1,16,Twitter,2026-03-25 13:26:29.608386,1
153,priya,Go away idiot,anger,negative,0.87,1,13,Instagram,2026-03-25 13:27:29.608386,1
154,meena,Shut up you fool,anger,negative,0.8,3,16,Twitter,2026-03-25 13:28:29.608386,1
155,arjun,Keep going,joy,positive,0.09,0,10,Instagram,2026-03-25 13:29:29.608386,0
156,sara,Good effort,neutral,positive,0.03,0,11,Instagram,2026-03-25 13:30:29.608386,0
157,vikram,Shut up you fool,anger,negative,0.88,3,16,Twitter,2026-03-25 13:31:29.608386,1
158,arjun,Keep going,neutral,neutral,0.05,0,10,Twitter,2026-03-25 13:32:29.608386,0
159,meena,You are a loser,anger,negative,0.86,3,15,YouTube,2026-03-25 13:33:29.608386,1
160,anita,Go away idiot,anger,negative,0.82,2,13,Twitter,2026-03-25 13:34:29.608386,1
161,priya,You are so stupid,anger,negative,0.77,2,17,Twitter,2026-03-25 13:35:29.608386,1
162,priya,Keep going,joy,neutral,0.1,0,10,Twitter,2026-03-25 13:36:29.608386,0
163,priya,Have a nice day,neutral,neutral,0.05,0,15,YouTube,2026-03-25 13:37:29.608386,0
164,meena,Well done,neutral,neutral,0.06,0,9,YouTube,2026-03-25 13:38:29.608386,0
165,arjun,Keep going,joy,neutral,0.05,0,10,Instagram,2026-03-25 13:39:29.608386,0
166,priya,Go away idiot,anger,negative,0.71,3,13,YouTube,2026-03-25 13:40:29.608386,1
167,vikram,Shut up you fool,anger,negative,0.75,1,16,Twitter,2026-03-25 13:41:29.608386,1
168,arjun,Go away idiot,anger,negative,0.98,1,13,YouTube,2026-03-25 13:42:29.608386,1
169,priya,Shut up you fool,anger,negative,0.76,1,16,YouTube,2026-03-25 13:43:29.608386,1
170,john,Good effort,joy,positive,0.09,0,11,Twitter,2026-03-25 13:44:29.608386,0
171,john,Good effort,joy,neutral,0.13,0,11,Instagram,2026-03-25 13:45:29.608386,0
172,arjun,You are a loser,anger,negative,0.77,2,15,Twitter,2026-03-25 13:46:29.608386,1
173,john,Go away idiot,anger,negative,0.82,3,13,Twitter,2026-03-25 13:47:29.608386,1
174,arjun,Great work!,joy,neutral,0.19,0,11,Instagram,2026-03-25 13:48:29.608386,0
175,arjun,Keep going,neutral,neutral,0.28,0,10,YouTube,2026-03-25 13:49:29.608386,0
176,priya,That's amazing,neutral,neutral,0.14,0,14,Instagram,2026-03-25 13:50:29.608386,0
177,john,You are so stupid,anger,negative,0.82,2,17,Twitter,2026-03-25 13:51:29.608386,1
178,meena,You are a loser,anger,negative,0.99,1,15,YouTube,2026-03-25 13:52:29.608386,1
179,priya,That's amazing,neutral,positive,0.11,0,14,Twitter,2026-03-25 13:53:29.608386,0
180,anita,Shut up you fool,anger,negative,0.82,3,16,Twitter,2026-03-25 13:54:29.608386,1
181,meena,Great work!,joy,neutral,0.01,0,11,Twitter,2026-03-25 13:55:29.608386,0
182,sara,Go away idiot,anger,negative,0.74,2,13,Instagram,2026-03-25 13:56:29.608386,1
183,anita,You are useless,anger,negative,0.81,1,15,Twitter,2026-03-25 13:57:29.608386,1
184,vikram,Shut up you fool,anger,negative,0.98,2,16,Twitter,2026-03-25 13:58:29.608386,1
185,vikram,Shut up you fool,anger,negative,0.87,2,16,Instagram,2026-03-25 13:59:29.608386,1
186,rahul,Well done,neutral,neutral,0.2,0,9,Twitter,2026-03-25 14:00:29.608386,0
187,rahul,Good effort,neutral,neutral,0.23,0,11,Instagram,2026-03-25 14:01:29.608386,0
188,rahul,Well done,joy,neutral,0.04,0,9,Twitter,2026-03-25 14:02:29.608386,0
189,arjun,You are so stupid,anger,negative,0.9,1,17,Twitter,2026-03-25 14:03:29.608386,1
190,meena,Nobody likes you,anger,negative,0.85,2,16,Instagram,2026-03-25 14:04:29.608386,1
191,priya,Great work!,joy,neutral,0.19,0,11,Twitter,2026-03-25 14:05:29.608386,0
192,john,That's amazing,neutral,neutral,0.11,0,14,Twitter,2026-03-25 14:06:29.608386,0
193,anita,You are so stupid,anger,negative,0.73,1,17,Twitter,2026-03-25 14:07:29.608386,1
194,priya,That's amazing,joy,neutral,0.01,0,14,Instagram,2026-03-25 14:08:29.608386,0
195,vikram,Keep going,joy,neutral,0.26,0,10,Twitter,2026-03-25 14:09:29.608386,0
196,arjun,Shut up you fool,anger,negative,0.73,1,16,Instagram,2026-03-25 14:10:29.608386,1
197,john,You are a loser,anger,negative,0.99,1,15,YouTube,2026-03-25 14:11:29.608386,1
198,john,You are useless,anger,negative,0.91,1,15,Instagram,2026-03-25 14:12:29.608386,1
199,john,Go away idiot,anger,negative,0.89,1,13,Instagram,2026-03-25 14:13:29.608386,1
200,john,Have a nice day,joy,neutral,0.1,0,15,Instagram,2026-03-25 14:14:29.608386,0
201,anita,Good effort,neutral,positive,0.08,0,11,YouTube,2026-03-25 14:15:29.608386,0
202,sara,Go away idiot,anger,negative,0.92,2,13,YouTube,2026-03-25 14:16:29.608386,1
203,arjun,That's amazing,neutral,positive,0.29,0,14,YouTube,2026-03-25 14:17:29.608386,0
204,meena,Have a nice day,joy,neutral,0.05,0,15,Twitter,2026-03-25 14:18:29.608386,0
205,sara,Have a nice day,joy,positive,0.25,0,15,Twitter,2026-03-25 14:19:29.608386,0
206,priya,Nobody likes you,anger,negative,0.77,3,16,Instagram,2026-03-25 14:20:29.608386,1
207,sara,Well done,joy,neutral,0.27,0,9,YouTube,2026-03-25 14:21:29.608386,0
208,priya,Nobody likes you,anger,negative,0.7,3,16,Instagram,2026-03-25 14:22:29.608386,1
209,anita,You are a loser,anger,negative,0.97,3,15,Instagram,2026-03-25 14:23:29.608386,1
210,priya,You are so stupid,anger,negative,0.86,1,17,YouTube,2026-03-25 14:24:29.608386,1
211,john,Great work!,neutral,neutral,0.29,0,11,YouTube,2026-03-25 14:25:29.608386,0
212,anita,Keep going,neutral,positive,0.29,0,10,YouTube,2026-03-25 14:26:29.608386,0
213,anita,Great work!,joy,positive,0.03,0,11,YouTube,2026-03-25 14:27:29.608386,0
214,john,That's amazing,neutral,positive,0.14,0,14,YouTube,2026-03-25 14:28:29.608386,0
215,arjun,Great work!,joy,positive,0.06,0,11,YouTube,2026-03-25 14:29:29.608386,0
216,meena,You are a loser,anger,negative,0.99,3,15,Twitter,2026-03-25 14:30:29.608386,1
217,sara,Nobody likes you,anger,negative,0.78,1,16,Twitter,2026-03-25 14:31:29.608386,1
218,vikram,Good effort,joy,positive,0.17,0,11,Instagram,2026-03-25 14:32:29.608386,0
219,john,You are so stupid,anger,negative,0.9,1,17,YouTube,2026-03-25 14:33:29.608386,1
220,anita,Nobody likes you,anger,negative,0.86,1,16,Twitter,2026-03-25 14:34:29.608386,1
221,sara,Have a nice day,joy,positive,0.16,0,15,YouTube,2026-03-25 14:35:29.608386,0
222,meena,Shut up you fool,anger,negative,0.71,2,16,Instagram,2026-03-25 14:36:29.608386,1
223,arjun,Have a nice day,neutral,positive,0.09,0,15,YouTube,2026-03-25 14:37:29.608386,0
224,vikram,Great work!,joy,neutral,0.16,0,11,Twitter,2026-03-25 14:38:29.608386,0
225,sara,You are so stupid,anger,negative,0.95,3,17,Instagram,2026-03-25 14:39:29.608386,1
226,vikram,Good effort,joy,neutral,0.26,0,11,Instagram,2026-03-25 14:40:29.608386,0
227,arjun,That's amazing,neutral,neutral,0.05,0,14,Twitter,2026-03-25 14:41:29.608386,0
228,sara,Shut up you fool,anger,negative,0.95,1,16,YouTube,2026-03-25 14:42:29.608386,1
229,rahul,That's amazing,joy,neutral,0.27,0,14,YouTube,2026-03-25 14:43:29.608386,0
230,sara,Shut up you fool,anger,negative,0.75,3,16,Instagram,2026-03-25 14:44:29.608386,1
231,sara,You are so stupid,anger,negative,0.87,1,17,Twitter,2026-03-25 14:45:29.608386,1
232,arjun,That's amazing,neutral,positive,0.14,0,14,YouTube,2026-03-25 14:46:29.608386,0
233,sara,Well done,joy,neutral,0.26,0,9,YouTube,2026-03-25 14:47:29.608386,0
234,meena,Go away idiot,anger,negative,0.88,3,13,Twitter,2026-03-25 14:48:29.608386,1
235,rahul,You are useless,anger,negative,0.98,1,15,YouTube,2026-03-25 14:49:29.608386,1
236,rahul,You are useless,anger,negative,0.94,2,15,YouTube,2026-03-25 14:50:29.608386,1
237,sara,Well done,neutral,positive,0.13,0,9,Twitter,2026-03-25 14:51:29.608386,0
238,anita,Have a nice day,neutral,positive,0.02,0,15,Instagram,2026-03-25 14:52:29.608386,0
239,vikram,Go away idiot,anger,negative,0.91,1,13,Twitter,2026-03-25 14:53:29.608386,1
240,arjun,You are useless,anger,negative,0.98,3,15,YouTube,2026-03-25 14:54:29.608386,1
241,vikram,Great work!,neutral,neutral,0.14,0,11,Twitter,2026-03-25 14:55:29.608386,0
242,meena,Keep going,neutral,neutral,0.01,0,10,Twitter,2026-03-25 14:56:29.608386,0
243,meena,Go away idiot,anger,negative,0.7,3,13,YouTube,2026-03-25 14:57:29.608386,1
244,priya,Keep going,joy,positive,0.05,0,10,Instagram,2026-03-25 14:58:29.608386,0
245,sara,Nobody likes you,anger,negative,0.9,2,16,Twitter,2026-03-25 14:59:29.608386,1
246,arjun,Have a nice day,neutral,neutral,0.08,0,15,Instagram,2026-03-25 15:00:29.608386,0
247,rahul,Have a nice day,joy,neutral,0.12,0,15,Twitter,2026-03-25 15:01:29.608386,0
248,meena,Well done,neutral,neutral,0.09,0,9,YouTube,2026-03-25 15:02:29.608386,0
249,arjun,You are useless,anger,negative,0.95,2,15,Twitter,2026-03-25 15:03:29.608386,1
250,vikram,Great work!,neutral,positive,0.21,0,11,YouTube,2026-03-25 15:04:29.608386,0
251,rahul,You are a loser,anger,negative,0.83,3,15,Twitter,2026-03-25 15:05:29.608386,1
252,anita,Well done,neutral,neutral,0.05,0,9,Instagram,2026-03-25 15:06:29.608386,0
253,meena,Nobody likes you,anger,negative,0.83,1,16,YouTube,2026-03-25 15:07:29.608386,1
254,priya,Well done,neutral,positive,0.02,0,9,YouTube,2026-03-25 15:08:29.608386,0
255,meena,Go away idiot,anger,negative,0.71,2,13,YouTube,2026-03-25 15:09:29.608386,1
256,arjun,You are useless,anger,negative,0.81,2,15,Twitter,2026-03-25 15:10:29.608386,1
257,arjun,You are so stupid,anger,negative,0.84,2,17,Twitter,2026-03-25 15:11:29.608386,1
258,priya,Well done,joy,neutral,0.04,0,9,Instagram,2026-03-25 15:12:29.608386,0
259,priya,Well done,joy,neutral,0.3,0,9,Instagram,2026-03-25 15:13:29.608386,0
260,john,Nobody likes you,anger,negative,0.95,3,16,Instagram,2026-03-25 15:14:29.608386,1
261,sara,Good effort,neutral,positive,0.16,0,11,YouTube,2026-03-25 15:15:29.608386,0
262,anita,Go away idiot,anger,negative,0.89,2,13,Twitter,2026-03-25 15:16:29.608386,1
263,sara,Shut up you fool,anger,negative,0.78,1,16,Twitter,2026-03-25 15:17:29.608386,1
264,vikram,You are so stupid,anger,negative,0.94,2,17,Instagram,2026-03-25 15:18:29.608386,1
265,anita,You are a loser,anger,negative,0.88,1,15,Twitter,2026-03-25 15:19:29.608386,1
266,arjun,Keep going,joy,neutral,0.04,0,10,Twitter,2026-03-25 15:20:29.608386,0
267,arjun,Keep going,neutral,neutral,0.27,0,10,Twitter,2026-03-25 15:21:29.608386,0
268,john,That's amazing,neutral,neutral,0.03,0,14,YouTube,2026-03-25 15:22:29.608386,0
269,anita,Shut up you fool,anger,negative,0.73,1,16,YouTube,2026-03-25 15:23:29.608386,1
270,anita,Great work!,neutral,neutral,0.18,0,11,YouTube,2026-03-25 15:24:29.608386,0
271,arjun,Nobody likes you,anger,negative,0.92,3,16,YouTube,2026-03-25 15:25:29.608386,1
272,john,You are useless,anger,negative,0.89,2,15,YouTube,2026-03-25 15:26:29.608386,1
273,meena,That's amazing,joy,positive,0.3,0,14,Twitter,2026-03-25 15:27:29.608386,0
274,vikram,Keep going,neutral,positive,0.22,0,10,Twitter,2026-03-25 15:28:29.608386,0
275,arjun,Great work!,joy,neutral,0.09,0,11,YouTube,2026-03-25 15:29:29.608386,0
276,rahul,You are a loser,anger,negative,0.71,3,15,YouTube,2026-03-25 15:30:29.608386,1
277,priya,Keep going,neutral,neutral,0.12,0,10,YouTube,2026-03-25 15:31:29.608386,0
278,john,Have a nice day,joy,positive,0.27,0,15,Twitter,2026-03-25 15:32:29.608386,0
279,john,Nobody likes you,anger,negative,0.86,3,16,Twitter,2026-03-25 15:33:29.608386,1
280,rahul,You are a loser,anger,negative,0.85,3,15,YouTube,2026-03-25 15:34:29.608386,1
281,john,Go away idiot,anger,negative,0.86,3,13,Instagram,2026-03-25 15:35:29.608386,1
282,vikram,You are a loser,anger,negative,0.8,2,15,Twitter,2026-03-25 15:36:29.608386,1
283,anita,Keep going,neutral,positive,0.16,0,10,YouTube,2026-03-25 15:37:29.608386,0
284,rahul,You are so stupid,anger,negative,0.75,1,17,YouTube,2026-03-25 15:38:29.608386,1
285,sara,Nobody likes you,anger,negative,0.93,3,16,YouTube,2026-03-25 15:39:29.608386,1
286,vikram,Nobody likes you,anger,negative,1.0,1,16,YouTube,2026-03-25 15:40:29.608386,1
287,arjun,You are a loser,anger,negative,0.99,2,15,Instagram,2026-03-25 15:41:29.608386,1
288,meena,Keep going,neutral,neutral,0.04,0,10,Instagram,2026-03-25 15:42:29.608386,0
289,priya,Shut up you fool,anger,negative,0.74,1,16,Twitter,2026-03-25 15:43:29.608386,1
290,anita,Good effort,neutral,neutral,0.11,0,11,Instagram,2026-03-25 15:44:29.608386,0
291,priya,Well done,neutral,positive,0.16,0,9,YouTube,2026-03-25 15:45:29.608386,0
292,anita,You are so stupid,anger,negative,0.83,3,17,Instagram,2026-03-25 15:46:29.608386,1
293,vikram,Keep going,joy,positive,0.07,0,10,Instagram,2026-03-25 15:47:29.608386,0
294,sara,That's amazing,joy,neutral,0.27,0,14,Twitter,2026-03-25 15:48:29.608386,0
295,priya,You are a loser,anger,negative,0.92,3,15,Instagram,2026-03-25 15:49:29.608386,1
296,meena,Shut up you fool,anger,negative,0.99,2,16,Twitter,2026-03-25 15:50:29.608386,1
297,anita,You are useless,anger,negative,0.98,1,15,Instagram,2026-03-25 15:51:29.608386,1
298,sara,That's amazing,neutral,positive,0.16,0,14,Instagram,2026-03-25 15:52:29.608386,0
299,sara,Nobody likes you,anger,negative,0.92,3,16,Instagram,2026-03-25 15:53:29.608386,1
300,arjun,You are a loser,anger,negative,0.7,1,15,Twitter,2026-03-25 15:54:29.608386,1
301,priya,Well done,joy,positive,0.29,0,9,Instagram,2026-03-25 15:55:29.608386,0
302,rahul,Keep going,neutral,neutral,0.28,0,10,YouTube,2026-03-25 15:56:29.608386,0
303,anita,Keep going,neutral,positive,0.2,0,10,YouTube,2026-03-25 15:57:29.608386,0
304,john,Good effort,neutral,positive,0.1,0,11,Instagram,2026-03-25 15:58:29.608386,0
305,vikram,Go away idiot,anger,negative,0.94,1,13,Twitter,2026-03-25 15:59:29.608386,1
306,anita,Nobody likes you,anger,negative,0.99,2,16,Twitter,2026-03-25 16:00:29.608386,1
307,john,That's amazing,neutral,positive,0.02,0,14,YouTube,2026-03-25 16:01:29.608386,0
308,meena,That's amazing,neutral,positive,0.18,0,14,Twitter,2026-03-25 16:02:29.608386,0
309,vikram,Have a nice day,neutral,neutral,0.14,0,15,Twitter,2026-03-25 16:03:29.608386,0
310,sara,You are a loser,anger,negative,0.72,1,15,Twitter,2026-03-25 16:04:29.608386,1
311,john,Good effort,neutral,neutral,0.06,0,11,Twitter,2026-03-25 16:05:29.608386,0
312,meena,Shut up you fool,anger,negative,0.81,1,16,Twitter,2026-03-25 16:06:29.608386,1
313,rahul,Nobody likes you,anger,negative,0.94,2,16,Twitter,2026-03-25 16:07:29.608386,1
314,sara,Well done,joy,neutral,0.17,0,9,Twitter,2026-03-25 16:08:29.608386,0
315,john,Great work!,joy,neutral,0.12,0,11,YouTube,2026-03-25 16:09:29.608386,0
316,rahul,Have a nice day,joy,positive,0.0,0,15,YouTube,2026-03-25 16:10:29.608386,0
317,arjun,Shut up you fool,anger,negative,0.94,3,16,YouTube,2026-03-25 16:11:29.608386,1
318,vikram,You are useless,anger,negative,0.87,1,15,Twitter,2026-03-25 16:12:29.608386,1
319,vikram,Well done,neutral,neutral,0.29,0,9,Twitter,2026-03-25 16:13:29.608386,0
320,arjun,Shut up you fool,anger,negative,0.98,1,16,YouTube,2026-03-25 16:14:29.608386,1
321,rahul,You are useless,anger,negative,0.98,3,15,YouTube,2026-03-25 16:15:29.608386,1
322,john,You are useless,anger,negative,1.0,3,15,Instagram,2026-03-25 16:16:29.608386,1
323,rahul,Keep going,neutral,positive,0.03,0,10,YouTube,2026-03-25 16:17:29.608386,0
324,john,You are useless,anger,negative,0.89,1,15,Instagram,2026-03-25 16:18:29.608386,1
325,arjun,You are useless,anger,negative,0.71,1,15,Twitter,2026-03-25 16:19:29.608386,1
326,john,You are a loser,anger,negative,0.78,1,15,YouTube,2026-03-25 16:20:29.608386,1
327,anita,You are so stupid,anger,negative,0.9,3,17,Twitter,2026-03-25 16:21:29.608386,1
328,priya,Well done,neutral,neutral,0.28,0,9,Twitter,2026-03-25 16:22:29.608386,0
329,meena,Shut up you fool,anger,negative,0.85,1,16,YouTube,2026-03-25 16:23:29.608386,1
330,rahul,Have a nice day,joy,positive,0.26,0,15,Instagram,2026-03-25 16:24:29.608386,0
331,rahul,Nobody likes you,anger,negative,0.74,2,16,YouTube,2026-03-25 16:25:29.608386,1
332,vikram,Nobody likes you,anger,negative,0.99,2,16,YouTube,2026-03-25 16:26:29.608386,1
333,anita,You are a loser,anger,negative,0.78,1,15,Instagram,2026-03-25 16:27:29.608386,1
334,priya,Good effort,joy,positive,0.13,0,11,Instagram,2026-03-25 16:28:29.608386,0
335,arjun,Well done,neutral,positive,0.07,0,9,Instagram,2026-03-25 16:29:29.608386,0
336,anita,Great work!,neutral,neutral,0.23,0,11,Twitter,2026-03-25 16:30:29.608386,0
337,rahul,You are so stupid,anger,negative,0.91,3,17,YouTube,2026-03-25 16:31:29.608386,1
338,vikram,Great work!,neutral,neutral,0.2,0,11,Twitter,2026-03-25 16:32:29.608386,0
339,vikram,Nobody likes you,anger,negative,0.99,2,16,Instagram,2026-03-25 16:33:29.608386,1
340,rahul,Nobody likes you,anger,negative,0.73,3,16,Instagram,2026-03-25 16:34:29.608386,1
341,meena,Well done,joy,neutral,0.06,0,9,Twitter,2026-03-25 16:35:29.608386,0
342,john,Well done,neutral,positive,0.3,0,9,YouTube,2026-03-25 16:36:29.608386,0
343,anita,Have a nice day,joy,positive,0.25,0,15,Twitter,2026-03-25 16:37:29.608386,0
344,sara,You are so stupid,anger,negative,0.94,1,17,Instagram,2026-03-25 16:38:29.608386,1
345,vikram,That's amazing,joy,positive,0.18,0,14,Instagram,2026-03-25 16:39:29.608386,0
346,meena,Great work!,neutral,positive,0.1,0,11,Twitter,2026-03-25 16:40:29.608386,0
347,john,You are so stupid,anger,negative,0.89,1,17,YouTube,2026-03-25 16:41:29.608386,1
348,meena,You are so stupid,anger,negative,0.98,1,17,YouTube,2026-03-25 16:42:29.608386,1
349,rahul,Well done,neutral,positive,0.28,0,9,Instagram,2026-03-25 16:43:29.608386,0
350,anita,You are useless,anger,negative,0.73,2,15,Instagram,2026-03-25 16:44:29.608386,1
351,arjun,You are a loser,anger,negative,0.71,2,15,Twitter,2026-03-25 16:45:29.608386,1
352,sara,Nobody likes you,anger,negative,0.81,3,16,Instagram,2026-03-25 16:46:29.608386,1
353,rahul,Nobody likes you,anger,negative,0.82,1,16,YouTube,2026-03-25 16:47:29.608386,1
354,john,That's amazing,joy,neutral,0.24,0,14,Instagram,2026-03-25 16:48:29.608386,0
355,john,Nobody likes you,anger,negative,0.92,2,16,YouTube,2026-03-25 16:49:29.608386,1
356,priya,That's amazing,joy,neutral,0.06,0,14,YouTube,2026-03-25 16:50:29.608386,0
357,vikram,You are so stupid,anger,negative,0.75,2,17,Instagram,2026-03-25 16:51:29.608386,1
358,arjun,Great work!,joy,positive,0.2,0,11,Instagram,2026-03-25 16:52:29.608386,0
359,anita,Nobody likes you,anger,negative,0.96,2,16,Instagram,2026-03-25 16:53:29.608386,1
360,priya,Keep going,joy,positive,0.14,0,10,Twitter,2026-03-25 16:54:29.608386,0
361,rahul,Great work!,neutral,neutral,0.14,0,11,Instagram,2026-03-25 16:55:29.608386,0
362,vikram,Great work!,joy,neutral,0.24,0,11,YouTube,2026-03-25 16:56:29.608386,0
363,john,You are so stupid,anger,negative,0.88,2,17,YouTube,2026-03-25 16:57:29.608386,1
364,john,That's amazing,neutral,neutral,0.04,0,14,YouTube,2026-03-25 16:58:29.608386,0
365,john,Nobody likes you,anger,negative,0.92,1,16,Twitter,2026-03-25 16:59:29.608386,1
366,anita,You are a loser,anger,negative,0.97,1,15,Instagram,2026-03-25 17:00:29.608386,1
367,priya,Keep going,neutral,neutral,0.05,0,10,Twitter,2026-03-25 17:01:29.608386,0
368,sara,You are useless,anger,negative,0.78,2,15,Twitter,2026-03-25 17:02:29.608386,1
369,rahul,Go away idiot,anger,negative,0.73,2,13,YouTube,2026-03-25 17:03:29.608386,1
370,anita,Nobody likes you,anger,negative,0.81,3,16,Instagram,2026-03-25 17:04:29.608386,1
371,arjun,That's amazing,joy,positive,0.15,0,14,Twitter,2026-03-25 17:05:29.608386,0
372,priya,You are useless,anger,negative,0.86,2,15,Twitter,2026-03-25 17:06:29.608386,1
373,sara,Shut up you fool,anger,negative,0.71,3,16,Instagram,2026-03-25 17:07:29.608386,1
374,priya,You are a loser,anger,negative,0.73,1,15,Instagram,2026-03-25 17:08:29.608386,1
375,vikram,Have a nice day,joy,positive,0.06,0,15,YouTube,2026-03-25 17:09:29.608386,0
376,arjun,Go away idiot,anger,negative,0.79,3,13,Instagram,2026-03-25 17:10:29.608386,1
377,anita,Have a nice day,joy,neutral,0.23,0,15,Instagram,2026-03-25 17:11:29.608386,0
378,anita,Go away idiot,anger,negative,0.88,3,13,Instagram,2026-03-25 17:12:29.608386,1
379,anita,Great work!,neutral,neutral,0.03,0,11,Twitter,2026-03-25 17:13:29.608386,0
380,rahul,Have a nice day,joy,positive,0.12,0,15,Instagram,2026-03-25 17:14:29.608386,0
381,rahul,Shut up you fool,anger,negative,0.95,1,16,Instagram,2026-03-25 17:15:29.608386,1
382,rahul,Go away idiot,anger,negative,0.86,2,13,Twitter,2026-03-25 17:16:29.608386,1
383,john,That's amazing,joy,positive,0.04,0,14,Twitter,2026-03-25 17:17:29.608386,0
384,anita,You are so stupid,anger,negative,0.81,3,17,Twitter,2026-03-25 17:18:29.608386,1
385,john,That's amazing,joy,neutral,0.29,0,14,Twitter,2026-03-25 17:19:29.608386,0
386,rahul,You are useless,anger,negative,0.76,1,15,Instagram,2026-03-25 17:20:29.608386,1
387,john,Good effort,joy,positive,0.21,0,11,Twitter,2026-03-25 17:21:29.608386,0
388,vikram,Good effort,joy,positive,0.16,0,11,Twitter,2026-03-25 17:22:29.608386,0
389,priya,Have a nice day,joy,positive,0.23,0,15,Instagram,2026-03-25 17:23:29.608386,0
390,sara,Nobody likes you,anger,negative,0.75,3,16,Instagram,2026-03-25 17:24:29.608386,1
391,rahul,You are so stupid,anger,negative,0.7,3,17,Twitter,2026-03-25 17:25:29.608386,1
392,john,You are so stupid,anger,negative,0.93,1,17,Twitter,2026-03-25 17:26:29.608386,1
393,meena,Keep going,neutral,positive,0.03,0,10,YouTube,2026-03-25 17:27:29.608386,0
394,meena,Great work!,joy,positive,0.18,0,11,YouTube,2026-03-25 17:28:29.608386,0
395,meena,Well done,neutral,neutral,0.0,0,9,Instagram,2026-03-25 17:29:29.608386,0
396,vikram,Great work!,neutral,positive,0.07,0,11,Twitter,2026-03-25 17:30:29.608386,0
397,meena,You are a loser,anger,negative,0.81,2,15,Twitter,2026-03-25 17:31:29.608386,1
398,arjun,Good effort,neutral,neutral,0.09,0,11,Twitter,2026-03-25 17:32:29.608386,0
399,vikram,You are a loser,anger,negative,0.75,3,15,YouTube,2026-03-25 17:33:29.608386,1
400,vikram,Go away idiot,anger,negative,0.76,3,13,YouTube,2026-03-25 17:34:29.608386,1
401,sara,Well done,joy,positive,0.07,0,9,Twitter,2026-03-25 17:35:29.608386,0
402,rahul,That's amazing,joy,positive,0.1,0,14,Instagram,2026-03-25 17:36:29.608386,0
403,john,Go away idiot,anger,negative,0.81,2,13,YouTube,2026-03-25 17:37:29.608386,1
404,rahul,Shut up you fool,anger,negative,0.88,3,16,Instagram,2026-03-25 17:38:29.608386,1
405,john,Have a nice day,neutral,neutral,0.2,0,15,Instagram,2026-03-25 17:39:29.608386,0
406,anita,Keep going,joy,positive,0.11,0,10,Instagram,2026-03-25 17:40:29.608386,0
407,vikram,Have a nice day,neutral,neutral,0.05,0,15,Instagram,2026-03-25 17:41:29.608386,0
408,anita,That's amazing,neutral,positive,0.04,0,14,YouTube,2026-03-25 17:42:29.608386,0
409,priya,You are useless,anger,negative,0.75,3,15,Twitter,2026-03-25 17:43:29.608386,1
410,sara,You are useless,anger,negative,0.89,1,15,Instagram,2026-03-25 17:44:29.608386,1
411,priya,Good effort,neutral,positive,0.2,0,11,Twitter,2026-03-25 17:45:29.608386,0
412,meena,Nobody likes you,anger,negative,0.86,2,16,Instagram,2026-03-25 17:46:29.608386,1
413,rahul,You are useless,anger,negative,0.97,3,15,Instagram,2026-03-25 17:47:29.608386,1
414,sara,Have a nice day,neutral,positive,0.25,0,15,YouTube,2026-03-25 17:48:29.608386,0
415,john,Nobody likes you,anger,negative,0.94,2,16,YouTube,2026-03-25 17:49:29.608386,1
416,anita,Good effort,neutral,positive,0.14,0,11,Instagram,2026-03-25 17:50:29.608386,0
417,meena,Well done,neutral,positive,0.02,0,9,YouTube,2026-03-25 17:51:29.608386,0
418,john,You are a loser,anger,negative,0.71,1,15,Instagram,2026-03-25 17:52:29.608386,1
419,rahul,Great work!,joy,neutral,0.14,0,11,Instagram,2026-03-25 17:53:29.608386,0
420,anita,Shut up you fool,anger,negative,0.77,2,16,YouTube,2026-03-25 17:54:29.608386,1
421,arjun,Good effort,joy,neutral,0.05,0,11,YouTube,2026-03-25 17:55:29.608386,0
422,anita,Have a nice day,joy,positive,0.3,0,15,YouTube,2026-03-25 17:56:29.608386,0
423,priya,Well done,joy,neutral,0.3,0,9,YouTube,2026-03-25 17:57:29.608386,0
424,priya,You are so stupid,anger,negative,0.96,2,17,YouTube,2026-03-25 17:58:29.608386,1
425,john,Go away idiot,anger,negative,0.91,2,13,Instagram,2026-03-25 17:59:29.608386,1
426,john,You are a loser,anger,negative,0.99,1,15,Twitter,2026-03-25 18:00:29.608386,1
427,john,That's amazing,joy,neutral,0.02,0,14,YouTube,2026-03-25 18:01:29.608386,0
428,rahul,Nobody likes you,anger,negative,0.76,3,16,Instagram,2026-03-25 18:02:29.608386,1
429,sara,Well done,neutral,neutral,0.18,0,9,YouTube,2026-03-25 18:03:29.608386,0
430,priya,Have a nice day,neutral,neutral,0.23,0,15,Twitter,2026-03-25 18:04:29.608386,0
431,sara,Well done,joy,neutral,0.13,0,9,Instagram,2026-03-25 18:05:29.608386,0
432,arjun,Great work!,neutral,neutral,0.18,0,11,Twitter,2026-03-25 18:06:29.608386,0
433,anita,Nobody likes you,anger,negative,0.85,3,16,Twitter,2026-03-25 18:07:29.608386,1
434,anita,Have a nice day,neutral,neutral,0.18,0,15,Twitter,2026-03-25 18:08:29.608386,0
435,john,Have a nice day,joy,positive,0.28,0,15,YouTube,2026-03-25 18:09:29.608386,0
436,vikram,Shut up you fool,anger,negative,0.98,2,16,Twitter,2026-03-25 18:10:29.608386,1
437,meena,Have a nice day,neutral,positive,0.27,0,15,YouTube,2026-03-25 18:11:29.608386,0
438,vikram,Well done,joy,neutral,0.13,0,9,Instagram,2026-03-25 18:12:29.608386,0
439,arjun,Great work!,joy,neutral,0.06,0,11,Twitter,2026-03-25 18:13:29.608386,0
440,arjun,Shut up you fool,anger,negative,0.78,2,16,Instagram,2026-03-25 18:14:29.608386,1
441,rahul,Go away idiot,anger,negative,0.9,2,13,Instagram,2026-03-25 18:15:29.608386,1
442,arjun,That's amazing,neutral,neutral,0.08,0,14,Twitter,2026-03-25 18:16:29.608386,0
443,john,That's amazing,neutral,neutral,0.05,0,14,YouTube,2026-03-25 18:17:29.608386,0
444,priya,Nobody likes you,anger,negative,0.85,3,16,Twitter,2026-03-25 18:18:29.608386,1
445,vikram,You are a loser,anger,negative,0.84,2,15,Instagram,2026-03-25 18:19:29.608386,1
446,priya,Go away idiot,anger,negative,0.95,3,13,Instagram,2026-03-25 18:20:29.608386,1
447,anita,You are a loser,anger,negative,0.89,3,15,YouTube,2026-03-25 18:21:29.608386,1
448,arjun,You are useless,anger,negative,0.92,1,15,YouTube,2026-03-25 18:22:29.608386,1
449,sara,Great work!,joy,positive,0.14,0,11,Instagram,2026-03-25 18:23:29.608386,0
450,meena,Go away idiot,anger,negative,0.98,1,13,Instagram,2026-03-25 18:24:29.608386,1
451,john,Nobody likes you,anger,negative,0.76,1,16,Instagram,2026-03-25 18:25:29.608386,1
452,anita,You are a loser,anger,negative,0.98,1,15,Instagram,2026-03-25 18:26:29.608386,1
453,meena,You are a loser,anger,negative,0.93,1,15,Instagram,2026-03-25 18:27:29.608386,1
454,john,Nobody likes you,anger,negative,0.76,2,16,Instagram,2026-03-25 18:28:29.608386,1
455,priya,Great work!,neutral,positive,0.01,0,11,Twitter,2026-03-25 18:29:29.608386,0
456,vikram,Go away idiot,anger,negative,0.78,2,13,Twitter,2026-03-25 18:30:29.608386,1
457,meena,Shut up you fool,anger,negative,0.74,1,16,YouTube,2026-03-25 18:31:29.608386,1
458,anita,You are a loser,anger,negative,0.97,2,15,Twitter,2026-03-25 18:32:29.608386,1
459,john,That's amazing,neutral,positive,0.02,0,14,Instagram,2026-03-25 18:33:29.608386,0
460,john,Shut up you fool,anger,negative,0.79,2,16,Instagram,2026-03-25 18:34:29.608386,1
461,sara,Keep going,neutral,neutral,0.15,0,10,Instagram,2026-03-25 18:35:29.608386,0
462,priya,You are a loser,anger,negative,0.99,3,15,YouTube,2026-03-25 18:36:29.608386,1
463,sara,Well done,joy,positive,0.17,0,9,Instagram,2026-03-25 18:37:29.608386,0
464,priya,Shut up you fool,anger,negative,1.0,1,16,Twitter,2026-03-25 18:38:29.608386,1
465,sara,You are a loser,anger,negative,0.76,2,15,YouTube,2026-03-25 18:39:29.608386,1
466,arjun,Shut up you fool,anger,negative,0.77,2,16,Twitter,2026-03-25 18:40:29.608386,1
467,priya,Go away idiot,anger,negative,0.84,3,13,Instagram,2026-03-25 18:41:29.608386,1
468,arjun,You are so stupid,anger,negative,0.89,2,17,Twitter,2026-03-25 18:42:29.608386,1
469,john,You are a loser,anger,negative,0.7,2,15,YouTube,2026-03-25 18:43:29.608386,1
470,arjun,Keep going,neutral,neutral,0.04,0,10,YouTube,2026-03-25 18:44:29.608386,0
471,vikram,Nobody likes you,anger,negative,0.73,3,16,Twitter,2026-03-25 18:45:29.608386,1
472,sara,Good effort,joy,neutral,0.07,0,11,Twitter,2026-03-25 18:46:29.608386,0
473,vikram,You are a loser,anger,negative,0.9,1,15,YouTube,2026-03-25 18:47:29.608386,1
474,meena,Keep going,joy,positive,0.19,0,10,Twitter,2026-03-25 18:48:29.608386,0
475,john,You are so stupid,anger,negative,0.87,3,17,YouTube,2026-03-25 18:49:29.608386,1
476,meena,That's amazing,joy,neutral,0.18,0,14,YouTube,2026-03-25 18:50:29.608386,0
477,anita,Nobody likes you,anger,negative,0.72,3,16,YouTube,2026-03-25 18:51:29.608386,1
478,rahul,You are so stupid,anger,negative,0.84,3,17,YouTube,2026-03-25 18:52:29.608386,1
479,john,Keep going,joy,neutral,0.3,0,10,Twitter,2026-03-25 18:53:29.608386,0
480,priya,You are a loser,anger,negative,0.8,1,15,YouTube,2026-03-25 18:54:29.608386,1
481,sara,Well done,neutral,neutral,0.29,0,9,YouTube,2026-03-25 18:55:29.608386,0
482,arjun,Go away idiot,anger,negative,0.9,1,13,Twitter,2026-03-25 18:56:29.608386,1
483,vikram,Go away idiot,anger,negative,0.92,2,13,Twitter,2026-03-25 18:57:29.608386,1
484,rahul,Good effort,joy,positive,0.3,0,11,Twitter,2026-03-25 18:58:29.608386,0
485,anita,You are useless,anger,negative,0.72,2,15,Instagram,2026-03-25 18:59:29.608386,1
486,meena,Great work!,neutral,neutral,0.13,0,11,Twitter,2026-03-25 19:00:29.608386,0
487,vikram,Nobody likes you,anger,negative,0.96,1,16,Twitter,2026-03-25 19:01:29.608386,1
488,priya,Go away idiot,anger,negative,0.79,1,13,YouTube,2026-03-25 19:02:29.608386,1
489,rahul,Great work!,joy,positive,0.21,0,11,YouTube,2026-03-25 19:03:29.608386,0
490,arjun,That's amazing,joy,positive,0.22,0,14,Instagram,2026-03-25 19:04:29.608386,0
491,sara,You are useless,anger,negative,0.81,1,15,Twitter,2026-03-25 19:05:29.608386,1
492,john,Keep going,neutral,neutral,0.01,0,10,Instagram,2026-03-25 19:06:29.608386,0
493,john,Great work!,joy,positive,0.01,0,11,YouTube,2026-03-25 19:07:29.608386,0
494,arjun,Shut up you fool,anger,negative,0.84,3,16,Twitter,2026-03-25 19:08:29.608386,1
495,john,You are so stupid,anger,negative,0.95,2,17,Twitter,2026-03-25 19:09:29.608386,1
496,arjun,Have a nice day,neutral,neutral,0.02,0,15,Instagram,2026-03-25 19:10:29.608386,0
497,john,Great work!,joy,positive,0.13,0,11,YouTube,2026-03-25 19:11:29.608386,0
498,priya,Go away idiot,anger,negative,0.99,3,13,Twitter,2026-03-25 19:12:29.608386,1
499,priya,That's amazing,joy,neutral,0.0,0,14,Instagram,2026-03-25 19:13:29.608386,0
500,rahul,That's amazing,neutral,neutral,0.08,0,14,Twitter,2026-03-25 19:14:29.608386,0
501,priya,Good effort,joy,neutral,0.08,0,11,YouTube,2026-03-25 19:15:29.608386,0
502,meena,Shut up you fool,anger,negative,0.96,2,16,Twitter,2026-03-25 19:16:29.608386,1
503,anita,Great work!,neutral,positive,0.05,0,11,Instagram,2026-03-25 19:17:29.608386,0
504,anita,Have a nice day,neutral,positive,0.16,0,15,Twitter,2026-03-25 19:18:29.608386,0
505,john,Have a nice day,joy,neutral,0.1,0,15,YouTube,2026-03-25 19:19:29.608386,0
506,anita,That's amazing,neutral,neutral,0.13,0,14,YouTube,2026-03-25 19:20:29.608386,0
507,vikram,Good effort,joy,positive,0.14,0,11,YouTube,2026-03-25 19:21:29.608386,0
508,anita,Well done,joy,neutral,0.02,0,9,Instagram,2026-03-25 19:22:29.608386,0
509,sara,Have a nice day,joy,neutral,0.25,0,15,Twitter,2026-03-25 19:23:29.608386,0
510,anita,Keep going,joy,neutral,0.14,0,10,Twitter,2026-03-25 19:24:29.608386,0
511,john,Shut up you fool,anger,negative,0.99,2,16,Twitter,2026-03-25 19:25:29.608386,1
512,anita,Go away idiot,anger,negative,0.71,3,13,Twitter,2026-03-25 19:26:29.608386,1
513,anita,You are useless,anger,negative,0.83,2,15,Twitter,2026-03-25 19:27:29.608386,1
514,john,Great work!,neutral,neutral,0.09,0,11,YouTube,2026-03-25 19:28:29.608386,0
515,meena,Shut up you fool,anger,negative,0.9,1,16,Instagram,2026-03-25 19:29:29.608386,1
516,priya,Nobody likes you,anger,negative,0.94,3,16,Instagram,2026-03-25 19:30:29.608386,1
517,arjun,Nobody likes you,anger,negative,0.87,2,16,Twitter,2026-03-25 19:31:29.608386,1
518,arjun,You are so stupid,anger,negative,0.85,1,17,YouTube,2026-03-25 19:32:29.608386,1
519,john,Good effort,neutral,positive,0.16,0,11,Instagram,2026-03-25 19:33:29.608386,0
520,john,Go away idiot,anger,negative,0.74,3,13,Instagram,2026-03-25 19:34:29.608386,1
521,rahul,You are useless,anger,negative,0.92,1,15,Twitter,2026-03-25 19:35:29.608386,1
522,priya,Nobody likes you,anger,negative,0.96,3,16,YouTube,2026-03-25 19:36:29.608386,1
523,meena,You are so stupid,anger,negative,0.96,3,17,YouTube,2026-03-25 19:37:29.608386,1
524,john,That's amazing,neutral,neutral,0.22,0,14,Twitter,2026-03-25 19:38:29.608386,0
525,rahul,Nobody likes you,anger,negative,0.98,2,16,Twitter,2026-03-25 19:39:29.608386,1
526,anita,Nobody likes you,anger,negative,0.79,3,16,YouTube,2026-03-25 19:40:29.608386,1
527,priya,Good effort,joy,neutral,0.01,0,11,Instagram,2026-03-25 19:41:29.608386,0
528,arjun,Shut up you fool,anger,negative,0.93,3,16,Twitter,2026-03-25 19:42:29.608386,1
529,vikram,Nobody likes you,anger,negative,0.76,3,16,Instagram,2026-03-25 19:43:29.608386,1
530,anita,Great work!,joy,neutral,0.04,0,11,Instagram,2026-03-25 19:44:29.608386,0
531,john,Have a nice day,neutral,neutral,0.1,0,15,YouTube,2026-03-25 19:45:29.608386,0
532,rahul,Shut up you fool,anger,negative,0.93,1,16,Twitter,2026-03-25 19:46:29.608386,1
533,priya,You are a loser,anger,negative,0.92,1,15,Instagram,2026-03-25 19:47:29.608386,1
534,meena,Good effort,neutral,positive,0.09,0,11,Instagram,2026-03-25 19:48:29.608386,0
535,priya,Go away idiot,anger,negative,0.91,3,13,Twitter,2026-03-25 19:49:29.608386,1
536,priya,You are a loser,anger,negative,0.94,1,15,Instagram,2026-03-25 19:50:29.608386,1
537,sara,Go away idiot,anger,negative,0.87,2,13,Twitter,2026-03-25 19:51:29.608386,1
538,vikram,You are so stupid,anger,negative,0.83,1,17,YouTube,2026-03-25 19:52:29.608386,1
539,rahul,Keep going,joy,positive,0.29,0,10,Instagram,2026-03-25 19:53:29.608386,0
540,john,Go away idiot,anger,negative,0.75,1,13,YouTube,2026-03-25 19:54:29.608386,1
541,vikram,You are so stupid,anger,negative,0.94,2,17,YouTube,2026-03-25 19:55:29.608386,1
542,arjun,Go away idiot,anger,negative,0.81,1,13,YouTube,2026-03-25 19:56:29.608386,1
543,sara,Keep going,neutral,positive,0.09,0,10,YouTube,2026-03-25 19:57:29.608386,0
544,priya,Shut up you fool,anger,negative,0.88,3,16,Instagram,2026-03-25 19:58:29.608386,1
545,rahul,Great work!,joy,neutral,0.05,0,11,YouTube,2026-03-25 19:59:29.608386,0
546,john,Well done,joy,positive,0.3,0,9,Twitter,2026-03-25 20:00:29.608386,0
547,sara,You are useless,anger,negative,0.95,3,15,Instagram,2026-03-25 20:01:29.608386,1
548,sara,Have a nice day,neutral,positive,0.07,0,15,Instagram,2026-03-25 20:02:29.608386,0
549,priya,Good effort,joy,positive,0.12,0,11,Twitter,2026-03-25 20:03:29.608386,0
550,anita,You are so stupid,anger,negative,0.72,3,17,Instagram,2026-03-25 20:04:29.608386,1
551,john,You are a loser,anger,negative,0.83,3,15,Instagram,2026-03-25 20:05:29.608386,1
552,rahul,Shut up you fool,anger,negative,0.98,1,16,Twitter,2026-03-25 20:06:29.608386,1
553,sara,Good effort,joy,neutral,0.29,0,11,Twitter,2026-03-25 20:07:29.608386,0
554,sara,Go away idiot,anger,negative,0.75,2,13,YouTube,2026-03-25 20:08:29.608386,1
555,john,That's amazing,joy,positive,0.24,0,14,Twitter,2026-03-25 20:09:29.608386,0
556,vikram,Keep going,joy,neutral,0.05,0,10,YouTube,2026-03-25 20:10:29.608386,0
557,arjun,Shut up you fool,anger,negative,0.75,1,16,Twitter,2026-03-25 20:11:29.608386,1
558,vikram,That's amazing,neutral,positive,0.12,0,14,Twitter,2026-03-25 20:12:29.608386,0
559,arjun,You are useless,anger,negative,1.0,3,15,YouTube,2026-03-25 20:13:29.608386,1
560,john,Have a nice day,joy,neutral,0.09,0,15,Twitter,2026-03-25 20:14:29.608386,0
561,meena,Keep going,joy,positive,0.22,0,10,YouTube,2026-03-25 20:15:29.608386,0
562,john,Shut up you fool,anger,negative,0.87,3,16,Twitter,2026-03-25 20:16:29.608386,1
563,arjun,Great work!,neutral,neutral,0.03,0,11,Twitter,2026-03-25 20:17:29.608386,0
564,arjun,Go away idiot,anger,negative,0.86,1,13,Twitter,2026-03-25 20:18:29.608386,1
565,sara,Shut up you fool,anger,negative,0.84,1,16,YouTube,2026-03-25 20:19:29.608386,1
566,rahul,Well done,joy,positive,0.06,0,9,Twitter,2026-03-25 20:20:29.608386,0
567,anita,You are so stupid,anger,negative,0.94,2,17,YouTube,2026-03-25 20:21:29.608386,1
568,meena,Well done,joy,neutral,0.11,0,9,Instagram,2026-03-25 20:22:29.608386,0
569,arjun,Great work!,neutral,positive,0.21,0,11,Twitter,2026-03-25 20:23:29.608386,0
570,meena,Great work!,neutral,positive,0.29,0,11,YouTube,2026-03-25 20:24:29.608386,0
571,rahul,You are a loser,anger,negative,0.98,1,15,Instagram,2026-03-25 20:25:29.608386,1
572,rahul,Nobody likes you,anger,negative,0.7,2,16,YouTube,2026-03-25 20:26:29.608386,1
573,priya,You are useless,anger,negative,0.98,3,15,Instagram,2026-03-25 20:27:29.608386,1
574,rahul,Shut up you fool,anger,negative,0.98,2,16,Twitter,2026-03-25 20:28:29.608386,1
575,arjun,You are useless,anger,negative,0.79,3,15,Instagram,2026-03-25 20:29:29.608386,1
576,meena,Well done,neutral,positive,0.27,0,9,Twitter,2026-03-25 20:30:29.608386,0
577,sara,You are so stupid,anger,negative,0.77,3,17,Instagram,2026-03-25 20:31:29.608386,1
578,meena,That's amazing,neutral,positive,0.13,0,14,Instagram,2026-03-25 20:32:29.608386,0
579,priya,You are so stupid,anger,negative,0.92,3,17,YouTube,2026-03-25 20:33:29.608386,1
580,anita,You are useless,anger,negative,0.91,3,15,Instagram,2026-03-25 20:34:29.608386,1
581,anita,That's amazing,neutral,neutral,0.08,0,14,Instagram,2026-03-25 20:35:29.608386,0
582,meena,That's amazing,neutral,neutral,0.13,0,14,YouTube,2026-03-25 20:36:29.608386,0
583,priya,Well done,neutral,positive,0.28,0,9,YouTube,2026-03-25 20:37:29.608386,0
584,rahul,Great work!,neutral,neutral,0.22,0,11,Twitter,2026-03-25 20:38:29.608386,0
585,john,Have a nice day,neutral,positive,0.09,0,15,YouTube,2026-03-25 20:39:29.608386,0
586,priya,You are useless,anger,negative,0.93,3,15,Twitter,2026-03-25 20:40:29.608386,1
587,vikram,You are so stupid,anger,negative,0.76,3,17,Instagram,2026-03-25 20:41:29.608386,1
588,priya,Have a nice day,joy,positive,0.27,0,15,YouTube,2026-03-25 20:42:29.608386,0
589,meena,You are so stupid,anger,negative,0.81,3,17,YouTube,2026-03-25 20:43:29.608386,1
590,john,Shut up you fool,anger,negative,0.87,2,16,YouTube,2026-03-25 20:44:29.608386,1
591,sara,Well done,joy,neutral,0.09,0,9,Twitter,2026-03-25 20:45:29.608386,0
592,sara,Go away idiot,anger,negative,0.73,2,13,YouTube,2026-03-25 20:46:29.608386,1
593,vikram,Good effort,neutral,positive,0.16,0,11,Instagram,2026-03-25 20:47:29.608386,0
594,john,Go away idiot,anger,negative,0.77,1,13,YouTube,2026-03-25 20:48:29.608386,1
595,anita,You are so stupid,anger,negative,0.71,1,17,YouTube,2026-03-25 20:49:29.608386,1
596,john,Nobody likes you,anger,negative,0.73,3,16,Instagram,2026-03-25 20:50:29.608386,1
597,john,You are so stupid,anger,negative,0.99,2,17,YouTube,2026-03-25 20:51:29.608386,1
598,john,Keep going,joy,neutral,0.25,0,10,YouTube,2026-03-25 20:52:29.608386,0
599,anita,Keep going,joy,neutral,0.28,0,10,YouTube,2026-03-25 20:53:29.608386,0
600,anita,Great work!,joy,neutral,0.28,0,11,Twitter,2026-03-25 20:54:29.608386,0
601,sara,Well done,joy,positive,0.22,0,9,YouTube,2026-03-25 20:55:29.608386,0
602,anita,Nobody likes you,anger,negative,0.99,1,16,Instagram,2026-03-25 20:56:29.608386,1
603,meena,Go away idiot,anger,negative,0.99,1,13,YouTube,2026-03-25 20:57:29.608386,1
604,rahul,That's amazing,joy,neutral,0.27,0,14,Instagram,2026-03-25 20:58:29.608386,0
605,anita,Great work!,neutral,neutral,0.2,0,11,YouTube,2026-03-25 20:59:29.608386,0
606,john,You are so stupid,anger,negative,0.81,1,17,YouTube,2026-03-25 21:00:29.608386,1
607,anita,Go away idiot,anger,negative,0.78,2,13,Instagram,2026-03-25 21:01:29.608386,1
608,sara,You are useless,anger,negative,0.96,2,15,YouTube,2026-03-25 21:02:29.608386,1
609,priya,Nobody likes you,anger,negative,0.84,2,16,Instagram,2026-03-25 21:03:29.608386,1
610,vikram,Well done,joy,positive,0.01,0,9,Instagram,2026-03-25 21:04:29.608386,0
611,arjun,Shut up you fool,anger,negative,0.96,2,16,YouTube,2026-03-25 21:05:29.608386,1
612,vikram,Go away idiot,anger,negative,0.92,3,13,Twitter,2026-03-25 21:06:29.608386,1
613,arjun,Well done,neutral,neutral,0.17,0,9,Twitter,2026-03-25 21:07:29.608386,0
614,sara,Shut up you fool,anger,negative,0.97,1,16,YouTube,2026-03-25 21:08:29.608386,1
615,john,Nobody likes you,anger,negative,0.97,2,16,YouTube,2026-03-25 21:09:29.608386,1
616,meena,Shut up you fool,anger,negative,0.8,3,16,Twitter,2026-03-25 21:10:29.608386,1
617,vikram,You are useless,anger,negative,0.99,3,15,Instagram,2026-03-25 21:11:29.608386,1
618,john,Go away idiot,anger,negative,0.89,2,13,YouTube,2026-03-25 21:12:29.608386,1
619,vikram,You are useless,anger,negative,0.74,1,15,Twitter,2026-03-25 21:13:29.608386,1
620,john,Well done,neutral,neutral,0.04,0,9,Twitter,2026-03-25 21:14:29.608386,0
621,sara,You are so stupid,anger,negative,0.92,3,17,Twitter,2026-03-25 21:15:29.608386,1
622,meena,You are a loser,anger,negative,0.88,3,15,YouTube,2026-03-25 21:16:29.608386,1
623,meena,Well done,joy,positive,0.17,0,9,Twitter,2026-03-25 21:17:29.608386,0
624,vikram,Go away idiot,anger,negative,0.94,2,13,YouTube,2026-03-25 21:18:29.608386,1
625,meena,That's amazing,joy,neutral,0.29,0,14,Twitter,2026-03-25 21:19:29.608386,0
626,priya,Keep going,neutral,neutral,0.24,0,10,Instagram,2026-03-25 21:20:29.608386,0
627,arjun,You are useless,anger,negative,0.75,3,15,Twitter,2026-03-25 21:21:29.608386,1
628,sara,Shut up you fool,anger,negative,0.96,3,16,YouTube,2026-03-25 21:22:29.608386,1
629,arjun,Keep going,joy,neutral,0.16,0,10,Twitter,2026-03-25 21:23:29.608386,0
630,meena,Keep going,neutral,neutral,0.26,0,10,Twitter,2026-03-25 21:24:29.608386,0
631,john,That's amazing,joy,positive,0.21,0,14,Instagram,2026-03-25 21:25:29.608386,0
632,meena,Keep going,joy,positive,0.3,0,10,Twitter,2026-03-25 21:26:29.608386,0
633,priya,That's amazing,joy,positive,0.21,0,14,YouTube,2026-03-25 21:27:29.608386,0
634,rahul,Go away idiot,anger,negative,0.83,1,13,Instagram,2026-03-25 21:28:29.608386,1
635,arjun,Shut up you fool,anger,negative,0.76,1,16,Instagram,2026-03-25 21:29:29.608386,1
636,sara,You are so stupid,anger,negative,0.76,2,17,Instagram,2026-03-25 21:30:29.608386,1
637,meena,You are a loser,anger,negative,0.83,2,15,YouTube,2026-03-25 21:31:29.608386,1
638,sara,Good effort,neutral,neutral,0.3,0,11,Instagram,2026-03-25 21:32:29.608386,0
639,priya,Great work!,joy,neutral,0.13,0,11,Twitter,2026-03-25 21:33:29.608386,0
640,meena,You are useless,anger,negative,0.9,1,15,YouTube,2026-03-25 21:34:29.608386,1
641,rahul,Shut up you fool,anger,negative,0.79,2,16,YouTube,2026-03-25 21:35:29.608386,1
642,meena,You are useless,anger,negative,0.74,2,15,Instagram,2026-03-25 21:36:29.608386,1
643,anita,You are useless,anger,negative,0.98,1,15,Twitter,2026-03-25 21:37:29.608386,1
644,sara,Well done,neutral,neutral,0.17,0,9,YouTube,2026-03-25 21:38:29.608386,0
645,arjun,You are useless,anger,negative,0.77,2,15,Instagram,2026-03-25 21:39:29.608386,1
646,arjun,You are useless,anger,negative,0.8,3,15,YouTube,2026-03-25 21:40:29.608386,1
647,sara,Good effort,neutral,positive,0.12,0,11,YouTube,2026-03-25 21:41:29.608386,0
648,john,That's amazing,joy,positive,0.06,0,14,YouTube,2026-03-25 21:42:29.608386,0
649,priya,Keep going,neutral,positive,0.08,0,10,Twitter,2026-03-25 21:43:29.608386,0
650,meena,Go away idiot,anger,negative,0.99,2,13,Twitter,2026-03-25 21:44:29.608386,1
651,rahul,Great work!,joy,positive,0.15,0,11,Twitter,2026-03-25 21:45:29.608386,0
652,priya,You are so stupid,anger,negative,0.96,1,17,Twitter,2026-03-25 21:46:29.608386,1
653,arjun,Go away idiot,anger,negative,0.79,1,13,Instagram,2026-03-25 21:47:29.608386,1
654,priya,You are useless,anger,negative,0.89,1,15,Twitter,2026-03-25 21:48:29.608386,1
655,rahul,Keep going,joy,neutral,0.06,0,10,Twitter,2026-03-25 21:49:29.608386,0
656,rahul,You are useless,anger,negative,0.87,1,15,Instagram,2026-03-25 21:50:29.608386,1
657,meena,You are a loser,anger,negative,0.88,1,15,YouTube,2026-03-25 21:51:29.608386,1
658,meena,You are a loser,anger,negative,0.79,1,15,YouTube,2026-03-25 21:52:29.608386,1
659,rahul,You are so stupid,anger,negative,0.93,1,17,Twitter,2026-03-25 21:53:29.608386,1
660,rahul,Well done,neutral,neutral,0.19,0,9,Twitter,2026-03-25 21:54:29.608386,0
661,anita,Well done,joy,neutral,0.13,0,9,Instagram,2026-03-25 21:55:29.608386,0
662,meena,Keep going,neutral,neutral,0.09,0,10,Instagram,2026-03-25 21:56:29.608386,0
663,rahul,Keep going,neutral,positive,0.19,0,10,Instagram,2026-03-25 21:57:29.608386,0
664,arjun,Go away idiot,anger,negative,0.85,2,13,Instagram,2026-03-25 21:58:29.608386,1
665,john,Keep going,joy,neutral,0.02,0,10,YouTube,2026-03-25 21:59:29.608386,0
666,meena,Have a nice day,joy,neutral,0.14,0,15,Twitter,2026-03-25 22:00:29.608386,0
667,meena,Shut up you fool,anger,negative,0.88,1,16,YouTube,2026-03-25 22:01:29.608386,1
668,anita,You are a loser,anger,negative,0.9,2,15,Twitter,2026-03-25 22:02:29.608386,1
669,priya,You are so stupid,anger,negative,0.79,1,17,Twitter,2026-03-25 22:03:29.608386,1
670,vikram,You are a loser,anger,negative,0.93,3,15,YouTube,2026-03-25 22:04:29.608386,1
671,meena,Shut up you fool,anger,negative,0.98,3,16,YouTube,2026-03-25 22:05:29.608386,1
672,sara,Good effort,neutral,neutral,0.09,0,11,YouTube,2026-03-25 22:06:29.608386,0
673,meena,Shut up you fool,anger,negative,0.73,1,16,Instagram,2026-03-25 22:07:29.608386,1
674,sara,That's amazing,neutral,neutral,0.01,0,14,Twitter,2026-03-25 22:08:29.608386,0
675,john,Have a nice day,neutral,positive,0.16,0,15,Instagram,2026-03-25 22:09:29.608386,0
676,priya,Good effort,neutral,neutral,0.25,0,11,Instagram,2026-03-25 22:10:29.608386,0
677,meena,Good effort,joy,neutral,0.28,0,11,Twitter,2026-03-25 22:11:29.608386,0
678,rahul,You are so stupid,anger,negative,0.73,1,17,Instagram,2026-03-25 22:12:29.608386,1
679,priya,Good effort,neutral,neutral,0.03,0,11,Twitter,2026-03-25 22:13:29.608386,0
680,sara,Good effort,joy,positive,0.23,0,11,YouTube,2026-03-25 22:14:29.608386,0
681,meena,Have a nice day,joy,neutral,0.27,0,15,Instagram,2026-03-25 22:15:29.608386,0
682,meena,You are a loser,anger,negative,0.91,1,15,Instagram,2026-03-25 22:16:29.608386,1
683,sara,Good effort,neutral,neutral,0.26,0,11,YouTube,2026-03-25 22:17:29.608386,0
684,anita,You are a loser,anger,negative,0.86,2,15,Instagram,2026-03-25 22:18:29.608386,1
685,arjun,You are so stupid,anger,negative,0.75,1,17,YouTube,2026-03-25 22:19:29.608386,1
686,rahul,Well done,joy,positive,0.1,0,9,YouTube,2026-03-25 22:20:29.608386,0
687,meena,You are useless,anger,negative,0.83,3,15,Instagram,2026-03-25 22:21:29.608386,1
688,john,Good effort,joy,positive,0.1,0,11,YouTube,2026-03-25 22:22:29.608386,0
689,meena,Shut up you fool,anger,negative,0.76,2,16,Twitter,2026-03-25 22:23:29.608386,1
690,meena,You are so stupid,anger,negative,0.72,1,17,YouTube,2026-03-25 22:24:29.608386,1
691,john,Have a nice day,joy,neutral,0.12,0,15,YouTube,2026-03-25 22:25:29.608386,0
692,arjun,Shut up you fool,anger,negative,0.82,1,16,YouTube,2026-03-25 22:26:29.608386,1
693,arjun,That's amazing,neutral,positive,0.21,0,14,Twitter,2026-03-25 22:27:29.608386,0
694,priya,Keep going,neutral,neutral,0.02,0,10,YouTube,2026-03-25 22:28:29.608386,0
695,meena,Great work!,neutral,positive,0.01,0,11,Instagram,2026-03-25 22:29:29.608386,0
696,john,You are so stupid,anger,negative,0.72,2,17,Twitter,2026-03-25 22:30:29.608386,1
697,rahul,You are so stupid,anger,negative,0.93,1,17,YouTube,2026-03-25 22:31:29.608386,1
698,sara,Great work!,neutral,neutral,0.09,0,11,Twitter,2026-03-25 22:32:29.608386,0
699,arjun,Have a nice day,neutral,positive,0.18,0,15,Instagram,2026-03-25 22:33:29.608386,0
700,rahul,Nobody likes you,anger,negative,0.97,2,16,Twitter,2026-03-25 22:34:29.608386,1
701,anita,Have a nice day,neutral,neutral,0.04,0,15,Instagram,2026-03-25 22:35:29.608386,0
702,rahul,Shut up you fool,anger,negative,0.94,3,16,Twitter,2026-03-25 22:36:29.608386,1
703,john,Good effort,joy,positive,0.04,0,11,YouTube,2026-03-25 22:37:29.608386,0
704,sara,That's amazing,joy,neutral,0.0,0,14,Twitter,2026-03-25 22:38:29.608386,0
705,sara,Good effort,joy,neutral,0.23,0,11,YouTube,2026-03-25 22:39:29.608386,0
706,vikram,Good effort,neutral,positive,0.16,0,11,Instagram,2026-03-25 22:40:29.608386,0
707,rahul,Great work!,neutral,neutral,0.18,0,11,Instagram,2026-03-25 22:41:29.608386,0
708,john,That's amazing,neutral,positive,0.22,0,14,Twitter,2026-03-25 22:42:29.608386,0
709,john,You are so stupid,anger,negative,0.86,2,17,YouTube,2026-03-25 22:43:29.608386,1
710,arjun,That's amazing,neutral,neutral,0.07,0,14,YouTube,2026-03-25 22:44:29.608386,0
711,meena,Keep going,neutral,positive,0.27,0,10,Twitter,2026-03-25 22:45:29.608386,0
712,anita,You are so stupid,anger,negative,0.97,1,17,YouTube,2026-03-25 22:46:29.608386,1
713,meena,Well done,neutral,neutral,0.1,0,9,YouTube,2026-03-25 22:47:29.608386,0
714,sara,Good effort,neutral,positive,0.14,0,11,Instagram,2026-03-25 22:48:29.608386,0
715,john,Keep going,joy,positive,0.0,0,10,Instagram,2026-03-25 22:49:29.608386,0
716,john,You are useless,anger,negative,0.78,1,15,YouTube,2026-03-25 22:50:29.608386,1
717,rahul,You are so stupid,anger,negative,0.72,1,17,Twitter,2026-03-25 22:51:29.608386,1
718,john,Great work!,joy,neutral,0.23,0,11,Instagram,2026-03-25 22:52:29.608386,0
719,meena,Have a nice day,neutral,positive,0.05,0,15,Instagram,2026-03-25 22:53:29.608386,0
720,anita,Well done,joy,neutral,0.02,0,9,Twitter,2026-03-25 22:54:29.608386,0
721,anita,Great work!,neutral,positive,0.24,0,11,Twitter,2026-03-25 22:55:29.608386,0
722,arjun,Good effort,neutral,positive,0.27,0,11,YouTube,2026-03-25 22:56:29.608386,0
723,sara,You are a loser,anger,negative,0.94,1,15,YouTube,2026-03-25 22:57:29.608386,1
724,meena,You are a loser,anger,negative,0.73,3,15,YouTube,2026-03-25 22:58:29.608386,1
725,meena,Nobody likes you,anger,negative,0.86,2,16,YouTube,2026-03-25 22:59:29.608386,1
726,vikram,Shut up you fool,anger,negative,0.94,1,16,Instagram,2026-03-25 23:00:29.608386,1
727,priya,That's amazing,joy,neutral,0.13,0,14,YouTube,2026-03-25 23:01:29.608386,0
728,priya,Well done,joy,neutral,0.29,0,9,Twitter,2026-03-25 23:02:29.608386,0
729,vikram,That's amazing,neutral,positive,0.0,0,14,YouTube,2026-03-25 23:03:29.608386,0
730,rahul,Nobody likes you,anger,negative,0.91,2,16,YouTube,2026-03-25 23:04:29.608386,1
731,arjun,Have a nice day,joy,positive,0.19,0,15,Instagram,2026-03-25 23:05:29.608386,0
732,priya,Well done,neutral,neutral,0.29,0,9,YouTube,2026-03-25 23:06:29.608386,0
733,john,Have a nice day,neutral,positive,0.06,0,15,Twitter,2026-03-25 23:07:29.608386,0
734,rahul,Nobody likes you,anger,negative,0.96,1,16,Twitter,2026-03-25 23:08:29.608386,1
735,john,Great work!,neutral,positive,0.18,0,11,YouTube,2026-03-25 23:09:29.608386,0
736,meena,Go away idiot,anger,negative,0.98,3,13,Instagram,2026-03-25 23:10:29.608386,1
737,john,Shut up you fool,anger,negative,0.9,2,16,Twitter,2026-03-25 23:11:29.608386,1
738,rahul,You are a loser,anger,negative,0.81,2,15,Instagram,2026-03-25 23:12:29.608386,1
739,arjun,You are a loser,anger,negative,0.88,3,15,Twitter,2026-03-25 23:13:29.608386,1
740,rahul,Good effort,joy,neutral,0.04,0,11,Twitter,2026-03-25 23:14:29.608386,0
741,arjun,Good effort,neutral,neutral,0.22,0,11,YouTube,2026-03-25 23:15:29.608386,0
742,sara,You are useless,anger,negative,0.99,1,15,Instagram,2026-03-25 23:16:29.608386,1
743,vikram,You are a loser,anger,negative,0.7,1,15,Twitter,2026-03-25 23:17:29.608386,1
744,john,That's amazing,neutral,neutral,0.21,0,14,Instagram,2026-03-25 23:18:29.608386,0
745,john,That's amazing,joy,positive,0.02,0,14,YouTube,2026-03-25 23:19:29.608386,0
746,sara,Go away idiot,anger,negative,0.96,1,13,YouTube,2026-03-25 23:20:29.608386,1
747,meena,Well done,joy,positive,0.21,0,9,Twitter,2026-03-25 23:21:29.608386,0
748,rahul,Great work!,joy,positive,0.27,0,11,Twitter,2026-03-25 23:22:29.608386,0
749,priya,Nobody likes you,anger,negative,0.84,3,16,Instagram,2026-03-25 23:23:29.608386,1
750,john,Have a nice day,neutral,neutral,0.08,0,15,YouTube,2026-03-25 23:24:29.608386,0
751,rahul,Nobody likes you,anger,negative,0.95,3,16,YouTube,2026-03-25 23:25:29.608386,1
752,anita,Shut up you fool,anger,negative,0.72,3,16,YouTube,2026-03-25 23:26:29.608386,1
753,meena,You are a loser,anger,negative,1.0,3,15,Twitter,2026-03-25 23:27:29.608386,1
754,vikram,You are useless,anger,negative,0.77,3,15,Twitter,2026-03-25 23:28:29.608386,1
755,arjun,Have a nice day,joy,neutral,0.08,0,15,Twitter,2026-03-25 23:29:29.608386,0
756,john,Nobody likes you,anger,negative,0.88,1,16,Twitter,2026-03-25 23:30:29.608386,1
757,priya,Go away idiot,anger,negative,0.96,3,13,YouTube,2026-03-25 23:31:29.608386,1
758,arjun,Good effort,neutral,neutral,0.16,0,11,Twitter,2026-03-25 23:32:29.608386,0
759,meena,Shut up you fool,anger,negative,0.76,1,16,Instagram,2026-03-25 23:33:29.608386,1
760,priya,Great work!,joy,positive,0.19,0,11,YouTube,2026-03-25 23:34:29.608386,0
761,priya,You are useless,anger,negative,0.97,1,15,Twitter,2026-03-25 23:35:29.608386,1
762,john,Have a nice day,joy,positive,0.14,0,15,Instagram,2026-03-25 23:36:29.608386,0
763,priya,You are a loser,anger,negative,0.75,2,15,Twitter,2026-03-25 23:37:29.608386,1
764,vikram,Nobody likes you,anger,negative,0.85,3,16,Instagram,2026-03-25 23:38:29.608386,1
765,rahul,Keep going,neutral,neutral,0.09,0,10,Twitter,2026-03-25 23:39:29.608386,0
766,meena,You are useless,anger,negative,0.99,1,15,Twitter,2026-03-25 23:40:29.608386,1
767,rahul,Have a nice day,joy,neutral,0.24,0,15,Instagram,2026-03-25 23:41:29.608386,0
768,john,Great work!,neutral,positive,0.07,0,11,YouTube,2026-03-25 23:42:29.608386,0
769,john,That's amazing,neutral,positive,0.1,0,14,YouTube,2026-03-25 23:43:29.608386,0
770,arjun,Great work!,neutral,neutral,0.21,0,11,Instagram,2026-03-25 23:44:29.608386,0
771,vikram,Great work!,neutral,positive,0.28,0,11,Instagram,2026-03-25 23:45:29.608386,0
772,vikram,Nobody likes you,anger,negative,0.8,3,16,Twitter,2026-03-25 23:46:29.608386,1
773,sara,Go away idiot,anger,negative,0.94,3,13,YouTube,2026-03-25 23:47:29.608386,1
774,priya,Shut up you fool,anger,negative,0.71,1,16,YouTube,2026-03-25 23:48:29.608386,1
775,anita,Have a nice day,neutral,positive,0.23,0,15,YouTube,2026-03-25 23:49:29.608386,0
776,priya,Great work!,neutral,neutral,0.18,0,11,Twitter,2026-03-25 23:50:29.608386,0
777,vikram,Great work!,joy,positive,0.0,0,11,Instagram,2026-03-25 23:51:29.608386,0
778,sara,Go away idiot,anger,negative,0.98,1,13,Instagram,2026-03-25 23:52:29.608386,1
779,anita,You are useless,anger,negative,0.95,2,15,YouTube,2026-03-25 23:53:29.608386,1
780,priya,Nobody likes you,anger,negative,0.75,1,16,Instagram,2026-03-25 23:54:29.608386,1
781,rahul,Keep going,joy,neutral,0.02,0,10,YouTube,2026-03-25 23:55:29.608386,0
782,sara,Nobody likes you,anger,negative,0.75,2,16,YouTube,2026-03-25 23:56:29.608386,1
783,rahul,You are so stupid,anger,negative,0.75,3,17,Twitter,2026-03-25 23:57:29.608386,1
784,priya,Shut up you fool,anger,negative,0.88,2,16,Twitter,2026-03-25 23:58:29.608386,1
785,rahul,You are useless,anger,negative,0.79,3,15,YouTube,2026-03-25 23:59:29.608386,1
786,priya,Nobody likes you,anger,negative,0.89,1,16,Instagram,2026-03-26 00:00:29.608386,1
787,anita,You are so stupid,anger,negative,0.95,3,17,YouTube,2026-03-26 00:01:29.608386,1
788,priya,You are so stupid,anger,negative,0.84,1,17,Instagram,2026-03-26 00:02:29.608386,1
789,rahul,Well done,neutral,positive,0.2,0,9,Twitter,2026-03-26 00:03:29.608386,0
790,sara,That's amazing,neutral,positive,0.28,0,14,YouTube,2026-03-26 00:04:29.608386,0
791,priya,You are a loser,anger,negative,0.86,3,15,Instagram,2026-03-26 00:05:29.608386,1
792,rahul,You are so stupid,anger,negative,0.93,1,17,Twitter,2026-03-26 00:06:29.608386,1
793,priya,Keep going,joy,neutral,0.23,0,10,YouTube,2026-03-26 00:07:29.608386,0
794,vikram,Have a nice day,neutral,neutral,0.19,0,15,Instagram,2026-03-26 00:08:29.608386,0
795,arjun,Good effort,neutral,positive,0.02,0,11,Twitter,2026-03-26 00:09:29.608386,0
796,vikram,You are useless,anger,negative,0.91,1,15,YouTube,2026-03-26 00:10:29.608386,1
797,sara,Go away idiot,anger,negative,0.85,1,13,Instagram,2026-03-26 00:11:29.608386,1
798,sara,Go away idiot,anger,negative,0.75,3,13,Instagram,2026-03-26 00:12:29.608386,1
799,john,Good effort,joy,positive,0.04,0,11,YouTube,2026-03-26 00:13:29.608386,0
800,john,Nobody likes you,anger,negative,0.85,2,16,Twitter,2026-03-26 00:14:29.608386,1
801,arjun,Keep going,neutral,positive,0.3,0,10,YouTube,2026-03-26 00:15:29.608386,0
802,vikram,Good effort,neutral,neutral,0.19,0,11,YouTube,2026-03-26 00:16:29.608386,0
803,priya,Good effort,neutral,positive,0.09,0,11,Instagram,2026-03-26 00:17:29.608386,0
804,sara,You are a loser,anger,negative,0.85,2,15,Instagram,2026-03-26 00:18:29.608386,1
805,meena,Well done,neutral,neutral,0.12,0,9,Twitter,2026-03-26 00:19:29.608386,0
806,john,Go away idiot,anger,negative,0.82,2,13,YouTube,2026-03-26 00:20:29.608386,1
807,rahul,Great work!,joy,neutral,0.08,0,11,YouTube,2026-03-26 00:21:29.608386,0
808,priya,Go away idiot,anger,negative,0.91,2,13,Twitter,2026-03-26 00:22:29.608386,1
809,anita,That's amazing,joy,neutral,0.12,0,14,Instagram,2026-03-26 00:23:29.608386,0
810,john,Go away idiot,anger,negative,0.76,2,13,YouTube,2026-03-26 00:24:29.608386,1
811,john,Good effort,joy,neutral,0.17,0,11,Instagram,2026-03-26 00:25:29.608386,0
812,sara,Have a nice day,neutral,positive,0.09,0,15,YouTube,2026-03-26 00:26:29.608386,0
813,john,Have a nice day,neutral,positive,0.01,0,15,YouTube,2026-03-26 00:27:29.608386,0
814,anita,Go away idiot,anger,negative,0.86,1,13,Twitter,2026-03-26 00:28:29.608386,1
815,arjun,You are useless,anger,negative,0.7,3,15,Twitter,2026-03-26 00:29:29.608386,1
816,anita,Go away idiot,anger,negative,0.95,3,13,Twitter,2026-03-26 00:30:29.608386,1
817,priya,Great work!,neutral,neutral,0.03,0,11,Twitter,2026-03-26 00:31:29.608386,0
818,meena,Shut up you fool,anger,negative,1.0,2,16,Instagram,2026-03-26 00:32:29.608386,1
819,arjun,Nobody likes you,anger,negative,0.88,1,16,Instagram,2026-03-26 00:33:29.608386,1
820,anita,Great work!,joy,positive,0.14,0,11,Twitter,2026-03-26 00:34:29.608386,0
821,john,Go away idiot,anger,negative,0.78,1,13,Twitter,2026-03-26 00:35:29.608386,1
822,priya,Keep going,joy,positive,0.04,0,10,YouTube,2026-03-26 00:36:29.608386,0
823,priya,That's amazing,joy,positive,0.19,0,14,Instagram,2026-03-26 00:37:29.608386,0
824,meena,Shut up you fool,anger,negative,0.91,1,16,YouTube,2026-03-26 00:38:29.608386,1
825,vikram,You are a loser,anger,negative,0.89,3,15,Instagram,2026-03-26 00:39:29.608386,1
826,john,Have a nice day,neutral,positive,0.29,0,15,YouTube,2026-03-26 00:40:29.608386,0
827,sara,Great work!,neutral,neutral,0.02,0,11,Instagram,2026-03-26 00:41:29.608386,0
828,meena,Shut up you fool,anger,negative,0.96,3,16,Instagram,2026-03-26 00:42:29.608386,1
829,vikram,Nobody likes you,anger,negative,0.84,1,16,YouTube,2026-03-26 00:43:29.608386,1
830,anita,You are a loser,anger,negative,0.91,3,15,Twitter,2026-03-26 00:44:29.608386,1
831,john,Keep going,joy,neutral,0.28,0,10,Twitter,2026-03-26 00:45:29.608386,0
832,vikram,Well done,joy,neutral,0.1,0,9,Twitter,2026-03-26 00:46:29.608386,0
833,meena,Good effort,neutral,positive,0.03,0,11,YouTube,2026-03-26 00:47:29.608386,0
834,anita,Great work!,neutral,neutral,0.15,0,11,YouTube,2026-03-26 00:48:29.608386,0
835,rahul,Well done,neutral,neutral,0.14,0,9,Twitter,2026-03-26 00:49:29.608386,0
836,priya,You are so stupid,anger,negative,0.94,1,17,Twitter,2026-03-26 00:50:29.608386,1
837,sara,That's amazing,joy,positive,0.07,0,14,Instagram,2026-03-26 00:51:29.608386,0
838,john,Shut up you fool,anger,negative,0.74,2,16,Twitter,2026-03-26 00:52:29.608386,1
839,rahul,Go away idiot,anger,negative,0.95,2,13,YouTube,2026-03-26 00:53:29.608386,1
840,john,Great work!,joy,neutral,0.01,0,11,YouTube,2026-03-26 00:54:29.608386,0
841,rahul,You are so stupid,anger,negative,0.99,2,17,Instagram,2026-03-26 00:55:29.608386,1
842,sara,Shut up you fool,anger,negative,0.9,1,16,YouTube,2026-03-26 00:56:29.608386,1
843,meena,You are useless,anger,negative,0.86,1,15,YouTube,2026-03-26 00:57:29.608386,1
844,sara,You are useless,anger,negative,0.98,2,15,YouTube,2026-03-26 00:58:29.608386,1
845,sara,You are useless,anger,negative,0.82,1,15,YouTube,2026-03-26 00:59:29.608386,1
846,sara,Great work!,neutral,positive,0.22,0,11,Instagram,2026-03-26 01:00:29.608386,0
847,sara,Keep going,neutral,positive,0.0,0,10,Twitter,2026-03-26 01:01:29.608386,0
848,meena,That's amazing,joy,neutral,0.2,0,14,Instagram,2026-03-26 01:02:29.608386,0
849,arjun,Go away idiot,anger,negative,0.8,1,13,Instagram,2026-03-26 01:03:29.608386,1
850,meena,You are a loser,anger,negative,0.9,2,15,Twitter,2026-03-26 01:04:29.608386,1
851,arjun,That's amazing,joy,positive,0.11,0,14,YouTube,2026-03-26 01:05:29.608386,0
852,meena,Well done,joy,neutral,0.01,0,9,Instagram,2026-03-26 01:06:29.608386,0
853,vikram,You are useless,anger,negative,0.77,3,15,Instagram,2026-03-26 01:07:29.608386,1
854,john,Good effort,neutral,positive,0.17,0,11,Instagram,2026-03-26 01:08:29.608386,0
855,priya,Shut up you fool,anger,negative,0.87,1,16,YouTube,2026-03-26 01:09:29.608386,1
856,anita,Great work!,neutral,positive,0.15,0,11,Twitter,2026-03-26 01:10:29.608386,0
857,priya,Shut up you fool,anger,negative,0.91,3,16,Twitter,2026-03-26 01:11:29.608386,1
858,john,Keep going,neutral,neutral,0.04,0,10,YouTube,2026-03-26 01:12:29.608386,0
859,arjun,You are a loser,anger,negative,0.8,2,15,YouTube,2026-03-26 01:13:29.608386,1
860,john,That's amazing,neutral,neutral,0.22,0,14,Twitter,2026-03-26 01:14:29.608386,0
861,priya,That's amazing,joy,neutral,0.1,0,14,Instagram,2026-03-26 01:15:29.608386,0
862,meena,Well done,neutral,neutral,0.3,0,9,Instagram,2026-03-26 01:16:29.608386,0
863,arjun,You are a loser,anger,negative,0.81,2,15,Twitter,2026-03-26 01:17:29.608386,1
864,arjun,Keep going,joy,neutral,0.05,0,10,Twitter,2026-03-26 01:18:29.608386,0
865,anita,You are a loser,anger,negative,0.76,1,15,Instagram,2026-03-26 01:19:29.608386,1
866,sara,You are so stupid,anger,negative,0.98,2,17,YouTube,2026-03-26 01:20:29.608386,1
867,vikram,You are a loser,anger,negative,0.83,2,15,YouTube,2026-03-26 01:21:29.608386,1
868,priya,Well done,neutral,positive,0.1,0,9,Instagram,2026-03-26 01:22:29.608386,0
869,john,You are so stupid,anger,negative,0.78,1,17,Instagram,2026-03-26 01:23:29.608386,1
870,arjun,Well done,joy,neutral,0.09,0,9,Instagram,2026-03-26 01:24:29.608386,0
871,sara,Have a nice day,neutral,positive,0.09,0,15,YouTube,2026-03-26 01:25:29.608386,0
872,vikram,You are a loser,anger,negative,0.78,2,15,Twitter,2026-03-26 01:26:29.608386,1
873,priya,Well done,neutral,neutral,0.2,0,9,YouTube,2026-03-26 01:27:29.608386,0
874,priya,Shut up you fool,anger,negative,0.86,1,16,Instagram,2026-03-26 01:28:29.608386,1
875,vikram,Good effort,neutral,positive,0.12,0,11,YouTube,2026-03-26 01:29:29.608386,0
876,sara,Nobody likes you,anger,negative,0.94,1,16,Instagram,2026-03-26 01:30:29.608386,1
877,priya,Keep going,joy,neutral,0.23,0,10,Twitter,2026-03-26 01:31:29.608386,0
878,meena,Go away idiot,anger,negative,0.72,3,13,YouTube,2026-03-26 01:32:29.608386,1
879,priya,You are a loser,anger,negative,0.86,3,15,YouTube,2026-03-26 01:33:29.608386,1
880,meena,Keep going,neutral,positive,0.23,0,10,Twitter,2026-03-26 01:34:29.608386,0
881,arjun,Keep going,joy,positive,0.12,0,10,Twitter,2026-03-26 01:35:29.608386,0
882,anita,Keep going,neutral,neutral,0.1,0,10,YouTube,2026-03-26 01:36:29.608386,0
883,priya,Have a nice day,joy,positive,0.08,0,15,Instagram,2026-03-26 01:37:29.608386,0
884,priya,You are useless,anger,negative,0.7,1,15,Instagram,2026-03-26 01:38:29.608386,1
885,meena,Well done,joy,positive,0.26,0,9,YouTube,2026-03-26 01:39:29.608386,0
886,anita,Well done,joy,positive,0.16,0,9,YouTube,2026-03-26 01:40:29.608386,0
887,meena,Good effort,joy,positive,0.28,0,11,YouTube,2026-03-26 01:41:29.608386,0
888,priya,Good effort,joy,neutral,0.03,0,11,Twitter,2026-03-26 01:42:29.608386,0
889,priya,Good effort,neutral,neutral,0.08,0,11,YouTube,2026-03-26 01:43:29.608386,0
890,rahul,Go away idiot,anger,negative,0.92,1,13,YouTube,2026-03-26 01:44:29.608386,1
891,meena,Go away idiot,anger,negative,0.84,2,13,YouTube,2026-03-26 01:45:29.608386,1
892,rahul,Well done,joy,positive,0.04,0,9,YouTube,2026-03-26 01:46:29.608386,0
893,priya,Have a nice day,joy,neutral,0.27,0,15,Twitter,2026-03-26 01:47:29.608386,0
894,anita,Great work!,joy,neutral,0.15,0,11,Twitter,2026-03-26 01:48:29.608386,0
895,john,Well done,joy,neutral,0.12,0,9,YouTube,2026-03-26 01:49:29.608386,0
896,meena,Great work!,neutral,neutral,0.02,0,11,Twitter,2026-03-26 01:50:29.608386,0
897,sara,You are useless,anger,negative,0.97,3,15,Twitter,2026-03-26 01:51:29.608386,1
898,sara,That's amazing,neutral,neutral,0.27,0,14,YouTube,2026-03-26 01:52:29.608386,0
899,anita,Good effort,joy,neutral,0.15,0,11,Instagram,2026-03-26 01:53:29.608386,0
900,arjun,Keep going,joy,neutral,0.14,0,10,Instagram,2026-03-26 01:54:29.608386,0
901,anita,Shut up you fool,anger,negative,0.86,3,16,YouTube,2026-03-26 01:55:29.608386,1
902,john,You are so stupid,anger,negative,0.82,3,17,Instagram,2026-03-26 01:56:29.608386,1
903,sara,You are a loser,anger,negative,1.0,3,15,YouTube,2026-03-26 01:57:29.608386,1
904,arjun,You are useless,anger,negative,0.78,2,15,Instagram,2026-03-26 01:58:29.608386,1
905,anita,Shut up you fool,anger,negative,0.7,3,16,Instagram,2026-03-26 01:59:29.608386,1
906,arjun,Great work!,joy,positive,0.3,0,11,Instagram,2026-03-26 02:00:29.608386,0
907,anita,You are useless,anger,negative,0.85,3,15,Twitter,2026-03-26 02:01:29.608386,1
908,rahul,You are a loser,anger,negative,0.78,1,15,YouTube,2026-03-26 02:02:29.608386,1
909,meena,You are a loser,anger,negative,0.86,1,15,YouTube,2026-03-26 02:03:29.608386,1
910,vikram,Keep going,neutral,positive,0.15,0,10,Twitter,2026-03-26 02:04:29.608386,0
911,meena,Go away idiot,anger,negative,0.85,3,13,YouTube,2026-03-26 02:05:29.608386,1
912,sara,Shut up you fool,anger,negative,0.8,3,16,YouTube,2026-03-26 02:06:29.608386,1
913,rahul,You are useless,anger,negative,0.97,3,15,Instagram,2026-03-26 02:07:29.608386,1
914,meena,Nobody likes you,anger,negative,0.84,3,16,YouTube,2026-03-26 02:08:29.608386,1
915,john,You are useless,anger,negative,0.9,2,15,YouTube,2026-03-26 02:09:29.608386,1
916,rahul,Go away idiot,anger,negative,0.87,1,13,Twitter,2026-03-26 02:10:29.608386,1
917,meena,Great work!,neutral,positive,0.17,0,11,Instagram,2026-03-26 02:11:29.608386,0
918,rahul,That's amazing,joy,neutral,0.19,0,14,Instagram,2026-03-26 02:12:29.608386,0
919,rahul,You are so stupid,anger,negative,0.85,1,17,Twitter,2026-03-26 02:13:29.608386,1
920,john,You are a loser,anger,negative,0.97,2,15,Instagram,2026-03-26 02:14:29.608386,1
921,vikram,Have a nice day,joy,neutral,0.17,0,15,YouTube,2026-03-26 02:15:29.608386,0
922,rahul,You are a loser,anger,negative,0.91,1,15,Twitter,2026-03-26 02:16:29.608386,1
923,meena,Great work!,neutral,positive,0.29,0,11,Twitter,2026-03-26 02:17:29.608386,0
924,priya,You are a loser,anger,negative,0.74,2,15,Instagram,2026-03-26 02:18:29.608386,1
925,john,You are useless,anger,negative,0.89,1,15,YouTube,2026-03-26 02:19:29.608386,1
926,rahul,Good effort,neutral,neutral,0.23,0,11,YouTube,2026-03-26 02:20:29.608386,0
927,arjun,Shut up you fool,anger,negative,0.73,3,16,Twitter,2026-03-26 02:21:29.608386,1
928,john,Go away idiot,anger,negative,0.95,3,13,YouTube,2026-03-26 02:22:29.608386,1
929,arjun,Shut up you fool,anger,negative,0.76,3,16,YouTube,2026-03-26 02:23:29.608386,1
930,meena,You are so stupid,anger,negative,0.88,2,17,Instagram,2026-03-26 02:24:29.608386,1
931,anita,That's amazing,neutral,positive,0.07,0,14,Twitter,2026-03-26 02:25:29.608386,0
932,arjun,You are useless,anger,negative,0.72,1,15,YouTube,2026-03-26 02:26:29.608386,1
933,arjun,Shut up you fool,anger,negative,0.82,3,16,Instagram,2026-03-26 02:27:29.608386,1
934,meena,You are useless,anger,negative,0.88,2,15,Instagram,2026-03-26 02:28:29.608386,1
935,john,Go away idiot,anger,negative,0.93,1,13,Twitter,2026-03-26 02:29:29.608386,1
936,anita,Good effort,joy,neutral,0.01,0,11,Instagram,2026-03-26 02:30:29.608386,0
937,vikram,Go away idiot,anger,negative,0.84,3,13,YouTube,2026-03-26 02:31:29.608386,1
938,john,Well done,joy,neutral,0.15,0,9,Twitter,2026-03-26 02:32:29.608386,0
939,vikram,Well done,neutral,neutral,0.01,0,9,Instagram,2026-03-26 02:33:29.608386,0
940,rahul,Go away idiot,anger,negative,0.74,3,13,Twitter,2026-03-26 02:34:29.608386,1
941,anita,Well done,joy,neutral,0.08,0,9,Instagram,2026-03-26 02:35:29.608386,0
942,anita,Great work!,neutral,positive,0.11,0,11,Twitter,2026-03-26 02:36:29.608386,0
943,priya,Well done,neutral,neutral,0.13,0,9,YouTube,2026-03-26 02:37:29.608386,0
944,vikram,You are so stupid,anger,negative,1.0,2,17,Instagram,2026-03-26 02:38:29.608386,1
945,john,Shut up you fool,anger,negative,0.88,3,16,YouTube,2026-03-26 02:39:29.608386,1
946,anita,You are a loser,anger,negative,0.76,2,15,YouTube,2026-03-26 02:40:29.608386,1
947,arjun,Well done,neutral,positive,0.12,0,9,Instagram,2026-03-26 02:41:29.608386,0
948,rahul,You are so stupid,anger,negative,0.85,2,17,Instagram,2026-03-26 02:42:29.608386,1
949,john,Go away idiot,anger,negative,0.96,1,13,Instagram,2026-03-26 02:43:29.608386,1
950,vikram,Shut up you fool,anger,negative,0.88,3,16,YouTube,2026-03-26 02:44:29.608386,1
951,vikram,Go away idiot,anger,negative,0.93,3,13,Instagram,2026-03-26 02:45:29.608386,1
952,arjun,Nobody likes you,anger,negative,0.88,3,16,Instagram,2026-03-26 02:46:29.608386,1
953,arjun,Good effort,joy,positive,0.29,0,11,Twitter,2026-03-26 02:47:29.608386,0
954,anita,Great work!,joy,positive,0.01,0,11,Instagram,2026-03-26 02:48:29.608386,0
955,priya,Have a nice day,neutral,neutral,0.08,0,15,Twitter,2026-03-26 02:49:29.608386,0
956,anita,You are useless,anger,negative,0.75,1,15,Twitter,2026-03-26 02:50:29.608386,1
957,vikram,Great work!,joy,positive,0.25,0,11,Instagram,2026-03-26 02:51:29.608386,0
958,arjun,Shut up you fool,anger,negative,0.84,1,16,YouTube,2026-03-26 02:52:29.608386,1
959,arjun,That's amazing,neutral,neutral,0.24,0,14,Twitter,2026-03-26 02:53:29.608386,0
960,anita,Great work!,joy,positive,0.17,0,11,YouTube,2026-03-26 02:54:29.608386,0
961,priya,Great work!,neutral,positive,0.27,0,11,YouTube,2026-03-26 02:55:29.608386,0
962,rahul,You are a loser,anger,negative,0.77,3,15,YouTube,2026-03-26 02:56:29.608386,1
963,john,Go away idiot,anger,negative,0.8,1,13,Twitter,2026-03-26 02:57:29.608386,1
964,priya,Go away idiot,anger,negative,0.75,3,13,YouTube,2026-03-26 02:58:29.608386,1
965,arjun,Great work!,neutral,positive,0.02,0,11,YouTube,2026-03-26 02:59:29.608386,0
966,vikram,That's amazing,joy,positive,0.11,0,14,Instagram,2026-03-26 03:00:29.608386,0
967,sara,Keep going,neutral,positive,0.2,0,10,Twitter,2026-03-26 03:01:29.608386,0
968,arjun,Nobody likes you,anger,negative,0.97,2,16,YouTube,2026-03-26 03:02:29.608386,1
969,anita,Great work!,neutral,positive,0.08,0,11,Twitter,2026-03-26 03:03:29.608386,0
970,vikram,You are useless,anger,negative,0.84,3,15,Twitter,2026-03-26 03:04:29.608386,1
971,rahul,You are a loser,anger,negative,0.87,1,15,Twitter,2026-03-26 03:05:29.608386,1
972,meena,Good effort,neutral,neutral,0.07,0,11,YouTube,2026-03-26 03:06:29.608386,0
973,sara,Good effort,neutral,neutral,0.04,0,11,YouTube,2026-03-26 03:07:29.608386,0
974,vikram,You are useless,anger,negative,0.97,2,15,Instagram,2026-03-26 03:08:29.608386,1
975,john,You are useless,anger,negative,0.93,3,15,Twitter,2026-03-26 03:09:29.608386,1
976,arjun,Well done,joy,neutral,0.0,0,9,Twitter,2026-03-26 03:10:29.608386,0
977,anita,Keep going,joy,positive,0.25,0,10,Instagram,2026-03-26 03:11:29.608386,0
978,meena,That's amazing,neutral,positive,0.02,0,14,Twitter,2026-03-26 03:12:29.608386,0
979,john,You are useless,anger,negative,0.76,2,15,Instagram,2026-03-26 03:13:29.608386,1
980,anita,Go away idiot,anger,negative,0.82,2,13,Instagram,2026-03-26 03:14:29.608386,1
981,sara,Well done,neutral,positive,0.18,0,9,Instagram,2026-03-26 03:15:29.608386,0
982,vikram,Good effort,neutral,positive,0.23,0,11,Instagram,2026-03-26 03:16:29.608386,0
983,rahul,That's amazing,neutral,positive,0.24,0,14,YouTube,2026-03-26 03:17:29.608386,0
984,john,Have a nice day,neutral,neutral,0.28,0,15,YouTube,2026-03-26 03:18:29.608386,0
985,john,Great work!,neutral,neutral,0.23,0,11,Twitter,2026-03-26 03:19:29.608386,0
986,arjun,Nobody likes you,anger,negative,0.87,2,16,Instagram,2026-03-26 03:20:29.608386,1
987,anita,You are useless,anger,negative,0.92,2,15,YouTube,2026-03-26 03:21:29.608386,1
988,vikram,Nobody likes you,anger,negative,0.77,2,16,YouTube,2026-03-26 03:22:29.608386,1
989,john,Shut up you fool,anger,negative,0.79,3,16,Twitter,2026-03-26 03:23:29.608386,1
990,vikram,You are so stupid,anger,negative,0.84,1,17,Instagram,2026-03-26 03:24:29.608386,1
991,john,Shut up you fool,anger,negative,0.81,3,16,Twitter,2026-03-26 03:25:29.608386,1
992,anita,You are so stupid,anger,negative,0.7,3,17,Twitter,2026-03-26 03:26:29.608386,1
993,rahul,Have a nice day,neutral,neutral,0.09,0,15,Twitter,2026-03-26 03:27:29.608386,0
994,vikram,Have a nice day,joy,positive,0.23,0,15,Instagram,2026-03-26 03:28:29.608386,0
995,priya,You are a loser,anger,negative,0.81,2,15,YouTube,2026-03-26 03:29:29.608386,1
996,anita,Have a nice day,joy,positive,0.17,0,15,Twitter,2026-03-26 03:30:29.608386,0
997,rahul,Nobody likes you,anger,negative,0.81,2,16,Twitter,2026-03-26 03:31:29.608386,1
998,john,That's amazing,neutral,neutral,0.21,0,14,YouTube,2026-03-26 03:32:29.608386,0
999,john,Good effort,joy,positive,0.23,0,11,Twitter,2026-03-26 03:33:29.608386,0
1000,sara,You are a loser,anger,negative,0.91,1,15,Instagram,2026-03-26 03:34:29.608386,1
1001,meena,That's amazing,joy,positive,0.19,0,14,YouTube,2026-03-26 03:35:29.608386,0
1002,arjun,Shut up you fool,anger,negative,0.75,2,16,Twitter,2026-03-26 03:36:29.608386,1
1003,rahul,That's amazing,joy,positive,0.18,0,14,Instagram,2026-03-26 03:37:29.608386,0
1004,vikram,Go away idiot,anger,negative,0.86,2,13,Twitter,2026-03-26 03:38:29.608386,1
1005,vikram,Well done,joy,neutral,0.0,0,9,Twitter,2026-03-26 03:39:29.608386,0
1006,meena,Good effort,neutral,positive,0.29,0,11,Twitter,2026-03-26 03:40:29.608386,0
1007,vikram,Great work!,neutral,neutral,0.21,0,11,Instagram,2026-03-26 03:41:29.608386,0
1008,arjun,That's amazing,joy,positive,0.15,0,14,Twitter,2026-03-26 03:42:29.608386,0
1009,anita,Keep going,neutral,positive,0.09,0,10,Instagram,2026-03-26 03:43:29.608386,0
1010,john,Nobody likes you,anger,negative,0.81,2,16,Twitter,2026-03-26 03:44:29.608386,1
1011,arjun,Great work!,joy,positive,0.14,0,11,Instagram,2026-03-26 03:45:29.608386,0
1012,anita,Nobody likes you,anger,negative,0.86,1,16,YouTube,2026-03-26 03:46:29.608386,1
1013,arjun,That's amazing,joy,positive,0.17,0,14,YouTube,2026-03-26 03:47:29.608386,0
1014,rahul,Well done,joy,neutral,0.18,0,9,YouTube,2026-03-26 03:48:29.608386,0
1015,arjun,You are so stupid,anger,negative,0.79,2,17,Instagram,2026-03-26 03:49:29.608386,1
1016,john,You are so stupid,anger,negative,0.93,2,17,Twitter,2026-03-26 03:50:29.608386,1
1017,anita,Nobody likes you,anger,negative,0.85,2,16,Twitter,2026-03-26 03:51:29.608386,1
1018,anita,You are useless,anger,negative,0.7,3,15,Twitter,2026-03-26 03:52:29.608386,1
1019,john,Have a nice day,joy,neutral,0.01,0,15,Instagram,2026-03-26 03:53:29.608386,0
1020,meena,Well done,joy,positive,0.26,0,9,YouTube,2026-03-26 03:54:29.608386,0
1021,vikram,You are so stupid,anger,negative,0.92,2,17,Twitter,2026-03-26 03:55:29.608386,1
1022,arjun,Keep going,neutral,neutral,0.11,0,10,YouTube,2026-03-26 03:56:29.608386,0
1023,meena,Good effort,neutral,neutral,0.29,0,11,Twitter,2026-03-26 03:57:29.608386,0
1024,anita,Keep going,joy,positive,0.24,0,10,YouTube,2026-03-26 03:58:29.608386,0
1025,rahul,Go away idiot,anger,negative,0.77,2,13,Instagram,2026-03-26 03:59:29.608386,1
1026,priya,Well done,neutral,neutral,0.14,0,9,Twitter,2026-03-26 04:00:29.608386,0
1027,john,Have a nice day,joy,neutral,0.1,0,15,YouTube,2026-03-26 04:01:29.608386,0
1028,anita,Great work!,joy,positive,0.29,0,11,Twitter,2026-03-26 04:02:29.608386,0
1029,anita,You are a loser,anger,negative,0.92,2,15,YouTube,2026-03-26 04:03:29.608386,1
1030,anita,Shut up you fool,anger,negative,0.84,2,16,Twitter,2026-03-26 04:04:29.608386,1
1031,sara,Well done,joy,positive,0.21,0,9,Twitter,2026-03-26 04:05:29.608386,0
1032,vikram,You are a loser,anger,negative,0.73,2,15,YouTube,2026-03-26 04:06:29.608386,1
1033,rahul,Great work!,neutral,neutral,0.04,0,11,YouTube,2026-03-26 04:07:29.608386,0
1034,anita,Good effort,neutral,positive,0.1,0,11,Instagram,2026-03-26 04:08:29.608386,0
1035,vikram,You are useless,anger,negative,0.99,1,15,Twitter,2026-03-26 04:09:29.608386,1
1036,meena,You are useless,anger,negative,0.73,2,15,Twitter,2026-03-26 04:10:29.608386,1
1037,sara,Keep going,joy,positive,0.28,0,10,YouTube,2026-03-26 04:11:29.608386,0
1038,priya,Go away idiot,anger,negative,0.73,1,13,Instagram,2026-03-26 04:12:29.608386,1
1039,meena,Have a nice day,neutral,neutral,0.05,0,15,Twitter,2026-03-26 04:13:29.608386,0
1040,arjun,That's amazing,neutral,neutral,0.25,0,14,Instagram,2026-03-26 04:14:29.608386,0
1041,priya,That's amazing,neutral,positive,0.09,0,14,Instagram,2026-03-26 04:15:29.608386,0
1042,arjun,Shut up you fool,anger,negative,0.83,2,16,Instagram,2026-03-26 04:16:29.608386,1
1043,meena,Go away idiot,anger,negative,0.77,2,13,Instagram,2026-03-26 04:17:29.608386,1
1044,sara,Good effort,neutral,positive,0.14,0,11,YouTube,2026-03-26 04:18:29.608386,0
1045,priya,You are useless,anger,negative,0.8,1,15,Instagram,2026-03-26 04:19:29.608386,1
1046,meena,Great work!,joy,positive,0.0,0,11,Instagram,2026-03-26 04:20:29.608386,0
1047,meena,You are so stupid,anger,negative,0.83,3,17,Instagram,2026-03-26 04:21:29.608386,1
1048,priya,Shut up you fool,anger,negative,0.77,3,16,YouTube,2026-03-26 04:22:29.608386,1
1049,arjun,Keep going,neutral,neutral,0.05,0,10,Twitter,2026-03-26 04:23:29.608386,0
1050,john,You are useless,anger,negative,0.73,2,15,Instagram,2026-03-26 04:24:29.608386,1
1051,vikram,Have a nice day,joy,positive,0.29,0,15,Instagram,2026-03-26 04:25:29.608386,0
1052,anita,Have a nice day,neutral,neutral,0.14,0,15,Twitter,2026-03-26 04:26:29.608386,0
1053,arjun,You are useless,anger,negative,0.71,1,15,Instagram,2026-03-26 04:27:29.608386,1
1054,vikram,Keep going,joy,neutral,0.07,0,10,Instagram,2026-03-26 04:28:29.608386,0
1055,meena,That's amazing,neutral,positive,0.04,0,14,Twitter,2026-03-26 04:29:29.608386,0
1056,vikram,You are a loser,anger,negative,0.98,3,15,Instagram,2026-03-26 04:30:29.608386,1
1057,priya,Nobody likes you,anger,negative,0.71,1,16,Twitter,2026-03-26 04:31:29.608386,1
1058,anita,Go away idiot,anger,negative,0.84,3,13,YouTube,2026-03-26 04:32:29.608386,1
1059,sara,Nobody likes you,anger,negative,0.98,1,16,Instagram,2026-03-26 04:33:29.608386,1
1060,priya,Well done,joy,positive,0.18,0,9,YouTube,2026-03-26 04:34:29.608386,0
1061,john,You are useless,anger,negative,0.75,3,15,Instagram,2026-03-26 04:35:29.608386,1
1062,john,Keep going,joy,positive,0.09,0,10,Twitter,2026-03-26 04:36:29.608386,0
1063,sara,That's amazing,joy,positive,0.06,0,14,YouTube,2026-03-26 04:37:29.608386,0
1064,john,You are so stupid,anger,negative,0.74,3,17,Twitter,2026-03-26 04:38:29.608386,1
1065,john,Well done,joy,neutral,0.1,0,9,YouTube,2026-03-26 04:39:29.608386,0
1066,anita,Keep going,joy,neutral,0.18,0,10,YouTube,2026-03-26 04:40:29.608386,0
1067,priya,You are useless,anger,negative,0.74,1,15,Twitter,2026-03-26 04:41:29.608386,1
1068,meena,Keep going,joy,positive,0.0,0,10,Instagram,2026-03-26 04:42:29.608386,0
1069,arjun,Shut up you fool,anger,negative,0.87,2,16,YouTube,2026-03-26 04:43:29.608386,1
1070,vikram,Have a nice day,neutral,positive,0.16,0,15,Twitter,2026-03-26 04:44:29.608386,0
1071,vikram,Keep going,joy,neutral,0.23,0,10,Twitter,2026-03-26 04:45:29.608386,0
1072,sara,Keep going,neutral,positive,0.12,0,10,Twitter,2026-03-26 04:46:29.608386,0
1073,priya,Keep going,neutral,neutral,0.27,0,10,Instagram,2026-03-26 04:47:29.608386,0
1074,sara,Nobody likes you,anger,negative,0.71,3,16,Instagram,2026-03-26 04:48:29.608386,1
1075,meena,Great work!,neutral,positive,0.29,0,11,Twitter,2026-03-26 04:49:29.608386,0
1076,sara,Have a nice day,neutral,positive,0.23,0,15,YouTube,2026-03-26 04:50:29.608386,0
1077,sara,Nobody likes you,anger,negative,0.87,1,16,Instagram,2026-03-26 04:51:29.608386,1
1078,priya,You are useless,anger,negative,0.8,3,15,Instagram,2026-03-26 04:52:29.608386,1
1079,vikram,Great work!,neutral,neutral,0.06,0,11,Instagram,2026-03-26 04:53:29.608386,0
1080,priya,Good effort,neutral,positive,0.09,0,11,Instagram,2026-03-26 04:54:29.608386,0
1081,priya,Good effort,joy,neutral,0.19,0,11,Instagram,2026-03-26 04:55:29.608386,0
1082,priya,You are useless,anger,negative,0.86,3,15,Twitter,2026-03-26 04:56:29.608386,1
1083,anita,Well done,neutral,positive,0.21,0,9,YouTube,2026-03-26 04:57:29.608386,0
1084,meena,You are so stupid,anger,negative,0.86,3,17,YouTube,2026-03-26 04:58:29.608386,1
1085,arjun,Nobody likes you,anger,negative,0.82,2,16,Instagram,2026-03-26 04:59:29.608386,1
1086,vikram,Good effort,neutral,neutral,0.1,0,11,Twitter,2026-03-26 05:00:29.608386,0
1087,priya,Keep going,neutral,positive,0.19,0,10,Twitter,2026-03-26 05:01:29.608386,0
1088,rahul,Nobody likes you,anger,negative,0.71,3,16,Instagram,2026-03-26 05:02:29.608386,1
1089,john,Well done,neutral,neutral,0.28,0,9,Instagram,2026-03-26 05:03:29.608386,0
1090,sara,Have a nice day,neutral,positive,0.07,0,15,Twitter,2026-03-26 05:04:29.608386,0
1091,sara,Great work!,neutral,neutral,0.21,0,11,YouTube,2026-03-26 05:05:29.608386,0
1092,meena,Nobody likes you,anger,negative,0.83,2,16,YouTube,2026-03-26 05:06:29.608386,1
1093,vikram,Shut up you fool,anger,negative,0.79,1,16,Twitter,2026-03-26 05:07:29.608386,1
1094,anita,Well done,joy,neutral,0.04,0,9,Instagram,2026-03-26 05:08:29.608386,0
1095,rahul,Great work!,joy,neutral,0.24,0,11,Twitter,2026-03-26 05:09:29.608386,0
1096,meena,Nobody likes you,anger,negative,0.72,2,16,YouTube,2026-03-26 05:10:29.608386,1
1097,john,Go away idiot,anger,negative,0.82,2,13,YouTube,2026-03-26 05:11:29.608386,1
1098,meena,Well done,joy,neutral,0.17,0,9,Twitter,2026-03-26 05:12:29.608386,0
1099,anita,Good effort,joy,positive,0.03,0,11,YouTube,2026-03-26 05:13:29.608386,0
1100,vikram,Nobody likes you,anger,negative,0.75,1,16,Twitter,2026-03-26 05:14:29.608386,1
1101,vikram,Go away idiot,anger,negative,0.99,3,13,YouTube,2026-03-26 05:15:29.608386,1
1102,john,Have a nice day,neutral,positive,0.03,0,15,Twitter,2026-03-26 05:16:29.608386,0
1103,sara,Shut up you fool,anger,negative,0.82,3,16,YouTube,2026-03-26 05:17:29.608386,1
1104,rahul,That's amazing,joy,neutral,0.19,0,14,Twitter,2026-03-26 05:18:29.608386,0
1105,priya,Well done,joy,neutral,0.19,0,9,Twitter,2026-03-26 05:19:29.608386,0
1106,meena,Nobody likes you,anger,negative,0.74,1,16,YouTube,2026-03-26 05:20:29.608386,1
1107,anita,That's amazing,neutral,neutral,0.19,0,14,Instagram,2026-03-26 05:21:29.608386,0
1108,sara,Have a nice day,neutral,positive,0.03,0,15,Instagram,2026-03-26 05:22:29.608386,0
1109,john,Have a nice day,neutral,positive,0.16,0,15,Twitter,2026-03-26 05:23:29.608386,0
1110,meena,Nobody likes you,anger,negative,0.97,2,16,YouTube,2026-03-26 05:24:29.608386,1
1111,priya,You are useless,anger,negative,0.75,1,15,Instagram,2026-03-26 05:25:29.608386,1
1112,john,You are a loser,anger,negative,0.94,1,15,Twitter,2026-03-26 05:26:29.608386,1
1113,vikram,Keep going,neutral,positive,0.1,0,10,Instagram,2026-03-26 05:27:29.608386,0
1114,rahul,Keep going,joy,positive,0.28,0,10,Twitter,2026-03-26 05:28:29.608386,0
1115,meena,Good effort,neutral,positive,0.09,0,11,Instagram,2026-03-26 05:29:29.608386,0
1116,anita,You are a loser,anger,negative,0.86,3,15,Twitter,2026-03-26 05:30:29.608386,1
1117,rahul,You are so stupid,anger,negative,0.78,2,17,YouTube,2026-03-26 05:31:29.608386,1
1118,anita,You are so stupid,anger,negative,0.85,1,17,Twitter,2026-03-26 05:32:29.608386,1
1119,anita,You are a loser,anger,negative,0.97,3,15,YouTube,2026-03-26 05:33:29.608386,1
1120,sara,Go away idiot,anger,negative,0.75,3,13,Twitter,2026-03-26 05:34:29.608386,1
1121,arjun,Good effort,neutral,positive,0.03,0,11,Instagram,2026-03-26 05:35:29.608386,0
1122,john,Great work!,neutral,positive,0.12,0,11,Twitter,2026-03-26 05:36:29.608386,0
1123,sara,You are so stupid,anger,negative,0.98,3,17,YouTube,2026-03-26 05:37:29.608386,1
1124,sara,Nobody likes you,anger,negative,0.86,1,16,Twitter,2026-03-26 05:38:29.608386,1
1125,john,You are so stupid,anger,negative,0.94,2,17,Twitter,2026-03-26 05:39:29.608386,1
1126,anita,Good effort,neutral,positive,0.15,0,11,YouTube,2026-03-26 05:40:29.608386,0
1127,meena,Shut up you fool,anger,negative,0.76,2,16,YouTube,2026-03-26 05:41:29.608386,1
1128,meena,You are useless,anger,negative,0.91,3,15,Instagram,2026-03-26 05:42:29.608386,1
1129,anita,Shut up you fool,anger,negative,0.89,1,16,Twitter,2026-03-26 05:43:29.608386,1
1130,meena,Well done,joy,positive,0.24,0,9,YouTube,2026-03-26 05:44:29.608386,0
1131,meena,Nobody likes you,anger,negative,0.87,2,16,Instagram,2026-03-26 05:45:29.608386,1
1132,arjun,Good effort,joy,positive,0.03,0,11,Twitter,2026-03-26 05:46:29.608386,0
1133,priya,That's amazing,neutral,neutral,0.28,0,14,YouTube,2026-03-26 05:47:29.608386,0
1134,priya,Have a nice day,neutral,positive,0.1,0,15,Twitter,2026-03-26 05:48:29.608386,0
1135,meena,You are useless,anger,negative,0.82,2,15,YouTube,2026-03-26 05:49:29.608386,1
1136,john,Well done,joy,positive,0.25,0,9,Instagram,2026-03-26 05:50:29.608386,0
1137,rahul,Shut up you fool,anger,negative,0.77,1,16,YouTube,2026-03-26 05:51:29.608386,1
1138,sara,Go away idiot,anger,negative,0.94,3,13,YouTube,2026-03-26 05:52:29.608386,1
1139,arjun,Shut up you fool,anger,negative,0.97,2,16,YouTube,2026-03-26 05:53:29.608386,1
1140,anita,Have a nice day,joy,positive,0.11,0,15,YouTube,2026-03-26 05:54:29.608386,0
1141,rahul,You are so stupid,anger,negative,0.83,2,17,Twitter,2026-03-26 05:55:29.608386,1
1142,vikram,Great work!,neutral,positive,0.14,0,11,Twitter,2026-03-26 05:56:29.608386,0
1143,arjun,Keep going,neutral,neutral,0.17,0,10,Twitter,2026-03-26 05:57:29.608386,0
1144,arjun,Go away idiot,anger,negative,0.92,3,13,YouTube,2026-03-26 05:58:29.608386,1
1145,anita,Well done,neutral,neutral,0.17,0,9,Twitter,2026-03-26 05:59:29.608386,0
1146,anita,Have a nice day,joy,positive,0.21,0,15,Twitter,2026-03-26 06:00:29.608386,0
1147,priya,That's amazing,joy,positive,0.21,0,14,YouTube,2026-03-26 06:01:29.608386,0
1148,arjun,You are so stupid,anger,negative,0.98,1,17,YouTube,2026-03-26 06:02:29.608386,1
1149,rahul,Good effort,neutral,positive,0.02,0,11,Instagram,2026-03-26 06:03:29.608386,0
1150,vikram,You are useless,anger,negative,0.82,1,15,Instagram,2026-03-26 06:04:29.608386,1
1151,rahul,You are so stupid,anger,negative,0.83,1,17,Instagram,2026-03-26 06:05:29.608386,1
1152,vikram,Shut up you fool,anger,negative,0.82,1,16,Instagram,2026-03-26 06:06:29.608386,1
1153,john,Go away idiot,anger,negative,0.81,1,13,Twitter,2026-03-26 06:07:29.608386,1
1154,anita,Go away idiot,anger,negative,0.83,2,13,Instagram,2026-03-26 06:08:29.608386,1
1155,vikram,That's amazing,neutral,positive,0.22,0,14,Twitter,2026-03-26 06:09:29.608386,0
1156,sara,That's amazing,joy,neutral,0.23,0,14,Twitter,2026-03-26 06:10:29.608386,0
1157,meena,Well done,joy,positive,0.23,0,9,Instagram,2026-03-26 06:11:29.608386,0
1158,arjun,Go away idiot,anger,negative,0.76,1,13,Twitter,2026-03-26 06:12:29.608386,1
1159,john,Shut up you fool,anger,negative,1.0,3,16,YouTube,2026-03-26 06:13:29.608386,1
1160,rahul,Go away idiot,anger,negative,0.87,2,13,YouTube,2026-03-26 06:14:29.608386,1
1161,vikram,Shut up you fool,anger,negative,0.74,3,16,Twitter,2026-03-26 06:15:29.608386,1
1162,meena,Have a nice day,joy,neutral,0.22,0,15,YouTube,2026-03-26 06:16:29.608386,0
1163,priya,Great work!,neutral,positive,0.22,0,11,Twitter,2026-03-26 06:17:29.608386,0
1164,sara,Nobody likes you,anger,negative,0.74,1,16,Twitter,2026-03-26 06:18:29.608386,1
1165,rahul,Nobody likes you,anger,negative,0.8,2,16,Instagram,2026-03-26 06:19:29.608386,1
1166,meena,Go away idiot,anger,negative,0.91,3,13,Twitter,2026-03-26 06:20:29.608386,1
1167,john,Keep going,joy,neutral,0.14,0,10,Twitter,2026-03-26 06:21:29.608386,0
1168,vikram,You are useless,anger,negative,0.71,3,15,Instagram,2026-03-26 06:22:29.608386,1
1169,vikram,Shut up you fool,anger,negative,0.8,2,16,Instagram,2026-03-26 06:23:29.608386,1
1170,anita,Shut up you fool,anger,negative,0.98,1,16,Twitter,2026-03-26 06:24:29.608386,1
1171,anita,Nobody likes you,anger,negative,0.92,1,16,Twitter,2026-03-26 06:25:29.608386,1
1172,arjun,You are a loser,anger,negative,0.72,1,15,YouTube,2026-03-26 06:26:29.608386,1
1173,meena,Well done,joy,positive,0.25,0,9,Instagram,2026-03-26 06:27:29.608386,0
1174,anita,Nobody likes you,anger,negative,0.72,1,16,Instagram,2026-03-26 06:28:29.608386,1
1175,meena,You are useless,anger,negative,0.89,2,15,Twitter,2026-03-26 06:29:29.608386,1
1176,anita,That's amazing,neutral,neutral,0.27,0,14,Instagram,2026-03-26 06:30:29.608386,0
1177,meena,Nobody likes you,anger,negative,0.92,1,16,YouTube,2026-03-26 06:31:29.608386,1
1178,john,Nobody likes you,anger,negative,0.98,1,16,Twitter,2026-03-26 06:32:29.608386,1
1179,rahul,Go away idiot,anger,negative,0.75,2,13,Twitter,2026-03-26 06:33:29.608386,1
1180,rahul,Shut up you fool,anger,negative,0.76,1,16,Instagram,2026-03-26 06:34:29.608386,1
1181,anita,Shut up you fool,anger,negative,0.99,1,16,YouTube,2026-03-26 06:35:29.608386,1
1182,anita,You are useless,anger,negative,0.98,3,15,Twitter,2026-03-26 06:36:29.608386,1
1183,priya,You are a loser,anger,negative,0.99,1,15,Twitter,2026-03-26 06:37:29.608386,1
1184,vikram,That's amazing,joy,positive,0.1,0,14,YouTube,2026-03-26 06:38:29.608386,0
1185,vikram,Shut up you fool,anger,negative,0.84,3,16,Instagram,2026-03-26 06:39:29.608386,1
1186,sara,Good effort,neutral,neutral,0.22,0,11,Instagram,2026-03-26 06:40:29.608386,0
1187,rahul,Nobody likes you,anger,negative,0.79,3,16,Instagram,2026-03-26 06:41:29.608386,1
1188,meena,Keep going,neutral,positive,0.21,0,10,Instagram,2026-03-26 06:42:29.608386,0
1189,priya,Shut up you fool,anger,negative,0.73,2,16,YouTube,2026-03-26 06:43:29.608386,1
1190,john,Go away idiot,anger,negative,0.99,3,13,YouTube,2026-03-26 06:44:29.608386,1
1191,arjun,Have a nice day,joy,positive,0.26,0,15,YouTube,2026-03-26 06:45:29.608386,0
1192,priya,Keep going,joy,positive,0.19,0,10,Twitter,2026-03-26 06:46:29.608386,0
1193,rahul,You are a loser,anger,negative,0.81,2,15,YouTube,2026-03-26 06:47:29.608386,1
1194,john,You are useless,anger,negative,0.99,1,15,Twitter,2026-03-26 06:48:29.608386,1
1195,arjun,Keep going,joy,neutral,0.07,0,10,Instagram,2026-03-26 06:49:29.608386,0
1196,john,You are useless,anger,negative,0.79,3,15,YouTube,2026-03-26 06:50:29.608386,1
1197,sara,Have a nice day,neutral,neutral,0.07,0,15,Twitter,2026-03-26 06:51:29.608386,0
1198,arjun,Well done,joy,positive,0.16,0,9,Instagram,2026-03-26 06:52:29.608386,0
1199,arjun,That's amazing,neutral,neutral,0.12,0,14,Twitter,2026-03-26 06:53:29.608386,0
1200,anita,Well done,joy,positive,0.28,0,9,YouTube,2026-03-26 06:54:29.608386,0
1201,meena,That's amazing,neutral,positive,0.1,0,14,YouTube,2026-03-26 06:55:29.608386,0
1202,priya,You are so stupid,anger,negative,0.76,2,17,YouTube,2026-03-26 06:56:29.608386,1
1203,arjun,Keep going,neutral,neutral,0.28,0,10,Twitter,2026-03-26 06:57:29.608386,0
1204,john,Well done,neutral,positive,0.11,0,9,YouTube,2026-03-26 06:58:29.608386,0
1205,arjun,That's amazing,neutral,positive,0.23,0,14,Twitter,2026-03-26 06:59:29.608386,0
1206,rahul,Good effort,joy,positive,0.12,0,11,Instagram,2026-03-26 07:00:29.608386,0
1207,john,You are useless,anger,negative,0.8,3,15,Instagram,2026-03-26 07:01:29.608386,1
1208,sara,Have a nice day,joy,positive,0.28,0,15,Instagram,2026-03-26 07:02:29.608386,0
1209,anita,You are so stupid,anger,negative,0.99,3,17,Instagram,2026-03-26 07:03:29.608386,1
1210,john,Shut up you fool,anger,negative,0.86,3,16,YouTube,2026-03-26 07:04:29.608386,1
1211,sara,Shut up you fool,anger,negative,0.78,2,16,YouTube,2026-03-26 07:05:29.608386,1
1212,sara,Nobody likes you,anger,negative,0.97,3,16,Twitter,2026-03-26 07:06:29.608386,1
1213,vikram,Go away idiot,anger,negative,0.95,3,13,YouTube,2026-03-26 07:07:29.608386,1
1214,vikram,You are so stupid,anger,negative,0.89,1,17,Twitter,2026-03-26 07:08:29.608386,1
1215,meena,Keep going,joy,positive,0.17,0,10,Twitter,2026-03-26 07:09:29.608386,0
1216,sara,Shut up you fool,anger,negative,0.85,2,16,YouTube,2026-03-26 07:10:29.608386,1
1217,priya,Good effort,neutral,positive,0.04,0,11,Twitter,2026-03-26 07:11:29.608386,0
1218,arjun,You are useless,anger,negative,0.7,1,15,YouTube,2026-03-26 07:12:29.608386,1
1219,priya,Well done,joy,neutral,0.26,0,9,YouTube,2026-03-26 07:13:29.608386,0
1220,arjun,Shut up you fool,anger,negative,0.99,1,16,Instagram,2026-03-26 07:14:29.608386,1
1221,vikram,You are a loser,anger,negative,0.82,3,15,YouTube,2026-03-26 07:15:29.608386,1
1222,anita,Great work!,neutral,positive,0.23,0,11,Twitter,2026-03-26 07:16:29.608386,0
1223,anita,Great work!,joy,neutral,0.23,0,11,Instagram,2026-03-26 07:17:29.608386,0
1224,vikram,You are so stupid,anger,negative,0.96,3,17,Instagram,2026-03-26 07:18:29.608386,1
1225,john,You are useless,anger,negative,0.94,3,15,YouTube,2026-03-26 07:19:29.608386,1
1226,rahul,Good effort,neutral,neutral,0.02,0,11,YouTube,2026-03-26 07:20:29.608386,0
1227,arjun,Keep going,joy,positive,0.06,0,10,YouTube,2026-03-26 07:21:29.608386,0
1228,arjun,Keep going,neutral,neutral,0.09,0,10,Instagram,2026-03-26 07:22:29.608386,0
1229,rahul,Great work!,joy,positive,0.28,0,11,YouTube,2026-03-26 07:23:29.608386,0
1230,meena,Great work!,neutral,positive,0.21,0,11,Twitter,2026-03-26 07:24:29.608386,0
1231,arjun,That's amazing,neutral,positive,0.1,0,14,Instagram,2026-03-26 07:25:29.608386,0
1232,priya,That's amazing,neutral,neutral,0.03,0,14,Instagram,2026-03-26 07:26:29.608386,0
1233,john,Keep going,joy,positive,0.29,0,10,Instagram,2026-03-26 07:27:29.608386,0
1234,priya,Keep going,joy,neutral,0.22,0,10,YouTube,2026-03-26 07:28:29.608386,0
1235,john,Have a nice day,neutral,positive,0.29,0,15,Instagram,2026-03-26 07:29:29.608386,0
1236,sara,You are a loser,anger,negative,0.98,3,15,Instagram,2026-03-26 07:30:29.608386,1
1237,priya,Great work!,joy,neutral,0.03,0,11,Twitter,2026-03-26 07:31:29.608386,0
1238,vikram,You are useless,anger,negative,0.93,1,15,Instagram,2026-03-26 07:32:29.608386,1
1239,arjun,That's amazing,joy,neutral,0.23,0,14,Instagram,2026-03-26 07:33:29.608386,0
1240,vikram,Go away idiot,anger,negative,0.71,1,13,YouTube,2026-03-26 07:34:29.608386,1
1241,anita,You are useless,anger,negative,0.77,3,15,Instagram,2026-03-26 07:35:29.608386,1
1242,rahul,Keep going,joy,neutral,0.16,0,10,YouTube,2026-03-26 07:36:29.608386,0
1243,john,Good effort,joy,neutral,0.1,0,11,Instagram,2026-03-26 07:37:29.608386,0
1244,sara,Good effort,joy,positive,0.25,0,11,Twitter,2026-03-26 07:38:29.608386,0
1245,john,Go away idiot,anger,negative,0.93,2,13,Instagram,2026-03-26 07:39:29.608386,1
1246,vikram,You are a loser,anger,negative,0.86,2,15,Instagram,2026-03-26 07:40:29.608386,1
1247,john,Nobody likes you,anger,negative,0.78,2,16,Instagram,2026-03-26 07:41:29.608386,1
1248,sara,Good effort,joy,neutral,0.26,0,11,Twitter,2026-03-26 07:42:29.608386,0
1249,priya,Good effort,joy,neutral,0.11,0,11,YouTube,2026-03-26 07:43:29.608386,0
1250,arjun,Go away idiot,anger,negative,0.92,2,13,Instagram,2026-03-26 07:44:29.608386,1
1251,rahul,Go away idiot,anger,negative,0.89,3,13,Twitter,2026-03-26 07:45:29.608386,1
1252,john,Great work!,joy,neutral,0.01,0,11,Twitter,2026-03-26 07:46:29.608386,0
1253,meena,Have a nice day,joy,positive,0.22,0,15,Instagram,2026-03-26 07:47:29.608386,0
1254,sara,You are a loser,anger,negative,0.92,1,15,YouTube,2026-03-26 07:48:29.608386,1
1255,priya,Have a nice day,neutral,positive,0.07,0,15,YouTube,2026-03-26 07:49:29.608386,0
1256,anita,That's amazing,joy,positive,0.08,0,14,YouTube,2026-03-26 07:50:29.608386,0
1257,sara,Have a nice day,neutral,positive,0.19,0,15,YouTube,2026-03-26 07:51:29.608386,0
1258,priya,That's amazing,joy,positive,0.16,0,14,YouTube,2026-03-26 07:52:29.608386,0
1259,rahul,Go away idiot,anger,negative,0.88,2,13,Instagram,2026-03-26 07:53:29.608386,1
1260,sara,Keep going,neutral,neutral,0.06,0,10,YouTube,2026-03-26 07:54:29.608386,0
1261,anita,You are so stupid,anger,negative,0.9,2,17,Twitter,2026-03-26 07:55:29.608386,1
1262,rahul,You are useless,anger,negative,0.74,2,15,Instagram,2026-03-26 07:56:29.608386,1
1263,arjun,Great work!,joy,positive,0.08,0,11,YouTube,2026-03-26 07:57:29.608386,0
1264,priya,Nobody likes you,anger,negative,0.86,3,16,Instagram,2026-03-26 07:58:29.608386,1
1265,arjun,Great work!,joy,neutral,0.28,0,11,Twitter,2026-03-26 07:59:29.608386,0
1266,meena,Keep going,neutral,positive,0.25,0,10,Instagram,2026-03-26 08:00:29.608386,0
1267,vikram,You are a loser,anger,negative,0.97,1,15,YouTube,2026-03-26 08:01:29.608386,1
1268,john,You are so stupid,anger,negative,0.85,1,17,Twitter,2026-03-26 08:02:29.608386,1
1269,priya,Well done,neutral,neutral,0.12,0,9,Instagram,2026-03-26 08:03:29.608386,0
1270,priya,Well done,joy,neutral,0.01,0,9,YouTube,2026-03-26 08:04:29.608386,0
1271,sara,Go away idiot,anger,negative,0.83,2,13,Instagram,2026-03-26 08:05:29.608386,1
1272,sara,Great work!,neutral,positive,0.22,0,11,Twitter,2026-03-26 08:06:29.608386,0
1273,rahul,Nobody likes you,anger,negative,0.87,1,16,YouTube,2026-03-26 08:07:29.608386,1
1274,vikram,Nobody likes you,anger,negative,0.78,2,16,Instagram,2026-03-26 08:08:29.608386,1
1275,anita,Well done,joy,positive,0.11,0,9,YouTube,2026-03-26 08:09:29.608386,0
1276,sara,Nobody likes you,anger,negative,0.82,3,16,Instagram,2026-03-26 08:10:29.608386,1
1277,meena,Good effort,joy,neutral,0.11,0,11,Twitter,2026-03-26 08:11:29.608386,0
1278,vikram,Well done,joy,positive,0.22,0,9,YouTube,2026-03-26 08:12:29.608386,0
1279,john,That's amazing,joy,positive,0.07,0,14,Twitter,2026-03-26 08:13:29.608386,0
1280,sara,You are a loser,anger,negative,0.88,3,15,Twitter,2026-03-26 08:14:29.608386,1
1281,meena,Nobody likes you,anger,negative,0.95,1,16,Instagram,2026-03-26 08:15:29.608386,1
1282,sara,Great work!,neutral,neutral,0.1,0,11,Twitter,2026-03-26 08:16:29.608386,0
1283,sara,Have a nice day,neutral,neutral,0.08,0,15,Twitter,2026-03-26 08:17:29.608386,0
1284,john,Shut up you fool,anger,negative,0.72,2,16,Instagram,2026-03-26 08:18:29.608386,1
1285,meena,Go away idiot,anger,negative,0.87,3,13,Instagram,2026-03-26 08:19:29.608386,1
1286,meena,You are useless,anger,negative,0.89,3,15,Instagram,2026-03-26 08:20:29.608386,1
1287,john,You are useless,anger,negative,0.98,2,15,Twitter,2026-03-26 08:21:29.608386,1
1288,rahul,You are a loser,anger,negative,0.81,2,15,YouTube,2026-03-26 08:22:29.608386,1
1289,rahul,You are a loser,anger,negative,0.72,2,15,Twitter,2026-03-26 08:23:29.608386,1
1290,arjun,Good effort,neutral,positive,0.23,0,11,Twitter,2026-03-26 08:24:29.608386,0
1291,meena,Keep going,neutral,positive,0.06,0,10,YouTube,2026-03-26 08:25:29.608386,0
1292,priya,Keep going,joy,neutral,0.18,0,10,Twitter,2026-03-26 08:26:29.608386,0
1293,john,Have a nice day,joy,neutral,0.09,0,15,YouTube,2026-03-26 08:27:29.608386,0
1294,meena,Go away idiot,anger,negative,0.82,1,13,YouTube,2026-03-26 08:28:29.608386,1
1295,meena,Well done,joy,neutral,0.13,0,9,Instagram,2026-03-26 08:29:29.608386,0
1296,rahul,Go away idiot,anger,negative,0.87,3,13,Twitter,2026-03-26 08:30:29.608386,1
1297,rahul,Have a nice day,neutral,positive,0.06,0,15,YouTube,2026-03-26 08:31:29.608386,0
1298,rahul,Well done,neutral,positive,0.05,0,9,Instagram,2026-03-26 08:32:29.608386,0
1299,arjun,You are a loser,anger,negative,0.72,3,15,Twitter,2026-03-26 08:33:29.608386,1
1300,sara,Go away idiot,anger,negative,0.95,3,13,Instagram,2026-03-26 08:34:29.608386,1
1301,meena,Nobody likes you,anger,negative,0.71,2,16,YouTube,2026-03-26 08:35:29.608386,1
1302,john,Shut up you fool,anger,negative,0.78,2,16,Twitter,2026-03-26 08:36:29.608386,1
1303,meena,Keep going,neutral,neutral,0.06,0,10,YouTube,2026-03-26 08:37:29.608386,0
1304,vikram,Shut up you fool,anger,negative,0.87,3,16,Twitter,2026-03-26 08:38:29.608386,1
1305,arjun,You are useless,anger,negative,0.71,1,15,Instagram,2026-03-26 08:39:29.608386,1
1306,sara,You are useless,anger,negative,0.77,2,15,YouTube,2026-03-26 08:40:29.608386,1
1307,rahul,You are so stupid,anger,negative,0.95,3,17,Instagram,2026-03-26 08:41:29.608386,1
1308,vikram,Well done,joy,positive,0.13,0,9,YouTube,2026-03-26 08:42:29.608386,0
1309,arjun,You are a loser,anger,negative,0.93,1,15,Twitter,2026-03-26 08:43:29.608386,1
1310,priya,That's amazing,neutral,neutral,0.3,0,14,YouTube,2026-03-26 08:44:29.608386,0
1311,anita,You are so stupid,anger,negative,0.91,3,17,YouTube,2026-03-26 08:45:29.608386,1
1312,priya,Shut up you fool,anger,negative,0.74,2,16,YouTube,2026-03-26 08:46:29.608386,1
1313,priya,You are a loser,anger,negative,1.0,2,15,Instagram,2026-03-26 08:47:29.608386,1
1314,anita,You are useless,anger,negative,0.81,3,15,YouTube,2026-03-26 08:48:29.608386,1
1315,vikram,That's amazing,neutral,positive,0.08,0,14,Instagram,2026-03-26 08:49:29.608386,0
1316,sara,You are useless,anger,negative,0.74,1,15,YouTube,2026-03-26 08:50:29.608386,1
1317,priya,Shut up you fool,anger,negative,0.98,1,16,YouTube,2026-03-26 08:51:29.608386,1
1318,john,Shut up you fool,anger,negative,0.98,1,16,YouTube,2026-03-26 08:52:29.608386,1
1319,rahul,Great work!,neutral,neutral,0.11,0,11,YouTube,2026-03-26 08:53:29.608386,0
1320,anita,Have a nice day,neutral,neutral,0.05,0,15,Instagram,2026-03-26 08:54:29.608386,0
1321,meena,Have a nice day,joy,positive,0.21,0,15,Twitter,2026-03-26 08:55:29.608386,0
1322,priya,Shut up you fool,anger,negative,0.8,1,16,Instagram,2026-03-26 08:56:29.608386,1
1323,sara,Go away idiot,anger,negative,0.91,2,13,Twitter,2026-03-26 08:57:29.608386,1
1324,john,Well done,joy,positive,0.13,0,9,YouTube,2026-03-26 08:58:29.608386,0
1325,arjun,Great work!,joy,neutral,0.23,0,11,Twitter,2026-03-26 08:59:29.608386,0
1326,priya,You are useless,anger,negative,0.71,2,15,YouTube,2026-03-26 09:00:29.608386,1
1327,anita,Nobody likes you,anger,negative,0.74,3,16,Twitter,2026-03-26 09:01:29.608386,1
1328,sara,That's amazing,joy,positive,0.13,0,14,YouTube,2026-03-26 09:02:29.608386,0
1329,anita,That's amazing,joy,positive,0.28,0,14,YouTube,2026-03-26 09:03:29.608386,0
1330,meena,You are useless,anger,negative,0.93,3,15,Instagram,2026-03-26 09:04:29.608386,1
1331,rahul,Well done,joy,neutral,0.28,0,9,Instagram,2026-03-26 09:05:29.608386,0
1332,vikram,Good effort,neutral,positive,0.3,0,11,Instagram,2026-03-26 09:06:29.608386,0
1333,priya,You are useless,anger,negative,0.72,3,15,Twitter,2026-03-26 09:07:29.608386,1
1334,arjun,Well done,joy,positive,0.29,0,9,YouTube,2026-03-26 09:08:29.608386,0
1335,meena,Good effort,neutral,neutral,0.09,0,11,Twitter,2026-03-26 09:09:29.608386,0
1336,anita,Great work!,neutral,neutral,0.11,0,11,Instagram,2026-03-26 09:10:29.608386,0
1337,sara,You are so stupid,anger,negative,0.74,3,17,Twitter,2026-03-26 09:11:29.608386,1
1338,arjun,That's amazing,joy,neutral,0.18,0,14,YouTube,2026-03-26 09:12:29.608386,0
1339,john,That's amazing,joy,neutral,0.28,0,14,YouTube,2026-03-26 09:13:29.608386,0
1340,meena,Have a nice day,joy,positive,0.15,0,15,Twitter,2026-03-26 09:14:29.608386,0
1341,vikram,You are a loser,anger,negative,0.86,2,15,Instagram,2026-03-26 09:15:29.608386,1
1342,priya,Have a nice day,neutral,positive,0.07,0,15,Instagram,2026-03-26 09:16:29.608386,0
1343,meena,Keep going,neutral,positive,0.26,0,10,YouTube,2026-03-26 09:17:29.608386,0
1344,vikram,Nobody likes you,anger,negative,0.91,1,16,Instagram,2026-03-26 09:18:29.608386,1
1345,priya,Shut up you fool,anger,negative,0.74,3,16,Instagram,2026-03-26 09:19:29.608386,1
1346,rahul,Shut up you fool,anger,negative,0.75,2,16,Twitter,2026-03-26 09:20:29.608386,1
1347,vikram,Have a nice day,neutral,positive,0.05,0,15,Instagram,2026-03-26 09:21:29.608386,0
1348,meena,You are so stupid,anger,negative,0.74,3,17,Twitter,2026-03-26 09:22:29.608386,1
1349,vikram,You are useless,anger,negative,0.96,3,15,Instagram,2026-03-26 09:23:29.608386,1
1350,john,Great work!,neutral,neutral,0.16,0,11,Twitter,2026-03-26 09:24:29.608386,0
1351,sara,You are useless,anger,negative,0.98,1,15,Instagram,2026-03-26 09:25:29.608386,1
1352,meena,You are so stupid,anger,negative,0.95,2,17,YouTube,2026-03-26 09:26:29.608386,1
1353,sara,Well done,joy,neutral,0.14,0,9,Instagram,2026-03-26 09:27:29.608386,0
1354,anita,You are useless,anger,negative,0.75,3,15,Twitter,2026-03-26 09:28:29.608386,1
1355,john,Nobody likes you,anger,negative,1.0,2,16,Instagram,2026-03-26 09:29:29.608386,1
1356,meena,You are a loser,anger,negative,0.96,3,15,YouTube,2026-03-26 09:30:29.608386,1
1357,arjun,Well done,neutral,positive,0.04,0,9,Twitter,2026-03-26 09:31:29.608386,0
1358,sara,You are so stupid,anger,negative,0.92,1,17,Twitter,2026-03-26 09:32:29.608386,1
1359,john,Keep going,neutral,positive,0.1,0,10,Instagram,2026-03-26 09:33:29.608386,0
1360,meena,Shut up you fool,anger,negative,0.99,2,16,Instagram,2026-03-26 09:34:29.608386,1
1361,john,Great work!,neutral,neutral,0.3,0,11,YouTube,2026-03-26 09:35:29.608386,0
1362,meena,You are useless,anger,negative,0.84,3,15,Twitter,2026-03-26 09:36:29.608386,1
1363,john,Shut up you fool,anger,negative,1.0,1,16,Twitter,2026-03-26 09:37:29.608386,1
1364,meena,Shut up you fool,anger,negative,0.96,1,16,YouTube,2026-03-26 09:38:29.608386,1
1365,priya,Great work!,neutral,neutral,0.08,0,11,YouTube,2026-03-26 09:39:29.608386,0
1366,john,Have a nice day,neutral,positive,0.06,0,15,YouTube,2026-03-26 09:40:29.608386,0
1367,priya,Nobody likes you,anger,negative,0.89,1,16,YouTube,2026-03-26 09:41:29.608386,1
1368,arjun,That's amazing,joy,positive,0.0,0,14,Twitter,2026-03-26 09:42:29.608386,0
1369,anita,Shut up you fool,anger,negative,0.83,1,16,YouTube,2026-03-26 09:43:29.608386,1
1370,john,You are so stupid,anger,negative,0.9,1,17,Instagram,2026-03-26 09:44:29.608386,1
1371,meena,You are so stupid,anger,negative,0.73,2,17,YouTube,2026-03-26 09:45:29.608386,1
1372,priya,You are useless,anger,negative,0.89,1,15,Twitter,2026-03-26 09:46:29.608386,1
1373,meena,Keep going,neutral,positive,0.17,0,10,Instagram,2026-03-26 09:47:29.608386,0
1374,priya,Have a nice day,neutral,neutral,0.19,0,15,Twitter,2026-03-26 09:48:29.608386,0
1375,meena,Great work!,joy,neutral,0.1,0,11,Instagram,2026-03-26 09:49:29.608386,0
1376,rahul,That's amazing,joy,neutral,0.11,0,14,YouTube,2026-03-26 09:50:29.608386,0
1377,meena,Good effort,neutral,neutral,0.29,0,11,Twitter,2026-03-26 09:51:29.608386,0
1378,anita,Go away idiot,anger,negative,0.8,2,13,Instagram,2026-03-26 09:52:29.608386,1
1379,meena,You are useless,anger,negative,0.81,1,15,Twitter,2026-03-26 09:53:29.608386,1
1380,john,Go away idiot,anger,negative,0.83,3,13,Twitter,2026-03-26 09:54:29.608386,1
1381,arjun,Go away idiot,anger,negative,0.7,1,13,Instagram,2026-03-26 09:55:29.608386,1
1382,john,Have a nice day,neutral,positive,0.04,0,15,YouTube,2026-03-26 09:56:29.608386,0
1383,john,Good effort,joy,neutral,0.11,0,11,Instagram,2026-03-26 09:57:29.608386,0
1384,rahul,Have a nice day,neutral,neutral,0.17,0,15,Instagram,2026-03-26 09:58:29.608386,0
1385,anita,Good effort,joy,positive,0.04,0,11,YouTube,2026-03-26 09:59:29.608386,0
1386,arjun,You are useless,anger,negative,1.0,1,15,Instagram,2026-03-26 10:00:29.608386,1
1387,priya,Shut up you fool,anger,negative,0.87,2,16,Twitter,2026-03-26 10:01:29.608386,1
1388,arjun,Shut up you fool,anger,negative,0.95,1,16,Instagram,2026-03-26 10:02:29.608386,1
1389,sara,Nobody likes you,anger,negative,0.83,2,16,Instagram,2026-03-26 10:03:29.608386,1
1390,vikram,Go away idiot,anger,negative,0.93,2,13,YouTube,2026-03-26 10:04:29.608386,1
1391,rahul,Well done,neutral,neutral,0.18,0,9,YouTube,2026-03-26 10:05:29.608386,0
1392,anita,Nobody likes you,anger,negative,0.87,2,16,Twitter,2026-03-26 10:06:29.608386,1
1393,anita,Well done,neutral,positive,0.05,0,9,Instagram,2026-03-26 10:07:29.608386,0
1394,sara,Shut up you fool,anger,negative,0.91,1,16,Twitter,2026-03-26 10:08:29.608386,1
1395,meena,You are so stupid,anger,negative,0.84,3,17,Instagram,2026-03-26 10:09:29.608386,1
1396,arjun,Well done,joy,neutral,0.14,0,9,Instagram,2026-03-26 10:10:29.608386,0
1397,vikram,You are a loser,anger,negative,0.86,2,15,Instagram,2026-03-26 10:11:29.608386,1
1398,anita,That's amazing,joy,neutral,0.14,0,14,Twitter,2026-03-26 10:12:29.608386,0
1399,priya,Good effort,neutral,neutral,0.13,0,11,YouTube,2026-03-26 10:13:29.608386,0
1400,priya,Well done,neutral,neutral,0.08,0,9,YouTube,2026-03-26 10:14:29.608386,0
1401,sara,That's amazing,neutral,neutral,0.21,0,14,YouTube,2026-03-26 10:15:29.608386,0
1402,vikram,Go away idiot,anger,negative,0.73,1,13,Instagram,2026-03-26 10:16:29.608386,1
1403,sara,Have a nice day,neutral,positive,0.05,0,15,Instagram,2026-03-26 10:17:29.608386,0
1404,anita,You are useless,anger,negative,0.71,2,15,Twitter,2026-03-26 10:18:29.608386,1
1405,meena,Nobody likes you,anger,negative,0.96,3,16,Instagram,2026-03-26 10:19:29.608386,1
1406,rahul,Go away idiot,anger,negative,0.85,1,13,Twitter,2026-03-26 10:20:29.608386,1
1407,meena,Great work!,neutral,neutral,0.27,0,11,Instagram,2026-03-26 10:21:29.608386,0
1408,anita,You are so stupid,anger,negative,0.87,3,17,Twitter,2026-03-26 10:22:29.608386,1
1409,sara,Good effort,joy,positive,0.08,0,11,YouTube,2026-03-26 10:23:29.608386,0
1410,vikram,You are so stupid,anger,negative,0.74,3,17,Twitter,2026-03-26 10:24:29.608386,1
1411,meena,Well done,neutral,neutral,0.03,0,9,Instagram,2026-03-26 10:25:29.608386,0
1412,vikram,Nobody likes you,anger,negative,0.77,1,16,Twitter,2026-03-26 10:26:29.608386,1
1413,anita,You are a loser,anger,negative,0.82,1,15,Instagram,2026-03-26 10:27:29.608386,1
1414,vikram,Shut up you fool,anger,negative,0.88,1,16,YouTube,2026-03-26 10:28:29.608386,1
1415,meena,You are a loser,anger,negative,0.96,1,15,Instagram,2026-03-26 10:29:29.608386,1
1416,priya,Great work!,joy,positive,0.23,0,11,YouTube,2026-03-26 10:30:29.608386,0
1417,sara,Have a nice day,neutral,positive,0.29,0,15,Instagram,2026-03-26 10:31:29.608386,0
1418,arjun,You are a loser,anger,negative,0.93,3,15,Twitter,2026-03-26 10:32:29.608386,1
1419,meena,Well done,joy,positive,0.05,0,9,YouTube,2026-03-26 10:33:29.608386,0
1420,anita,You are a loser,anger,negative,0.96,3,15,Twitter,2026-03-26 10:34:29.608386,1
1421,arjun,Nobody likes you,anger,negative,0.92,1,16,Instagram,2026-03-26 10:35:29.608386,1
1422,anita,Great work!,neutral,positive,0.22,0,11,Instagram,2026-03-26 10:36:29.608386,0
1423,priya,You are a loser,anger,negative,0.87,2,15,Twitter,2026-03-26 10:37:29.608386,1
1424,priya,You are a loser,anger,negative,0.72,2,15,YouTube,2026-03-26 10:38:29.608386,1
1425,priya,You are a loser,anger,negative,0.8,1,15,Instagram,2026-03-26 10:39:29.608386,1
1426,anita,You are a loser,anger,negative,0.86,3,15,Twitter,2026-03-26 10:40:29.608386,1
1427,arjun,Have a nice day,neutral,neutral,0.22,0,15,YouTube,2026-03-26 10:41:29.608386,0
1428,vikram,Shut up you fool,anger,negative,0.96,2,16,YouTube,2026-03-26 10:42:29.608386,1
1429,arjun,Keep going,joy,positive,0.25,0,10,Instagram,2026-03-26 10:43:29.608386,0
1430,vikram,Have a nice day,joy,positive,0.09,0,15,Twitter,2026-03-26 10:44:29.608386,0
1431,arjun,Nobody likes you,anger,negative,0.89,3,16,Twitter,2026-03-26 10:45:29.608386,1
1432,arjun,Well done,joy,neutral,0.14,0,9,Instagram,2026-03-26 10:46:29.608386,0
1433,vikram,Shut up you fool,anger,negative,0.82,2,16,YouTube,2026-03-26 10:47:29.608386,1
1434,meena,You are a loser,anger,negative,0.9,3,15,Instagram,2026-03-26 10:48:29.608386,1
1435,priya,Good effort,neutral,positive,0.04,0,11,Twitter,2026-03-26 10:49:29.608386,0
1436,arjun,Great work!,neutral,positive,0.01,0,11,YouTube,2026-03-26 10:50:29.608386,0
1437,vikram,You are a loser,anger,negative,0.98,2,15,YouTube,2026-03-26 10:51:29.608386,1
1438,john,Shut up you fool,anger,negative,0.73,1,16,Twitter,2026-03-26 10:52:29.608386,1
1439,anita,Good effort,neutral,positive,0.23,0,11,Twitter,2026-03-26 10:53:29.608386,0
1440,rahul,Nobody likes you,anger,negative,0.95,2,16,Twitter,2026-03-26 10:54:29.608386,1
1441,sara,That's amazing,joy,positive,0.23,0,14,Twitter,2026-03-26 10:55:29.608386,0
1442,vikram,You are so stupid,anger,negative,0.93,3,17,Instagram,2026-03-26 10:56:29.608386,1
1443,sara,You are useless,anger,negative,0.93,3,15,YouTube,2026-03-26 10:57:29.608386,1
1444,anita,Go away idiot,anger,negative,0.77,3,13,Instagram,2026-03-26 10:58:29.608386,1
1445,anita,Keep going,neutral,positive,0.01,0,10,Twitter,2026-03-26 10:59:29.608386,0
1446,arjun,Shut up you fool,anger,negative,0.94,2,16,Twitter,2026-03-26 11:00:29.608386,1
1447,vikram,Go away idiot,anger,negative,0.99,1,13,Instagram,2026-03-26 11:01:29.608386,1
1448,anita,Great work!,joy,neutral,0.23,0,11,Twitter,2026-03-26 11:02:29.608386,0
1449,rahul,Have a nice day,joy,positive,0.19,0,15,Instagram,2026-03-26 11:03:29.608386,0
1450,arjun,Keep going,joy,neutral,0.2,0,10,Twitter,2026-03-26 11:04:29.608386,0
1451,meena,You are so stupid,anger,negative,0.75,2,17,YouTube,2026-03-26 11:05:29.608386,1
1452,meena,You are so stupid,anger,negative,0.92,2,17,Twitter,2026-03-26 11:06:29.608386,1
1453,arjun,Great work!,neutral,neutral,0.25,0,11,Instagram,2026-03-26 11:07:29.608386,0
1454,arjun,Go away idiot,anger,negative,0.78,3,13,YouTube,2026-03-26 11:08:29.608386,1
1455,vikram,Good effort,joy,neutral,0.17,0,11,Instagram,2026-03-26 11:09:29.608386,0
1456,sara,Great work!,joy,positive,0.04,0,11,Instagram,2026-03-26 11:10:29.608386,0
1457,sara,Well done,joy,neutral,0.19,0,9,YouTube,2026-03-26 11:11:29.608386,0
1458,sara,Keep going,neutral,neutral,0.11,0,10,YouTube,2026-03-26 11:12:29.608386,0
1459,meena,Great work!,neutral,positive,0.11,0,11,YouTube,2026-03-26 11:13:29.608386,0
1460,anita,You are a loser,anger,negative,0.86,1,15,YouTube,2026-03-26 11:14:29.608386,1
1461,rahul,Shut up you fool,anger,negative,0.85,2,16,Instagram,2026-03-26 11:15:29.608386,1
1462,arjun,Well done,neutral,positive,0.19,0,9,Twitter,2026-03-26 11:16:29.608386,0
1463,meena,That's amazing,joy,neutral,0.07,0,14,YouTube,2026-03-26 11:17:29.608386,0
1464,anita,Nobody likes you,anger,negative,0.88,1,16,Instagram,2026-03-26 11:18:29.608386,1
1465,priya,You are a loser,anger,negative,0.71,3,15,Twitter,2026-03-26 11:19:29.608386,1
1466,anita,Keep going,neutral,positive,0.27,0,10,Twitter,2026-03-26 11:20:29.608386,0
1467,priya,Have a nice day,joy,neutral,0.02,0,15,Instagram,2026-03-26 11:21:29.608386,0
1468,arjun,You are a loser,anger,negative,0.76,2,15,YouTube,2026-03-26 11:22:29.608386,1
1469,john,That's amazing,neutral,neutral,0.08,0,14,Instagram,2026-03-26 11:23:29.608386,0
1470,john,Nobody likes you,anger,negative,0.88,3,16,Twitter,2026-03-26 11:24:29.608386,1
1471,priya,Well done,neutral,neutral,0.03,0,9,Instagram,2026-03-26 11:25:29.608386,0
1472,vikram,Good effort,neutral,neutral,0.07,0,11,Twitter,2026-03-26 11:26:29.608386,0
1473,meena,You are useless,anger,negative,0.77,1,15,Twitter,2026-03-26 11:27:29.608386,1
1474,priya,You are a loser,anger,negative,0.75,2,15,Twitter,2026-03-26 11:28:29.608386,1
1475,anita,You are useless,anger,negative,0.97,1,15,Twitter,2026-03-26 11:29:29.608386,1
1476,arjun,Shut up you fool,anger,negative,0.77,2,16,Instagram,2026-03-26 11:30:29.608386,1
1477,meena,Shut up you fool,anger,negative,0.98,3,16,Instagram,2026-03-26 11:31:29.608386,1
1478,priya,You are useless,anger,negative,0.96,2,15,Instagram,2026-03-26 11:32:29.608386,1
1479,arjun,Well done,joy,neutral,0.21,0,9,Instagram,2026-03-26 11:33:29.608386,0
1480,priya,That's amazing,neutral,positive,0.1,0,14,YouTube,2026-03-26 11:34:29.608386,0
1481,sara,Good effort,neutral,positive,0.16,0,11,YouTube,2026-03-26 11:35:29.608386,0
1482,sara,Good effort,joy,positive,0.21,0,11,Twitter,2026-03-26 11:36:29.608386,0
1483,arjun,Nobody likes you,anger,negative,0.93,1,16,YouTube,2026-03-26 11:37:29.608386,1
1484,rahul,Have a nice day,neutral,positive,0.01,0,15,Twitter,2026-03-26 11:38:29.608386,0
1485,priya,Keep going,neutral,positive,0.05,0,10,Instagram,2026-03-26 11:39:29.608386,0
1486,john,You are so stupid,anger,negative,0.82,1,17,YouTube,2026-03-26 11:40:29.608386,1
1487,rahul,Shut up you fool,anger,negative,0.73,2,16,YouTube,2026-03-26 11:41:29.608386,1
1488,arjun,Nobody likes you,anger,negative,0.98,3,16,YouTube,2026-03-26 11:42:29.608386,1
1489,arjun,Shut up you fool,anger,negative,0.85,3,16,YouTube,2026-03-26 11:43:29.608386,1
1490,priya,Go away idiot,anger,negative,0.86,2,13,Twitter,2026-03-26 11:44:29.608386,1
1491,arjun,Have a nice day,joy,neutral,0.03,0,15,YouTube,2026-03-26 11:45:29.608386,0
1492,arjun,You are a loser,anger,negative,0.87,2,15,YouTube,2026-03-26 11:46:29.608386,1
1493,rahul,You are so stupid,anger,negative,0.77,1,17,Twitter,2026-03-26 11:47:29.608386,1
1494,vikram,Well done,neutral,neutral,0.12,0,9,Instagram,2026-03-26 11:48:29.608386,0
1495,arjun,That's amazing,neutral,neutral,0.21,0,14,YouTube,2026-03-26 11:49:29.608386,0
1496,priya,Go away idiot,anger,negative,0.89,1,13,Twitter,2026-03-26 11:50:29.608386,1
1497,anita,Great work!,joy,neutral,0.09,0,11,Twitter,2026-03-26 11:51:29.608386,0
1498,john,Good effort,neutral,positive,0.23,0,11,YouTube,2026-03-26 11:52:29.608386,0
1499,rahul,You are a loser,anger,negative,0.9,3,15,YouTube,2026-03-26 11:53:29.608386,1
1500,anita,That's amazing,neutral,positive,0.05,0,14,YouTube,2026-03-26 11:54:29.608386,0
1501,rahul,Good effort,joy,positive,0.26,0,11,YouTube,2026-03-26 11:55:29.608386,0
1502,anita,You are useless,anger,negative,0.84,2,15,YouTube,2026-03-26 11:56:29.608386,1
1503,john,Well done,neutral,neutral,0.25,0,9,YouTube,2026-03-26 11:57:29.608386,0
1504,sara,You are so stupid,anger,negative,0.97,3,17,YouTube,2026-03-26 11:58:29.608386,1
1505,sara,You are useless,anger,negative,0.82,2,15,Twitter,2026-03-26 11:59:29.608386,1
1506,anita,Good effort,joy,neutral,0.15,0,11,Twitter,2026-03-26 12:00:29.608386,0
1507,arjun,Well done,neutral,neutral,0.12,0,9,YouTube,2026-03-26 12:01:29.608386,0
1508,rahul,Go away idiot,anger,negative,0.93,2,13,YouTube,2026-03-26 12:02:29.608386,1
1509,sara,Go away idiot,anger,negative,0.7,1,13,Instagram,2026-03-26 12:03:29.608386,1
1510,meena,Great work!,neutral,neutral,0.2,0,11,Instagram,2026-03-26 12:04:29.608386,0
1511,anita,Shut up you fool,anger,negative,0.78,3,16,YouTube,2026-03-26 12:05:29.608386,1
1512,john,Shut up you fool,anger,negative,0.86,3,16,Twitter,2026-03-26 12:06:29.608386,1
1513,meena,Great work!,joy,neutral,0.18,0,11,YouTube,2026-03-26 12:07:29.608386,0
1514,john,That's amazing,joy,neutral,0.26,0,14,Twitter,2026-03-26 12:08:29.608386,0
1515,anita,Go away idiot,anger,negative,0.91,2,13,YouTube,2026-03-26 12:09:29.608386,1
1516,anita,Shut up you fool,anger,negative,0.99,1,16,YouTube,2026-03-26 12:10:29.608386,1
1517,meena,You are useless,anger,negative,0.89,1,15,Instagram,2026-03-26 12:11:29.608386,1
1518,sara,Nobody likes you,anger,negative,0.88,2,16,Twitter,2026-03-26 12:12:29.608386,1
1519,sara,You are a loser,anger,negative,0.75,3,15,YouTube,2026-03-26 12:13:29.608386,1
1520,arjun,You are so stupid,anger,negative,0.86,2,17,YouTube,2026-03-26 12:14:29.608386,1
1521,vikram,Great work!,joy,neutral,0.12,0,11,Instagram,2026-03-26 12:15:29.608386,0
1522,arjun,Well done,neutral,positive,0.2,0,9,Twitter,2026-03-26 12:16:29.608386,0
1523,arjun,Go away idiot,anger,negative,0.89,1,13,YouTube,2026-03-26 12:17:29.608386,1
1524,meena,That's amazing,neutral,neutral,0.09,0,14,YouTube,2026-03-26 12:18:29.608386,0
1525,anita,Good effort,joy,neutral,0.12,0,11,Twitter,2026-03-26 12:19:29.608386,0
1526,arjun,Well done,joy,neutral,0.3,0,9,Instagram,2026-03-26 12:20:29.608386,0
1527,arjun,Keep going,neutral,positive,0.25,0,10,Instagram,2026-03-26 12:21:29.608386,0
1528,anita,That's amazing,joy,positive,0.0,0,14,Instagram,2026-03-26 12:22:29.608386,0
1529,sara,You are useless,anger,negative,0.88,2,15,YouTube,2026-03-26 12:23:29.608386,1
1530,arjun,Have a nice day,neutral,neutral,0.07,0,15,YouTube,2026-03-26 12:24:29.608386,0
1531,priya,Go away idiot,anger,negative,0.71,2,13,YouTube,2026-03-26 12:25:29.608386,1
1532,rahul,Go away idiot,anger,negative,0.84,2,13,Twitter,2026-03-26 12:26:29.608386,1
1533,vikram,Good effort,joy,neutral,0.22,0,11,YouTube,2026-03-26 12:27:29.608386,0
1534,arjun,That's amazing,joy,positive,0.14,0,14,Instagram,2026-03-26 12:28:29.608386,0
1535,sara,Well done,neutral,neutral,0.16,0,9,Instagram,2026-03-26 12:29:29.608386,0
1536,priya,You are so stupid,anger,negative,0.89,3,17,YouTube,2026-03-26 12:30:29.608386,1
1537,john,Keep going,neutral,positive,0.12,0,10,YouTube,2026-03-26 12:31:29.608386,0
1538,priya,Shut up you fool,anger,negative,0.77,2,16,Twitter,2026-03-26 12:32:29.608386,1
1539,anita,Go away idiot,anger,negative,0.77,1,13,Twitter,2026-03-26 12:33:29.608386,1
1540,sara,Shut up you fool,anger,negative,0.89,3,16,Twitter,2026-03-26 12:34:29.608386,1
1541,meena,You are a loser,anger,negative,0.8,2,15,YouTube,2026-03-26 12:35:29.608386,1
1542,meena,You are a loser,anger,negative,0.97,1,15,Instagram,2026-03-26 12:36:29.608386,1
1543,anita,Well done,joy,positive,0.24,0,9,Twitter,2026-03-26 12:37:29.608386,0
1544,priya,Great work!,joy,neutral,0.17,0,11,Twitter,2026-03-26 12:38:29.608386,0
1545,meena,Good effort,neutral,positive,0.21,0,11,YouTube,2026-03-26 12:39:29.608386,0
1546,rahul,You are so stupid,anger,negative,0.99,3,17,Instagram,2026-03-26 12:40:29.608386,1
1547,anita,You are useless,anger,negative,0.89,1,15,Twitter,2026-03-26 12:41:29.608386,1
1548,rahul,Have a nice day,joy,positive,0.11,0,15,YouTube,2026-03-26 12:42:29.608386,0
1549,arjun,You are useless,anger,negative,0.88,2,15,YouTube,2026-03-26 12:43:29.608386,1
1550,priya,You are so stupid,anger,negative,0.81,2,17,YouTube,2026-03-26 12:44:29.608386,1
1551,vikram,Well done,neutral,positive,0.1,0,9,YouTube,2026-03-26 12:45:29.608386,0
1552,priya,Keep going,neutral,neutral,0.29,0,10,Instagram,2026-03-26 12:46:29.608386,0
1553,sara,Good effort,joy,positive,0.05,0,11,Instagram,2026-03-26 12:47:29.608386,0
1554,sara,Well done,joy,positive,0.15,0,9,Instagram,2026-03-26 12:48:29.608386,0
1555,rahul,Good effort,joy,neutral,0.01,0,11,YouTube,2026-03-26 12:49:29.608386,0
1556,vikram,Nobody likes you,anger,negative,0.97,3,16,Instagram,2026-03-26 12:50:29.608386,1
1557,anita,Well done,neutral,positive,0.3,0,9,Twitter,2026-03-26 12:51:29.608386,0
1558,sara,Nobody likes you,anger,negative,0.99,2,16,Instagram,2026-03-26 12:52:29.608386,1
1559,anita,Great work!,neutral,positive,0.27,0,11,Twitter,2026-03-26 12:53:29.608386,0
1560,meena,Go away idiot,anger,negative,0.76,1,13,YouTube,2026-03-26 12:54:29.608386,1
1561,john,Great work!,joy,positive,0.12,0,11,Twitter,2026-03-26 12:55:29.608386,0
1562,john,Go away idiot,anger,negative,0.93,1,13,Instagram,2026-03-26 12:56:29.608386,1
1563,meena,Go away idiot,anger,negative,0.92,1,13,YouTube,2026-03-26 12:57:29.608386,1
1564,sara,That's amazing,joy,neutral,0.0,0,14,Twitter,2026-03-26 12:58:29.608386,0
1565,priya,Well done,joy,positive,0.11,0,9,Instagram,2026-03-26 12:59:29.608386,0
1566,anita,Well done,neutral,positive,0.06,0,9,YouTube,2026-03-26 13:00:29.608386,0
1567,priya,That's amazing,neutral,positive,0.13,0,14,Instagram,2026-03-26 13:01:29.608386,0
1568,meena,Great work!,neutral,positive,0.17,0,11,Instagram,2026-03-26 13:02:29.608386,0
1569,meena,Have a nice day,neutral,positive,0.02,0,15,Instagram,2026-03-26 13:03:29.608386,0
1570,sara,Well done,neutral,neutral,0.01,0,9,Twitter,2026-03-26 13:04:29.608386,0
1571,sara,You are useless,anger,negative,0.74,2,15,Twitter,2026-03-26 13:05:29.608386,1
1572,sara,Well done,neutral,neutral,0.29,0,9,YouTube,2026-03-26 13:06:29.608386,0
1573,anita,Great work!,neutral,positive,0.15,0,11,YouTube,2026-03-26 13:07:29.608386,0
1574,sara,You are so stupid,anger,negative,0.72,3,17,YouTube,2026-03-26 13:08:29.608386,1
1575,arjun,You are useless,anger,negative,0.94,1,15,Twitter,2026-03-26 13:09:29.608386,1
1576,anita,Keep going,joy,positive,0.03,0,10,YouTube,2026-03-26 13:10:29.608386,0
1577,meena,Keep going,joy,positive,0.18,0,10,Twitter,2026-03-26 13:11:29.608386,0
1578,priya,You are so stupid,anger,negative,0.92,1,17,YouTube,2026-03-26 13:12:29.608386,1
1579,sara,Great work!,joy,positive,0.02,0,11,YouTube,2026-03-26 13:13:29.608386,0
1580,arjun,Have a nice day,neutral,neutral,0.07,0,15,YouTube,2026-03-26 13:14:29.608386,0
1581,meena,Have a nice day,neutral,positive,0.27,0,15,Instagram,2026-03-26 13:15:29.608386,0
1582,arjun,You are useless,anger,negative,0.89,2,15,YouTube,2026-03-26 13:16:29.608386,1
1583,meena,Good effort,neutral,positive,0.24,0,11,YouTube,2026-03-26 13:17:29.608386,0
1584,arjun,Great work!,neutral,neutral,0.26,0,11,YouTube,2026-03-26 13:18:29.608386,0
1585,anita,Great work!,joy,positive,0.25,0,11,Instagram,2026-03-26 13:19:29.608386,0
1586,sara,Nobody likes you,anger,negative,0.9,2,16,YouTube,2026-03-26 13:20:29.608386,1
1587,rahul,That's amazing,neutral,neutral,0.23,0,14,Twitter,2026-03-26 13:21:29.608386,0
1588,anita,You are so stupid,anger,negative,0.8,1,17,Twitter,2026-03-26 13:22:29.608386,1
1589,arjun,Well done,joy,neutral,0.28,0,9,YouTube,2026-03-26 13:23:29.608386,0
1590,sara,Good effort,joy,neutral,0.16,0,11,YouTube,2026-03-26 13:24:29.608386,0
1591,meena,You are a loser,anger,negative,0.82,1,15,Instagram,2026-03-26 13:25:29.608386,1
1592,vikram,Great work!,neutral,neutral,0.1,0,11,Instagram,2026-03-26 13:26:29.608386,0
1593,priya,You are useless,anger,negative,0.72,3,15,Twitter,2026-03-26 13:27:29.608386,1
1594,rahul,You are a loser,anger,negative,0.72,1,15,Instagram,2026-03-26 13:28:29.608386,1
1595,arjun,Great work!,joy,neutral,0.16,0,11,Twitter,2026-03-26 13:29:29.608386,0
1596,anita,Great work!,joy,neutral,0.04,0,11,Instagram,2026-03-26 13:30:29.608386,0
1597,anita,Good effort,neutral,neutral,0.29,0,11,YouTube,2026-03-26 13:31:29.608386,0
1598,rahul,Great work!,joy,neutral,0.11,0,11,YouTube,2026-03-26 13:32:29.608386,0
1599,rahul,You are a loser,anger,negative,0.74,3,15,Instagram,2026-03-26 13:33:29.608386,1
1600,anita,You are useless,anger,negative,0.71,3,15,Twitter,2026-03-26 13:34:29.608386,1
1601,vikram,You are useless,anger,negative,0.86,2,15,Instagram,2026-03-26 13:35:29.608386,1
1602,anita,Well done,neutral,neutral,0.14,0,9,Twitter,2026-03-26 13:36:29.608386,0
1603,sara,Well done,joy,neutral,0.01,0,9,Instagram,2026-03-26 13:37:29.608386,0
1604,arjun,Great work!,joy,neutral,0.27,0,11,Twitter,2026-03-26 13:38:29.608386,0
1605,arjun,Have a nice day,joy,neutral,0.25,0,15,Instagram,2026-03-26 13:39:29.608386,0
1606,arjun,Have a nice day,joy,neutral,0.25,0,15,YouTube,2026-03-26 13:40:29.608386,0
1607,rahul,Nobody likes you,anger,negative,0.77,3,16,Instagram,2026-03-26 13:41:29.608386,1
1608,anita,Shut up you fool,anger,negative,0.85,1,16,YouTube,2026-03-26 13:42:29.608386,1
1609,vikram,You are useless,anger,negative,0.98,2,15,Twitter,2026-03-26 13:43:29.608386,1
1610,sara,You are useless,anger,negative,0.77,2,15,Twitter,2026-03-26 13:44:29.608386,1
1611,john,Good effort,neutral,positive,0.13,0,11,Instagram,2026-03-26 13:45:29.608386,0
1612,sara,Well done,joy,positive,0.29,0,9,Instagram,2026-03-26 13:46:29.608386,0
1613,arjun,Nobody likes you,anger,negative,0.82,3,16,YouTube,2026-03-26 13:47:29.608386,1
1614,vikram,That's amazing,joy,positive,0.19,0,14,Twitter,2026-03-26 13:48:29.608386,0
1615,meena,Nobody likes you,anger,negative,0.79,3,16,Twitter,2026-03-26 13:49:29.608386,1
1616,priya,Well done,joy,positive,0.07,0,9,YouTube,2026-03-26 13:50:29.608386,0
1617,anita,Great work!,joy,neutral,0.3,0,11,YouTube,2026-03-26 13:51:29.608386,0
1618,john,Nobody likes you,anger,negative,0.91,3,16,Twitter,2026-03-26 13:52:29.608386,1
1619,sara,Well done,neutral,positive,0.03,0,9,YouTube,2026-03-26 13:53:29.608386,0
1620,vikram,Good effort,joy,neutral,0.22,0,11,YouTube,2026-03-26 13:54:29.608386,0
1621,arjun,Keep going,neutral,neutral,0.22,0,10,YouTube,2026-03-26 13:55:29.608386,0
1622,meena,Have a nice day,joy,neutral,0.14,0,15,Twitter,2026-03-26 13:56:29.608386,0
1623,meena,You are useless,anger,negative,0.81,1,15,Instagram,2026-03-26 13:57:29.608386,1
1624,anita,Go away idiot,anger,negative,0.8,1,13,Instagram,2026-03-26 13:58:29.608386,1
1625,john,Good effort,joy,positive,0.06,0,11,Instagram,2026-03-26 13:59:29.608386,0
1626,rahul,Keep going,joy,positive,0.19,0,10,Twitter,2026-03-26 14:00:29.608386,0
1627,arjun,Have a nice day,neutral,positive,0.1,0,15,Instagram,2026-03-26 14:01:29.608386,0
1628,meena,You are useless,anger,negative,0.96,2,15,YouTube,2026-03-26 14:02:29.608386,1
1629,arjun,Keep going,neutral,neutral,0.06,0,10,YouTube,2026-03-26 14:03:29.608386,0
1630,meena,Keep going,neutral,neutral,0.02,0,10,Instagram,2026-03-26 14:04:29.608386,0
1631,rahul,You are so stupid,anger,negative,0.81,1,17,Twitter,2026-03-26 14:05:29.608386,1
1632,john,Go away idiot,anger,negative,0.82,3,13,Twitter,2026-03-26 14:06:29.608386,1
1633,rahul,Nobody likes you,anger,negative,0.78,1,16,YouTube,2026-03-26 14:07:29.608386,1
1634,vikram,Nobody likes you,anger,negative,0.74,2,16,Twitter,2026-03-26 14:08:29.608386,1
1635,vikram,Well done,neutral,positive,0.18,0,9,Twitter,2026-03-26 14:09:29.608386,0
1636,priya,Nobody likes you,anger,negative,0.97,2,16,YouTube,2026-03-26 14:10:29.608386,1
1637,john,You are a loser,anger,negative,0.78,2,15,Instagram,2026-03-26 14:11:29.608386,1
1638,rahul,Nobody likes you,anger,negative,0.73,1,16,YouTube,2026-03-26 14:12:29.608386,1
1639,rahul,You are so stupid,anger,negative,0.83,3,17,Instagram,2026-03-26 14:13:29.608386,1
1640,rahul,Have a nice day,neutral,positive,0.03,0,15,YouTube,2026-03-26 14:14:29.608386,0
1641,arjun,Have a nice day,neutral,positive,0.21,0,15,Instagram,2026-03-26 14:15:29.608386,0
1642,vikram,Well done,joy,neutral,0.2,0,9,Instagram,2026-03-26 14:16:29.608386,0
1643,vikram,You are a loser,anger,negative,0.96,3,15,Instagram,2026-03-26 14:17:29.608386,1
1644,vikram,That's amazing,joy,positive,0.04,0,14,Instagram,2026-03-26 14:18:29.608386,0
1645,john,Nobody likes you,anger,negative,0.72,2,16,Twitter,2026-03-26 14:19:29.608386,1
1646,vikram,Well done,joy,positive,0.1,0,9,YouTube,2026-03-26 14:20:29.608386,0
1647,sara,Great work!,joy,neutral,0.1,0,11,YouTube,2026-03-26 14:21:29.608386,0
1648,vikram,Keep going,neutral,neutral,0.21,0,10,Twitter,2026-03-26 14:22:29.608386,0
1649,meena,That's amazing,neutral,positive,0.25,0,14,YouTube,2026-03-26 14:23:29.608386,0
1650,meena,You are useless,anger,negative,0.84,3,15,Instagram,2026-03-26 14:24:29.608386,1
1651,sara,That's amazing,neutral,positive,0.21,0,14,Instagram,2026-03-26 14:25:29.608386,0
1652,priya,Good effort,joy,neutral,0.09,0,11,YouTube,2026-03-26 14:26:29.608386,0
1653,sara,You are so stupid,anger,negative,0.99,2,17,Instagram,2026-03-26 14:27:29.608386,1
1654,arjun,Nobody likes you,anger,negative,0.91,3,16,YouTube,2026-03-26 14:28:29.608386,1
1655,sara,You are a loser,anger,negative,0.85,2,15,Instagram,2026-03-26 14:29:29.608386,1
1656,sara,You are so stupid,anger,negative,0.8,2,17,YouTube,2026-03-26 14:30:29.608386,1
1657,meena,Go away idiot,anger,negative,0.99,1,13,YouTube,2026-03-26 14:31:29.608386,1
1658,rahul,Nobody likes you,anger,negative,0.76,1,16,YouTube,2026-03-26 14:32:29.608386,1
1659,vikram,Nobody likes you,anger,negative,0.92,3,16,Instagram,2026-03-26 14:33:29.608386,1
1660,vikram,Shut up you fool,anger,negative,0.73,3,16,Twitter,2026-03-26 14:34:29.608386,1
1661,sara,Keep going,neutral,positive,0.21,0,10,Instagram,2026-03-26 14:35:29.608386,0
1662,rahul,That's amazing,joy,neutral,0.08,0,14,YouTube,2026-03-26 14:36:29.608386,0
1663,arjun,Nobody likes you,anger,negative,0.82,2,16,Twitter,2026-03-26 14:37:29.608386,1
1664,meena,You are a loser,anger,negative,0.89,3,15,Twitter,2026-03-26 14:38:29.608386,1
1665,meena,Shut up you fool,anger,negative,0.85,3,16,Twitter,2026-03-26 14:39:29.608386,1
1666,meena,You are so stupid,anger,negative,0.73,2,17,YouTube,2026-03-26 14:40:29.608386,1
1667,john,You are useless,anger,negative,0.93,1,15,Twitter,2026-03-26 14:41:29.608386,1
1668,rahul,Great work!,joy,neutral,0.09,0,11,Twitter,2026-03-26 14:42:29.608386,0
1669,anita,Shut up you fool,anger,negative,0.71,2,16,YouTube,2026-03-26 14:43:29.608386,1
1670,rahul,You are a loser,anger,negative,0.96,2,15,Twitter,2026-03-26 14:44:29.608386,1
1671,arjun,That's amazing,neutral,neutral,0.14,0,14,YouTube,2026-03-26 14:45:29.608386,0
1672,meena,Nobody likes you,anger,negative,0.88,2,16,Twitter,2026-03-26 14:46:29.608386,1
1673,sara,Great work!,joy,neutral,0.11,0,11,Twitter,2026-03-26 14:47:29.608386,0
1674,rahul,You are useless,anger,negative,0.8,1,15,Twitter,2026-03-26 14:48:29.608386,1
1675,meena,Good effort,joy,positive,0.15,0,11,Instagram,2026-03-26 14:49:29.608386,0
1676,arjun,Great work!,joy,neutral,0.09,0,11,Twitter,2026-03-26 14:50:29.608386,0
1677,sara,You are so stupid,anger,negative,0.92,1,17,Instagram,2026-03-26 14:51:29.608386,1
1678,meena,You are a loser,anger,negative,0.75,2,15,Twitter,2026-03-26 14:52:29.608386,1
1679,priya,You are so stupid,anger,negative,0.7,1,17,Instagram,2026-03-26 14:53:29.608386,1
1680,priya,Good effort,joy,positive,0.05,0,11,Instagram,2026-03-26 14:54:29.608386,0
1681,sara,Shut up you fool,anger,negative,0.93,3,16,Instagram,2026-03-26 14:55:29.608386,1
1682,anita,Shut up you fool,anger,negative,0.78,2,16,YouTube,2026-03-26 14:56:29.608386,1
1683,john,You are a loser,anger,negative,0.71,1,15,Twitter,2026-03-26 14:57:29.608386,1
1684,vikram,That's amazing,neutral,neutral,0.19,0,14,Instagram,2026-03-26 14:58:29.608386,0
1685,vikram,Well done,joy,neutral,0.0,0,9,Twitter,2026-03-26 14:59:29.608386,0
1686,sara,Keep going,joy,neutral,0.12,0,10,Twitter,2026-03-26 15:00:29.608386,0
1687,meena,You are useless,anger,negative,0.81,3,15,Instagram,2026-03-26 15:01:29.608386,1
1688,rahul,Shut up you fool,anger,negative,0.8,1,16,YouTube,2026-03-26 15:02:29.608386,1
1689,meena,That's amazing,neutral,neutral,0.1,0,14,Twitter,2026-03-26 15:03:29.608386,0
1690,sara,Great work!,neutral,positive,0.08,0,11,YouTube,2026-03-26 15:04:29.608386,0
1691,meena,Nobody likes you,anger,negative,0.99,3,16,Instagram,2026-03-26 15:05:29.608386,1
1692,vikram,Well done,joy,neutral,0.09,0,9,Twitter,2026-03-26 15:06:29.608386,0
1693,rahul,Nobody likes you,anger,negative,0.88,3,16,Instagram,2026-03-26 15:07:29.608386,1
1694,meena,Well done,neutral,positive,0.18,0,9,YouTube,2026-03-26 15:08:29.608386,0
1695,john,You are useless,anger,negative,0.78,2,15,Instagram,2026-03-26 15:09:29.608386,1
1696,sara,Great work!,neutral,neutral,0.21,0,11,Twitter,2026-03-26 15:10:29.608386,0
1697,rahul,Shut up you fool,anger,negative,0.73,3,16,Twitter,2026-03-26 15:11:29.608386,1
1698,arjun,That's amazing,neutral,positive,0.13,0,14,YouTube,2026-03-26 15:12:29.608386,0
1699,priya,Great work!,joy,neutral,0.15,0,11,YouTube,2026-03-26 15:13:29.608386,0
1700,john,Have a nice day,joy,neutral,0.1,0,15,YouTube,2026-03-26 15:14:29.608386,0
1701,sara,You are a loser,anger,negative,0.87,1,15,Twitter,2026-03-26 15:15:29.608386,1
1702,john,Nobody likes you,anger,negative,0.79,2,16,YouTube,2026-03-26 15:16:29.608386,1
1703,arjun,Have a nice day,joy,positive,0.23,0,15,Twitter,2026-03-26 15:17:29.608386,0
1704,arjun,You are a loser,anger,negative,0.9,3,15,Twitter,2026-03-26 15:18:29.608386,1
1705,meena,Great work!,joy,neutral,0.09,0,11,Twitter,2026-03-26 15:19:29.608386,0
1706,rahul,Go away idiot,anger,negative,0.83,1,13,Twitter,2026-03-26 15:20:29.608386,1
1707,meena,Good effort,neutral,neutral,0.0,0,11,Twitter,2026-03-26 15:21:29.608386,0
1708,john,You are useless,anger,negative,0.79,2,15,YouTube,2026-03-26 15:22:29.608386,1
1709,anita,Good effort,joy,neutral,0.26,0,11,Twitter,2026-03-26 15:23:29.608386,0
1710,meena,Nobody likes you,anger,negative,0.97,1,16,YouTube,2026-03-26 15:24:29.608386,1
1711,john,That's amazing,joy,neutral,0.18,0,14,Twitter,2026-03-26 15:25:29.608386,0
1712,arjun,Well done,joy,positive,0.17,0,9,YouTube,2026-03-26 15:26:29.608386,0
1713,meena,Shut up you fool,anger,negative,0.74,3,16,YouTube,2026-03-26 15:27:29.608386,1
1714,arjun,Nobody likes you,anger,negative,0.74,1,16,Twitter,2026-03-26 15:28:29.608386,1
1715,sara,Have a nice day,joy,positive,0.27,0,15,YouTube,2026-03-26 15:29:29.608386,0
1716,vikram,Go away idiot,anger,negative,1.0,3,13,Instagram,2026-03-26 15:30:29.608386,1
1717,priya,Have a nice day,neutral,neutral,0.25,0,15,Twitter,2026-03-26 15:31:29.608386,0
1718,anita,You are so stupid,anger,negative,0.77,2,17,Instagram,2026-03-26 15:32:29.608386,1
1719,priya,Well done,joy,positive,0.09,0,9,YouTube,2026-03-26 15:33:29.608386,0
1720,arjun,Nobody likes you,anger,negative,0.82,1,16,Twitter,2026-03-26 15:34:29.608386,1
1721,john,Nobody likes you,anger,negative,0.97,3,16,YouTube,2026-03-26 15:35:29.608386,1
1722,priya,Great work!,joy,positive,0.05,0,11,Twitter,2026-03-26 15:36:29.608386,0
1723,arjun,Nobody likes you,anger,negative,0.97,2,16,Instagram,2026-03-26 15:37:29.608386,1
1724,rahul,Good effort,neutral,positive,0.13,0,11,Instagram,2026-03-26 15:38:29.608386,0
1725,meena,Great work!,neutral,neutral,0.21,0,11,Twitter,2026-03-26 15:39:29.608386,0
1726,anita,You are useless,anger,negative,0.93,2,15,Twitter,2026-03-26 15:40:29.608386,1
1727,sara,You are useless,anger,negative,0.8,2,15,YouTube,2026-03-26 15:41:29.608386,1
1728,john,You are useless,anger,negative,0.84,3,15,Twitter,2026-03-26 15:42:29.608386,1
1729,meena,Have a nice day,joy,positive,0.09,0,15,Twitter,2026-03-26 15:43:29.608386,0
1730,priya,Shut up you fool,anger,negative,0.76,3,16,YouTube,2026-03-26 15:44:29.608386,1
1731,vikram,Nobody likes you,anger,negative,0.99,3,16,Twitter,2026-03-26 15:45:29.608386,1
1732,rahul,You are so stupid,anger,negative,0.99,2,17,Instagram,2026-03-26 15:46:29.608386,1
1733,rahul,Go away idiot,anger,negative,0.95,2,13,Instagram,2026-03-26 15:47:29.608386,1
1734,meena,You are a loser,anger,negative,0.71,3,15,Instagram,2026-03-26 15:48:29.608386,1
1735,anita,Great work!,joy,positive,0.07,0,11,YouTube,2026-03-26 15:49:29.608386,0
1736,vikram,Nobody likes you,anger,negative,0.95,3,16,YouTube,2026-03-26 15:50:29.608386,1
1737,rahul,Keep going,neutral,positive,0.25,0,10,Instagram,2026-03-26 15:51:29.608386,0
1738,sara,Nobody likes you,anger,negative,0.82,3,16,Instagram,2026-03-26 15:52:29.608386,1
1739,arjun,Well done,joy,positive,0.18,0,9,YouTube,2026-03-26 15:53:29.608386,0
1740,priya,Well done,joy,positive,0.03,0,9,YouTube,2026-03-26 15:54:29.608386,0
1741,arjun,Shut up you fool,anger,negative,0.91,2,16,Twitter,2026-03-26 15:55:29.608386,1
1742,sara,You are useless,anger,negative,0.87,3,15,Twitter,2026-03-26 15:56:29.608386,1
1743,vikram,You are useless,anger,negative,0.8,1,15,YouTube,2026-03-26 15:57:29.608386,1
1744,priya,Good effort,neutral,positive,0.09,0,11,Instagram,2026-03-26 15:58:29.608386,0
1745,meena,You are useless,anger,negative,0.88,2,15,Instagram,2026-03-26 15:59:29.608386,1
1746,sara,You are useless,anger,negative,0.78,2,15,Instagram,2026-03-26 16:00:29.608386,1
1747,anita,You are useless,anger,negative,0.78,1,15,Twitter,2026-03-26 16:01:29.608386,1
1748,rahul,You are a loser,anger,negative,0.97,1,15,YouTube,2026-03-26 16:02:29.608386,1
1749,vikram,Nobody likes you,anger,negative,0.99,2,16,Twitter,2026-03-26 16:03:29.608386,1
1750,rahul,Well done,joy,neutral,0.12,0,9,Instagram,2026-03-26 16:04:29.608386,0
1751,anita,Great work!,joy,neutral,0.17,0,11,YouTube,2026-03-26 16:05:29.608386,0
1752,rahul,Great work!,joy,positive,0.29,0,11,YouTube,2026-03-26 16:06:29.608386,0
1753,anita,Have a nice day,neutral,positive,0.1,0,15,Instagram,2026-03-26 16:07:29.608386,0
1754,sara,Great work!,neutral,positive,0.3,0,11,Twitter,2026-03-26 16:08:29.608386,0
1755,rahul,Shut up you fool,anger,negative,0.85,3,16,Instagram,2026-03-26 16:09:29.608386,1
1756,sara,Shut up you fool,anger,negative,0.7,3,16,Instagram,2026-03-26 16:10:29.608386,1
1757,arjun,You are a loser,anger,negative,0.86,3,15,Instagram,2026-03-26 16:11:29.608386,1
1758,meena,Keep going,neutral,positive,0.05,0,10,Instagram,2026-03-26 16:12:29.608386,0
1759,sara,Well done,joy,neutral,0.26,0,9,Instagram,2026-03-26 16:13:29.608386,0
1760,rahul,You are a loser,anger,negative,0.79,2,15,YouTube,2026-03-26 16:14:29.608386,1
1761,meena,You are a loser,anger,negative,0.95,1,15,Instagram,2026-03-26 16:15:29.608386,1
1762,rahul,You are useless,anger,negative,0.97,3,15,Instagram,2026-03-26 16:16:29.608386,1
1763,sara,Shut up you fool,anger,negative,0.84,1,16,Instagram,2026-03-26 16:17:29.608386,1
1764,meena,You are useless,anger,negative,0.79,3,15,Instagram,2026-03-26 16:18:29.608386,1
1765,meena,You are useless,anger,negative,0.92,2,15,Instagram,2026-03-26 16:19:29.608386,1
1766,priya,Great work!,neutral,positive,0.26,0,11,Twitter,2026-03-26 16:20:29.608386,0
1767,sara,Nobody likes you,anger,negative,0.87,1,16,Twitter,2026-03-26 16:21:29.608386,1
1768,arjun,You are so stupid,anger,negative,0.91,3,17,Twitter,2026-03-26 16:22:29.608386,1
1769,priya,You are so stupid,anger,negative,0.74,2,17,YouTube,2026-03-26 16:23:29.608386,1
1770,vikram,Well done,joy,neutral,0.27,0,9,YouTube,2026-03-26 16:24:29.608386,0
1771,rahul,Shut up you fool,anger,negative,0.84,2,16,Instagram,2026-03-26 16:25:29.608386,1
1772,vikram,Great work!,joy,neutral,0.07,0,11,Instagram,2026-03-26 16:26:29.608386,0
1773,rahul,That's amazing,neutral,neutral,0.21,0,14,Twitter,2026-03-26 16:27:29.608386,0
1774,meena,Keep going,neutral,positive,0.27,0,10,Instagram,2026-03-26 16:28:29.608386,0
1775,meena,You are so stupid,anger,negative,0.8,1,17,Instagram,2026-03-26 16:29:29.608386,1
1776,john,Great work!,joy,neutral,0.2,0,11,YouTube,2026-03-26 16:30:29.608386,0
1777,john,Nobody likes you,anger,negative,0.7,1,16,Twitter,2026-03-26 16:31:29.608386,1
1778,priya,You are a loser,anger,negative,0.73,2,15,Instagram,2026-03-26 16:32:29.608386,1
1779,arjun,Great work!,neutral,positive,0.05,0,11,Twitter,2026-03-26 16:33:29.608386,0
1780,sara,That's amazing,joy,neutral,0.25,0,14,Instagram,2026-03-26 16:34:29.608386,0
1781,priya,You are so stupid,anger,negative,0.92,1,17,Twitter,2026-03-26 16:35:29.608386,1
1782,anita,You are a loser,anger,negative,0.89,3,15,Twitter,2026-03-26 16:36:29.608386,1
1783,vikram,Good effort,joy,positive,0.13,0,11,Instagram,2026-03-26 16:37:29.608386,0
1784,sara,Have a nice day,neutral,positive,0.21,0,15,Instagram,2026-03-26 16:38:29.608386,0
1785,rahul,You are so stupid,anger,negative,0.79,2,17,Twitter,2026-03-26 16:39:29.608386,1
1786,john,You are a loser,anger,negative,0.74,1,15,YouTube,2026-03-26 16:40:29.608386,1
1787,vikram,Nobody likes you,anger,negative,0.88,2,16,YouTube,2026-03-26 16:41:29.608386,1
1788,anita,Well done,joy,neutral,0.01,0,9,YouTube,2026-03-26 16:42:29.608386,0
1789,anita,You are useless,anger,negative,0.78,2,15,Twitter,2026-03-26 16:43:29.608386,1
1790,anita,Nobody likes you,anger,negative,0.84,3,16,Twitter,2026-03-26 16:44:29.608386,1
1791,vikram,You are useless,anger,negative,0.72,1,15,Twitter,2026-03-26 16:45:29.608386,1
1792,vikram,Go away idiot,anger,negative,0.9,3,13,YouTube,2026-03-26 16:46:29.608386,1
1793,sara,You are so stupid,anger,negative,0.84,2,17,YouTube,2026-03-26 16:47:29.608386,1
1794,arjun,Nobody likes you,anger,negative,0.85,1,16,Instagram,2026-03-26 16:48:29.608386,1
1795,sara,Nobody likes you,anger,negative,0.94,1,16,Instagram,2026-03-26 16:49:29.608386,1
1796,vikram,Shut up you fool,anger,negative,0.99,3,16,Instagram,2026-03-26 16:50:29.608386,1
1797,anita,Great work!,joy,neutral,0.24,0,11,Twitter,2026-03-26 16:51:29.608386,0
1798,meena,Good effort,neutral,neutral,0.17,0,11,YouTube,2026-03-26 16:52:29.608386,0
1799,anita,Great work!,neutral,positive,0.09,0,11,YouTube,2026-03-26 16:53:29.608386,0
1800,sara,Good effort,joy,neutral,0.12,0,11,Instagram,2026-03-26 16:54:29.608386,0
1801,meena,Nobody likes you,anger,negative,0.77,1,16,Twitter,2026-03-26 16:55:29.608386,1
1802,rahul,Have a nice day,joy,positive,0.1,0,15,Instagram,2026-03-26 16:56:29.608386,0
1803,sara,You are a loser,anger,negative,0.81,2,15,Twitter,2026-03-26 16:57:29.608386,1
1804,sara,Great work!,joy,neutral,0.25,0,11,Instagram,2026-03-26 16:58:29.608386,0
1805,meena,Keep going,neutral,neutral,0.02,0,10,YouTube,2026-03-26 16:59:29.608386,0
1806,sara,Shut up you fool,anger,negative,0.86,2,16,Instagram,2026-03-26 17:00:29.608386,1
1807,meena,Great work!,joy,positive,0.04,0,11,Twitter,2026-03-26 17:01:29.608386,0
1808,meena,Well done,neutral,neutral,0.19,0,9,Instagram,2026-03-26 17:02:29.608386,0
1809,priya,Nobody likes you,anger,negative,0.83,2,16,Twitter,2026-03-26 17:03:29.608386,1
1810,anita,You are useless,anger,negative,0.94,2,15,Instagram,2026-03-26 17:04:29.608386,1
1811,arjun,You are a loser,anger,negative,0.87,2,15,Twitter,2026-03-26 17:05:29.608386,1
1812,meena,Great work!,neutral,neutral,0.19,0,11,Instagram,2026-03-26 17:06:29.608386,0
1813,meena,Nobody likes you,anger,negative,0.91,1,16,YouTube,2026-03-26 17:07:29.608386,1
1814,vikram,You are a loser,anger,negative,0.82,2,15,Twitter,2026-03-26 17:08:29.608386,1
1815,john,Good effort,neutral,neutral,0.28,0,11,Twitter,2026-03-26 17:09:29.608386,0
1816,rahul,Shut up you fool,anger,negative,0.96,3,16,Instagram,2026-03-26 17:10:29.608386,1
1817,arjun,That's amazing,joy,positive,0.2,0,14,Twitter,2026-03-26 17:11:29.608386,0
1818,priya,Go away idiot,anger,negative,0.88,1,13,Twitter,2026-03-26 17:12:29.608386,1
1819,john,Well done,neutral,neutral,0.05,0,9,Twitter,2026-03-26 17:13:29.608386,0
1820,anita,Well done,joy,neutral,0.08,0,9,Instagram,2026-03-26 17:14:29.608386,0
1821,arjun,Have a nice day,neutral,positive,0.13,0,15,Instagram,2026-03-26 17:15:29.608386,0
1822,priya,Nobody likes you,anger,negative,0.87,1,16,YouTube,2026-03-26 17:16:29.608386,1
1823,rahul,Go away idiot,anger,negative,0.79,1,13,Instagram,2026-03-26 17:17:29.608386,1
1824,john,Well done,joy,neutral,0.22,0,9,YouTube,2026-03-26 17:18:29.608386,0
1825,meena,Shut up you fool,anger,negative,0.8,3,16,Twitter,2026-03-26 17:19:29.608386,1
1826,vikram,You are so stupid,anger,negative,0.98,2,17,YouTube,2026-03-26 17:20:29.608386,1
1827,sara,You are useless,anger,negative,0.98,1,15,YouTube,2026-03-26 17:21:29.608386,1
1828,john,Go away idiot,anger,negative,0.82,2,13,YouTube,2026-03-26 17:22:29.608386,1
1829,anita,That's amazing,neutral,positive,0.05,0,14,Instagram,2026-03-26 17:23:29.608386,0
1830,meena,Have a nice day,neutral,neutral,0.02,0,15,YouTube,2026-03-26 17:24:29.608386,0
1831,rahul,Go away idiot,anger,negative,0.75,2,13,Instagram,2026-03-26 17:25:29.608386,1
1832,meena,You are a loser,anger,negative,0.93,3,15,Instagram,2026-03-26 17:26:29.608386,1
1833,vikram,You are a loser,anger,negative,0.75,2,15,Instagram,2026-03-26 17:27:29.608386,1
1834,vikram,Great work!,neutral,positive,0.03,0,11,YouTube,2026-03-26 17:28:29.608386,0
1835,rahul,Go away idiot,anger,negative,0.91,2,13,Twitter,2026-03-26 17:29:29.608386,1
1836,vikram,Go away idiot,anger,negative,0.81,1,13,YouTube,2026-03-26 17:30:29.608386,1
1837,sara,Good effort,neutral,positive,0.28,0,11,Twitter,2026-03-26 17:31:29.608386,0
1838,arjun,You are so stupid,anger,negative,0.9,3,17,YouTube,2026-03-26 17:32:29.608386,1
1839,rahul,Good effort,neutral,positive,0.25,0,11,Instagram,2026-03-26 17:33:29.608386,0
1840,anita,Well done,joy,positive,0.16,0,9,Twitter,2026-03-26 17:34:29.608386,0
1841,meena,Have a nice day,joy,positive,0.25,0,15,Twitter,2026-03-26 17:35:29.608386,0
1842,arjun,You are a loser,anger,negative,0.89,2,15,Twitter,2026-03-26 17:36:29.608386,1
1843,john,Good effort,neutral,positive,0.21,0,11,Twitter,2026-03-26 17:37:29.608386,0
1844,anita,Good effort,joy,neutral,0.04,0,11,YouTube,2026-03-26 17:38:29.608386,0
1845,anita,Great work!,joy,positive,0.16,0,11,Instagram,2026-03-26 17:39:29.608386,0
1846,vikram,Nobody likes you,anger,negative,0.85,1,16,YouTube,2026-03-26 17:40:29.608386,1
1847,sara,Keep going,neutral,positive,0.21,0,10,Twitter,2026-03-26 17:41:29.608386,0
1848,sara,That's amazing,neutral,positive,0.21,0,14,Twitter,2026-03-26 17:42:29.608386,0
1849,john,That's amazing,neutral,neutral,0.11,0,14,YouTube,2026-03-26 17:43:29.608386,0
1850,priya,Shut up you fool,anger,negative,0.9,1,16,YouTube,2026-03-26 17:44:29.608386,1
1851,vikram,Have a nice day,neutral,neutral,0.08,0,15,YouTube,2026-03-26 17:45:29.608386,0
1852,sara,Well done,neutral,positive,0.25,0,9,Instagram,2026-03-26 17:46:29.608386,0
1853,priya,Keep going,neutral,positive,0.12,0,10,Twitter,2026-03-26 17:47:29.608386,0
1854,arjun,Have a nice day,joy,positive,0.23,0,15,Twitter,2026-03-26 17:48:29.608386,0
1855,rahul,Keep going,neutral,neutral,0.08,0,10,Twitter,2026-03-26 17:49:29.608386,0
1856,arjun,Keep going,joy,neutral,0.01,0,10,Instagram,2026-03-26 17:50:29.608386,0
1857,meena,Go away idiot,anger,negative,0.85,1,13,YouTube,2026-03-26 17:51:29.608386,1
1858,vikram,Shut up you fool,anger,negative,0.97,2,16,YouTube,2026-03-26 17:52:29.608386,1
1859,anita,Shut up you fool,anger,negative,0.75,3,16,YouTube,2026-03-26 17:53:29.608386,1
1860,john,Good effort,neutral,neutral,0.08,0,11,YouTube,2026-03-26 17:54:29.608386,0
1861,vikram,Well done,joy,neutral,0.25,0,9,YouTube,2026-03-26 17:55:29.608386,0
1862,anita,You are a loser,anger,negative,0.74,2,15,YouTube,2026-03-26 17:56:29.608386,1
1863,meena,Have a nice day,neutral,neutral,0.17,0,15,Instagram,2026-03-26 17:57:29.608386,0
1864,anita,Have a nice day,neutral,positive,0.16,0,15,YouTube,2026-03-26 17:58:29.608386,0
1865,arjun,That's amazing,neutral,positive,0.05,0,14,Twitter,2026-03-26 17:59:29.608386,0
1866,john,Go away idiot,anger,negative,0.97,1,13,Instagram,2026-03-26 18:00:29.608386,1
1867,rahul,Shut up you fool,anger,negative,0.9,2,16,YouTube,2026-03-26 18:01:29.608386,1
1868,meena,Go away idiot,anger,negative,0.85,1,13,Twitter,2026-03-26 18:02:29.608386,1
1869,arjun,You are so stupid,anger,negative,0.73,3,17,YouTube,2026-03-26 18:03:29.608386,1
1870,anita,Have a nice day,neutral,positive,0.14,0,15,Instagram,2026-03-26 18:04:29.608386,0
1871,arjun,Great work!,neutral,positive,0.04,0,11,Instagram,2026-03-26 18:05:29.608386,0
1872,sara,Go away idiot,anger,negative,0.83,2,13,Instagram,2026-03-26 18:06:29.608386,1
1873,meena,You are so stupid,anger,negative,0.98,3,17,Twitter,2026-03-26 18:07:29.608386,1
1874,priya,Nobody likes you,anger,negative,0.76,3,16,YouTube,2026-03-26 18:08:29.608386,1
1875,sara,You are a loser,anger,negative,0.79,3,15,Instagram,2026-03-26 18:09:29.608386,1
1876,meena,You are a loser,anger,negative,0.74,1,15,YouTube,2026-03-26 18:10:29.608386,1
1877,priya,Have a nice day,joy,neutral,0.21,0,15,Instagram,2026-03-26 18:11:29.608386,0
1878,vikram,Have a nice day,joy,positive,0.15,0,15,Twitter,2026-03-26 18:12:29.608386,0
1879,priya,Well done,neutral,positive,0.04,0,9,Twitter,2026-03-26 18:13:29.608386,0
1880,sara,Shut up you fool,anger,negative,0.83,2,16,Instagram,2026-03-26 18:14:29.608386,1
1881,anita,Keep going,neutral,positive,0.16,0,10,Instagram,2026-03-26 18:15:29.608386,0
1882,anita,Nobody likes you,anger,negative,0.88,2,16,Instagram,2026-03-26 18:16:29.608386,1
1883,rahul,Well done,joy,neutral,0.15,0,9,Twitter,2026-03-26 18:17:29.608386,0
1884,vikram,Go away idiot,anger,negative,0.8,1,13,Twitter,2026-03-26 18:18:29.608386,1
1885,rahul,Have a nice day,neutral,neutral,0.17,0,15,Instagram,2026-03-26 18:19:29.608386,0
1886,arjun,Go away idiot,anger,negative,0.77,1,13,Instagram,2026-03-26 18:20:29.608386,1
1887,rahul,Nobody likes you,anger,negative,0.78,1,16,Instagram,2026-03-26 18:21:29.608386,1
1888,vikram,Shut up you fool,anger,negative,0.96,1,16,Twitter,2026-03-26 18:22:29.608386,1
1889,vikram,Shut up you fool,anger,negative,0.95,2,16,Twitter,2026-03-26 18:23:29.608386,1
1890,rahul,Good effort,joy,positive,0.05,0,11,Instagram,2026-03-26 18:24:29.608386,0
1891,sara,Keep going,joy,neutral,0.12,0,10,Twitter,2026-03-26 18:25:29.608386,0
1892,meena,Have a nice day,joy,neutral,0.08,0,15,Instagram,2026-03-26 18:26:29.608386,0
1893,vikram,You are useless,anger,negative,0.77,2,15,Twitter,2026-03-26 18:27:29.608386,1
1894,vikram,That's amazing,neutral,neutral,0.23,0,14,Instagram,2026-03-26 18:28:29.608386,0
1895,vikram,That's amazing,joy,positive,0.3,0,14,Twitter,2026-03-26 18:29:29.608386,0
1896,arjun,Nobody likes you,anger,negative,0.86,2,16,Twitter,2026-03-26 18:30:29.608386,1
1897,sara,Great work!,joy,neutral,0.01,0,11,YouTube,2026-03-26 18:31:29.608386,0
1898,meena,Go away idiot,anger,negative,0.89,3,13,Instagram,2026-03-26 18:32:29.608386,1
1899,sara,Nobody likes you,anger,negative,0.72,2,16,Instagram,2026-03-26 18:33:29.608386,1
1900,sara,Nobody likes you,anger,negative,0.76,1,16,Twitter,2026-03-26 18:34:29.608386,1
1901,vikram,Well done,neutral,neutral,0.27,0,9,YouTube,2026-03-26 18:35:29.608386,0
1902,rahul,Keep going,joy,neutral,0.07,0,10,Twitter,2026-03-26 18:36:29.608386,0
1903,sara,Keep going,joy,positive,0.19,0,10,Twitter,2026-03-26 18:37:29.608386,0
1904,arjun,Shut up you fool,anger,negative,0.72,1,16,Twitter,2026-03-26 18:38:29.608386,1
1905,john,Nobody likes you,anger,negative,0.95,1,16,YouTube,2026-03-26 18:39:29.608386,1
1906,vikram,You are a loser,anger,negative,0.76,3,15,YouTube,2026-03-26 18:40:29.608386,1
1907,priya,Nobody likes you,anger,negative,0.88,2,16,Twitter,2026-03-26 18:41:29.608386,1
1908,arjun,Great work!,joy,positive,0.06,0,11,Instagram,2026-03-26 18:42:29.608386,0
1909,vikram,Nobody likes you,anger,negative,0.81,3,16,Instagram,2026-03-26 18:43:29.608386,1
1910,john,You are so stupid,anger,negative,0.77,3,17,YouTube,2026-03-26 18:44:29.608386,1
1911,arjun,Nobody likes you,anger,negative,0.95,3,16,Twitter,2026-03-26 18:45:29.608386,1
1912,priya,Have a nice day,neutral,positive,0.02,0,15,Instagram,2026-03-26 18:46:29.608386,0
1913,john,Shut up you fool,anger,negative,0.81,1,16,Instagram,2026-03-26 18:47:29.608386,1
1914,sara,Shut up you fool,anger,negative,0.8,1,16,YouTube,2026-03-26 18:48:29.608386,1
1915,priya,Go away idiot,anger,negative,0.7,1,13,Twitter,2026-03-26 18:49:29.608386,1
1916,sara,Good effort,neutral,positive,0.28,0,11,YouTube,2026-03-26 18:50:29.608386,0
1917,rahul,Great work!,joy,neutral,0.09,0,11,Twitter,2026-03-26 18:51:29.608386,0
1918,meena,Keep going,neutral,positive,0.21,0,10,Twitter,2026-03-26 18:52:29.608386,0
1919,vikram,Keep going,joy,neutral,0.29,0,10,Twitter,2026-03-26 18:53:29.608386,0
1920,meena,You are so stupid,anger,negative,0.96,3,17,YouTube,2026-03-26 18:54:29.608386,1
1921,vikram,Good effort,neutral,positive,0.08,0,11,YouTube,2026-03-26 18:55:29.608386,0
1922,priya,Good effort,neutral,positive,0.23,0,11,Instagram,2026-03-26 18:56:29.608386,0
1923,john,You are a loser,anger,negative,0.9,2,15,Instagram,2026-03-26 18:57:29.608386,1
1924,vikram,Nobody likes you,anger,negative,0.97,1,16,YouTube,2026-03-26 18:58:29.608386,1
1925,john,Keep going,joy,positive,0.06,0,10,Instagram,2026-03-26 18:59:29.608386,0
1926,priya,Great work!,joy,neutral,0.04,0,11,YouTube,2026-03-26 19:00:29.608386,0
1927,rahul,That's amazing,neutral,positive,0.04,0,14,YouTube,2026-03-26 19:01:29.608386,0
1928,priya,Shut up you fool,anger,negative,0.98,2,16,YouTube,2026-03-26 19:02:29.608386,1
1929,sara,You are so stupid,anger,negative,0.99,3,17,Twitter,2026-03-26 19:03:29.608386,1
1930,meena,Have a nice day,neutral,positive,0.1,0,15,Twitter,2026-03-26 19:04:29.608386,0
1931,arjun,Nobody likes you,anger,negative,0.8,2,16,Twitter,2026-03-26 19:05:29.608386,1
1932,rahul,Shut up you fool,anger,negative,0.82,2,16,YouTube,2026-03-26 19:06:29.608386,1
1933,john,Go away idiot,anger,negative,0.92,3,13,Instagram,2026-03-26 19:07:29.608386,1
1934,rahul,That's amazing,neutral,positive,0.24,0,14,YouTube,2026-03-26 19:08:29.608386,0
1935,anita,That's amazing,neutral,positive,0.12,0,14,Twitter,2026-03-26 19:09:29.608386,0
1936,anita,That's amazing,neutral,positive,0.24,0,14,YouTube,2026-03-26 19:10:29.608386,0
1937,john,You are a loser,anger,negative,0.95,3,15,Instagram,2026-03-26 19:11:29.608386,1
1938,anita,Nobody likes you,anger,negative,0.91,1,16,Instagram,2026-03-26 19:12:29.608386,1
1939,priya,Nobody likes you,anger,negative,0.74,2,16,Twitter,2026-03-26 19:13:29.608386,1
1940,arjun,You are a loser,anger,negative,0.85,3,15,YouTube,2026-03-26 19:14:29.608386,1
1941,meena,Good effort,joy,neutral,0.11,0,11,Instagram,2026-03-26 19:15:29.608386,0
1942,rahul,Shut up you fool,anger,negative,0.93,2,16,Instagram,2026-03-26 19:16:29.608386,1
1943,anita,You are a loser,anger,negative,0.72,1,15,YouTube,2026-03-26 19:17:29.608386,1
1944,meena,Nobody likes you,anger,negative,0.76,2,16,YouTube,2026-03-26 19:18:29.608386,1
1945,john,You are a loser,anger,negative,0.72,3,15,Instagram,2026-03-26 19:19:29.608386,1
1946,sara,Shut up you fool,anger,negative,0.76,2,16,YouTube,2026-03-26 19:20:29.608386,1
1947,arjun,Good effort,neutral,positive,0.27,0,11,Instagram,2026-03-26 19:21:29.608386,0
1948,rahul,You are a loser,anger,negative,1.0,2,15,Instagram,2026-03-26 19:22:29.608386,1
1949,sara,That's amazing,joy,positive,0.24,0,14,Instagram,2026-03-26 19:23:29.608386,0
1950,sara,Shut up you fool,anger,negative,0.78,3,16,Instagram,2026-03-26 19:24:29.608386,1
1951,meena,Shut up you fool,anger,negative,0.82,3,16,Twitter,2026-03-26 19:25:29.608386,1
1952,arjun,You are a loser,anger,negative,0.88,1,15,YouTube,2026-03-26 19:26:29.608386,1
1953,rahul,You are a loser,anger,negative,0.93,2,15,Twitter,2026-03-26 19:27:29.608386,1
1954,arjun,You are useless,anger,negative,0.8,2,15,Instagram,2026-03-26 19:28:29.608386,1
1955,rahul,You are so stupid,anger,negative,0.88,1,17,YouTube,2026-03-26 19:29:29.608386,1
1956,rahul,Nobody likes you,anger,negative,0.84,1,16,Instagram,2026-03-26 19:30:29.608386,1
1957,john,Well done,joy,neutral,0.29,0,9,Twitter,2026-03-26 19:31:29.608386,0
1958,john,You are useless,anger,negative,0.81,1,15,Instagram,2026-03-26 19:32:29.608386,1
1959,sara,You are useless,anger,negative,0.82,1,15,Instagram,2026-03-26 19:33:29.608386,1
1960,rahul,You are useless,anger,negative,0.75,1,15,YouTube,2026-03-26 19:34:29.608386,1
1961,vikram,Great work!,neutral,positive,0.09,0,11,Instagram,2026-03-26 19:35:29.608386,0
1962,arjun,Nobody likes you,anger,negative,0.85,3,16,Twitter,2026-03-26 19:36:29.608386,1
1963,meena,Great work!,neutral,positive,0.08,0,11,Instagram,2026-03-26 19:37:29.608386,0
1964,john,Nobody likes you,anger,negative,0.71,1,16,Twitter,2026-03-26 19:38:29.608386,1
1965,john,Keep going,joy,positive,0.26,0,10,Twitter,2026-03-26 19:39:29.608386,0
1966,arjun,Have a nice day,joy,positive,0.18,0,15,Twitter,2026-03-26 19:40:29.608386,0
1967,vikram,Nobody likes you,anger,negative,0.78,3,16,Instagram,2026-03-26 19:41:29.608386,1
1968,sara,Nobody likes you,anger,negative,0.85,2,16,Instagram,2026-03-26 19:42:29.608386,1
1969,rahul,Shut up you fool,anger,negative,0.85,1,16,YouTube,2026-03-26 19:43:29.608386,1
1970,john,You are so stupid,anger,negative,0.95,1,17,Instagram,2026-03-26 19:44:29.608386,1
1971,sara,Nobody likes you,anger,negative,0.9,1,16,Twitter,2026-03-26 19:45:29.608386,1
1972,sara,Have a nice day,neutral,neutral,0.14,0,15,YouTube,2026-03-26 19:46:29.608386,0
1973,vikram,Nobody likes you,anger,negative,0.71,2,16,Instagram,2026-03-26 19:47:29.608386,1
1974,sara,Have a nice day,joy,neutral,0.07,0,15,Instagram,2026-03-26 19:48:29.608386,0
1975,anita,Good effort,neutral,neutral,0.05,0,11,Instagram,2026-03-26 19:49:29.608386,0
1976,anita,That's amazing,neutral,neutral,0.18,0,14,YouTube,2026-03-26 19:50:29.608386,0
1977,vikram,Go away idiot,anger,negative,0.86,2,13,Twitter,2026-03-26 19:51:29.608386,1
1978,vikram,Have a nice day,neutral,neutral,0.18,0,15,Instagram,2026-03-26 19:52:29.608386,0
1979,rahul,Go away idiot,anger,negative,0.77,1,13,Twitter,2026-03-26 19:53:29.608386,1
1980,rahul,Well done,joy,neutral,0.12,0,9,Instagram,2026-03-26 19:54:29.608386,0
1981,anita,Keep going,neutral,positive,0.07,0,10,YouTube,2026-03-26 19:55:29.608386,0
1982,priya,That's amazing,joy,positive,0.18,0,14,Instagram,2026-03-26 19:56:29.608386,0
1983,priya,Well done,joy,positive,0.29,0,9,YouTube,2026-03-26 19:57:29.608386,0
1984,arjun,Keep going,joy,positive,0.1,0,10,Twitter,2026-03-26 19:58:29.608386,0
1985,rahul,You are a loser,anger,negative,0.99,2,15,Instagram,2026-03-26 19:59:29.608386,1
1986,sara,You are useless,anger,negative,0.84,3,15,YouTube,2026-03-26 20:00:29.608386,1
1987,john,Well done,neutral,positive,0.22,0,9,Twitter,2026-03-26 20:01:29.608386,0
1988,priya,You are a loser,anger,negative,0.71,2,15,YouTube,2026-03-26 20:02:29.608386,1
1989,rahul,That's amazing,joy,positive,0.24,0,14,Twitter,2026-03-26 20:03:29.608386,0
1990,sara,Go away idiot,anger,negative,0.7,3,13,Twitter,2026-03-26 20:04:29.608386,1
1991,rahul,Nobody likes you,anger,negative,0.82,3,16,Twitter,2026-03-26 20:05:29.608386,1
1992,vikram,You are useless,anger,negative,0.77,1,15,Twitter,2026-03-26 20:06:29.608386,1
1993,meena,Have a nice day,neutral,positive,0.23,0,15,Twitter,2026-03-26 20:07:29.608386,0
1994,sara,Nobody likes you,anger,negative,0.8,3,16,Twitter,2026-03-26 20:08:29.608386,1
1995,anita,You are so stupid,anger,negative,0.98,3,17,Twitter,2026-03-26 20:09:29.608386,1
1996,rahul,Go away idiot,anger,negative,0.92,1,13,Twitter,2026-03-26 20:10:29.608386,1
1997,sara,Go away idiot,anger,negative,0.84,2,13,Instagram,2026-03-26 20:11:29.608386,1
1998,vikram,You are useless,anger,negative,0.72,2,15,Instagram,2026-03-26 20:12:29.608386,1
1999,john,Nobody likes you,anger,negative,0.72,1,16,Twitter,2026-03-26 20:13:29.608386,1
2000,anita,That's amazing,joy,neutral,0.04,0,14,YouTube,2026-03-26 20:14:29.608386,0
2001,meena,Keep going,joy,positive,0.27,0,10,Twitter,2026-03-26 20:15:29.608386,0
2002,vikram,That's amazing,neutral,neutral,0.19,0,14,Instagram,2026-03-26 20:16:29.608386,0
2003,vikram,Keep going,joy,positive,0.16,0,10,Twitter,2026-03-26 20:17:29.608386,0
2004,sara,Great work!,neutral,neutral,0.06,0,11,YouTube,2026-03-26 20:18:29.608386,0
2005,rahul,Well done,neutral,neutral,0.19,0,9,YouTube,2026-03-26 20:19:29.608386,0
2006,meena,Nobody likes you,anger,negative,0.74,1,16,YouTube,2026-03-26 20:20:29.608386,1
2007,arjun,You are useless,anger,negative,0.99,3,15,Instagram,2026-03-26 20:21:29.608386,1
2008,john,Shut up you fool,anger,negative,0.94,3,16,Instagram,2026-03-26 20:22:29.608386,1
2009,vikram,You are useless,anger,negative,0.85,3,15,Twitter,2026-03-26 20:23:29.608386,1
2010,john,Good effort,joy,positive,0.25,0,11,YouTube,2026-03-26 20:24:29.608386,0
2011,anita,Have a nice day,neutral,positive,0.21,0,15,Twitter,2026-03-26 20:25:29.608386,0
2012,priya,Keep going,joy,neutral,0.28,0,10,Instagram,2026-03-26 20:26:29.608386,0
2013,priya,Good effort,neutral,positive,0.02,0,11,YouTube,2026-03-26 20:27:29.608386,0
2014,anita,You are a loser,anger,negative,0.88,1,15,YouTube,2026-03-26 20:28:29.608386,1
2015,john,Go away idiot,anger,negative,0.87,2,13,YouTube,2026-03-26 20:29:29.608386,1
2016,meena,Go away idiot,anger,negative,0.79,1,13,Instagram,2026-03-26 20:30:29.608386,1
2017,sara,You are useless,anger,negative,0.87,1,15,YouTube,2026-03-26 20:31:29.608386,1
2018,meena,You are a loser,anger,negative,0.91,2,15,YouTube,2026-03-26 20:32:29.608386,1
2019,priya,Keep going,neutral,positive,0.13,0,10,YouTube,2026-03-26 20:33:29.608386,0
2020,arjun,You are useless,anger,negative,0.85,1,15,Instagram,2026-03-26 20:34:29.608386,1
2021,priya,Good effort,neutral,neutral,0.07,0,11,YouTube,2026-03-26 20:35:29.608386,0
2022,rahul,Well done,joy,positive,0.18,0,9,Instagram,2026-03-26 20:36:29.608386,0
2023,rahul,Shut up you fool,anger,negative,0.76,3,16,Instagram,2026-03-26 20:37:29.608386,1
2024,anita,That's amazing,joy,neutral,0.04,0,14,Instagram,2026-03-26 20:38:29.608386,0
2025,vikram,You are so stupid,anger,negative,0.94,2,17,Twitter,2026-03-26 20:39:29.608386,1
2026,sara,That's amazing,joy,neutral,0.08,0,14,Instagram,2026-03-26 20:40:29.608386,0
2027,john,Well done,neutral,neutral,0.18,0,9,Twitter,2026-03-26 20:41:29.608386,0
2028,meena,Shut up you fool,anger,negative,0.74,3,16,Instagram,2026-03-26 20:42:29.608386,1
2029,anita,Have a nice day,neutral,positive,0.01,0,15,Twitter,2026-03-26 20:43:29.608386,0
2030,anita,You are useless,anger,negative,0.91,2,15,Twitter,2026-03-26 20:44:29.608386,1
2031,meena,Nobody likes you,anger,negative,0.98,2,16,Instagram,2026-03-26 20:45:29.608386,1
2032,meena,Shut up you fool,anger,negative,0.82,3,16,Twitter,2026-03-26 20:46:29.608386,1
2033,vikram,You are a loser,anger,negative,0.97,3,15,YouTube,2026-03-26 20:47:29.608386,1
2034,arjun,Have a nice day,neutral,neutral,0.1,0,15,YouTube,2026-03-26 20:48:29.608386,0
2035,anita,Keep going,neutral,neutral,0.15,0,10,Instagram,2026-03-26 20:49:29.608386,0
2036,priya,Go away idiot,anger,negative,0.94,1,13,Instagram,2026-03-26 20:50:29.608386,1
2037,john,You are so stupid,anger,negative,0.76,3,17,Twitter,2026-03-26 20:51:29.608386,1
2038,meena,You are a loser,anger,negative,0.93,1,15,YouTube,2026-03-26 20:52:29.608386,1
2039,john,Go away idiot,anger,negative,0.74,2,13,Twitter,2026-03-26 20:53:29.608386,1
2040,arjun,You are a loser,anger,negative,0.87,2,15,Instagram,2026-03-26 20:54:29.608386,1
2041,john,Great work!,joy,positive,0.1,0,11,Twitter,2026-03-26 20:55:29.608386,0
2042,anita,Keep going,neutral,neutral,0.23,0,10,Twitter,2026-03-26 20:56:29.608386,0
2043,anita,Well done,joy,neutral,0.29,0,9,YouTube,2026-03-26 20:57:29.608386,0
2044,arjun,You are so stupid,anger,negative,0.96,3,17,Twitter,2026-03-26 20:58:29.608386,1
2045,arjun,Good effort,joy,positive,0.13,0,11,Instagram,2026-03-26 20:59:29.608386,0
2046,priya,Great work!,neutral,positive,0.28,0,11,YouTube,2026-03-26 21:00:29.608386,0
2047,vikram,Nobody likes you,anger,negative,0.95,2,16,Instagram,2026-03-26 21:01:29.608386,1
2048,rahul,Nobody likes you,anger,negative,0.99,3,16,YouTube,2026-03-26 21:02:29.608386,1
2049,arjun,Well done,neutral,positive,0.04,0,9,Twitter,2026-03-26 21:03:29.608386,0
2050,priya,Shut up you fool,anger,negative,0.9,3,16,Instagram,2026-03-26 21:04:29.608386,1
2051,priya,You are so stupid,anger,negative,0.71,3,17,Instagram,2026-03-26 21:05:29.608386,1
2052,sara,You are so stupid,anger,negative,0.98,1,17,YouTube,2026-03-26 21:06:29.608386,1
2053,vikram,Have a nice day,neutral,positive,0.06,0,15,Twitter,2026-03-26 21:07:29.608386,0
2054,sara,Go away idiot,anger,negative,0.9,2,13,Instagram,2026-03-26 21:08:29.608386,1
2055,rahul,Nobody likes you,anger,negative,0.75,1,16,YouTube,2026-03-26 21:09:29.608386,1
2056,vikram,Well done,neutral,positive,0.18,0,9,YouTube,2026-03-26 21:10:29.608386,0
2057,vikram,Go away idiot,anger,negative,0.82,2,13,YouTube,2026-03-26 21:11:29.608386,1
2058,john,You are so stupid,anger,negative,0.96,3,17,Twitter,2026-03-26 21:12:29.608386,1
2059,priya,Shut up you fool,anger,negative,0.87,3,16,YouTube,2026-03-26 21:13:29.608386,1
2060,john,Go away idiot,anger,negative,0.98,1,13,Twitter,2026-03-26 21:14:29.608386,1
2061,meena,Nobody likes you,anger,negative,0.87,3,16,YouTube,2026-03-26 21:15:29.608386,1
2062,vikram,You are so stupid,anger,negative,0.74,2,17,Instagram,2026-03-26 21:16:29.608386,1
2063,vikram,Shut up you fool,anger,negative,0.96,3,16,YouTube,2026-03-26 21:17:29.608386,1
2064,rahul,You are a loser,anger,negative,0.87,1,15,Twitter,2026-03-26 21:18:29.608386,1
2065,anita,Go away idiot,anger,negative,0.84,2,13,YouTube,2026-03-26 21:19:29.608386,1
2066,rahul,Have a nice day,neutral,neutral,0.19,0,15,YouTube,2026-03-26 21:20:29.608386,0
2067,arjun,Great work!,neutral,neutral,0.14,0,11,YouTube,2026-03-26 21:21:29.608386,0
2068,sara,That's amazing,neutral,neutral,0.21,0,14,Instagram,2026-03-26 21:22:29.608386,0
2069,vikram,Go away idiot,anger,negative,0.76,2,13,Twitter,2026-03-26 21:23:29.608386,1
2070,sara,You are useless,anger,negative,0.94,3,15,Twitter,2026-03-26 21:24:29.608386,1
2071,sara,Great work!,joy,neutral,0.3,0,11,Twitter,2026-03-26 21:25:29.608386,0
2072,rahul,You are useless,anger,negative,0.74,3,15,YouTube,2026-03-26 21:26:29.608386,1
2073,john,Great work!,joy,neutral,0.16,0,11,YouTube,2026-03-26 21:27:29.608386,0
2074,vikram,You are so stupid,anger,negative,0.74,3,17,Instagram,2026-03-26 21:28:29.608386,1
2075,vikram,That's amazing,neutral,neutral,0.03,0,14,YouTube,2026-03-26 21:29:29.608386,0
2076,rahul,Good effort,joy,positive,0.08,0,11,Twitter,2026-03-26 21:30:29.608386,0
2077,vikram,That's amazing,joy,neutral,0.27,0,14,YouTube,2026-03-26 21:31:29.608386,0
2078,john,Shut up you fool,anger,negative,0.9,3,16,Twitter,2026-03-26 21:32:29.608386,1
2079,sara,Have a nice day,neutral,neutral,0.07,0,15,YouTube,2026-03-26 21:33:29.608386,0
2080,anita,Well done,joy,neutral,0.26,0,9,YouTube,2026-03-26 21:34:29.608386,0
2081,vikram,Have a nice day,neutral,positive,0.15,0,15,Instagram,2026-03-26 21:35:29.608386,0
2082,john,You are useless,anger,negative,0.87,1,15,Twitter,2026-03-26 21:36:29.608386,1
2083,rahul,Keep going,neutral,neutral,0.13,0,10,Instagram,2026-03-26 21:37:29.608386,0
2084,meena,Well done,neutral,neutral,0.28,0,9,Instagram,2026-03-26 21:38:29.608386,0
2085,anita,Have a nice day,joy,neutral,0.23,0,15,Instagram,2026-03-26 21:39:29.608386,0
2086,john,Nobody likes you,anger,negative,0.92,3,16,Twitter,2026-03-26 21:40:29.608386,1
2087,rahul,You are a loser,anger,negative,0.9,2,15,YouTube,2026-03-26 21:41:29.608386,1
2088,vikram,That's amazing,joy,neutral,0.06,0,14,YouTube,2026-03-26 21:42:29.608386,0
2089,vikram,Great work!,joy,positive,0.07,0,11,YouTube,2026-03-26 21:43:29.608386,0
2090,rahul,Well done,joy,positive,0.27,0,9,Twitter,2026-03-26 21:44:29.608386,0
2091,meena,Great work!,joy,neutral,0.14,0,11,Twitter,2026-03-26 21:45:29.608386,0
2092,john,Have a nice day,joy,positive,0.05,0,15,Twitter,2026-03-26 21:46:29.608386,0
2093,sara,Shut up you fool,anger,negative,0.81,2,16,Instagram,2026-03-26 21:47:29.608386,1
2094,anita,Well done,joy,positive,0.16,0,9,YouTube,2026-03-26 21:48:29.608386,0
2095,anita,You are useless,anger,negative,0.88,2,15,YouTube,2026-03-26 21:49:29.608386,1
2096,john,Keep going,joy,positive,0.07,0,10,Instagram,2026-03-26 21:50:29.608386,0
2097,arjun,You are a loser,anger,negative,0.79,2,15,Instagram,2026-03-26 21:51:29.608386,1
2098,arjun,That's amazing,joy,positive,0.04,0,14,Instagram,2026-03-26 21:52:29.608386,0
2099,john,Nobody likes you,anger,negative,0.77,3,16,YouTube,2026-03-26 21:53:29.608386,1
2100,anita,You are useless,anger,negative,0.71,1,15,Twitter,2026-03-26 21:54:29.608386,1
2101,priya,Go away idiot,anger,negative,0.77,3,13,Instagram,2026-03-26 21:55:29.608386,1
2102,anita,Keep going,joy,neutral,0.24,0,10,YouTube,2026-03-26 21:56:29.608386,0
2103,vikram,You are so stupid,anger,negative,0.99,1,17,Twitter,2026-03-26 21:57:29.608386,1
2104,arjun,You are useless,anger,negative,0.81,3,15,YouTube,2026-03-26 21:58:29.608386,1
2105,priya,Have a nice day,neutral,positive,0.2,0,15,Twitter,2026-03-26 21:59:29.608386,0
2106,john,Great work!,neutral,neutral,0.07,0,11,Instagram,2026-03-26 22:00:29.608386,0
2107,arjun,Good effort,neutral,neutral,0.06,0,11,Twitter,2026-03-26 22:01:29.608386,0
2108,vikram,Keep going,neutral,positive,0.17,0,10,Twitter,2026-03-26 22:02:29.608386,0
2109,sara,Keep going,neutral,neutral,0.03,0,10,Instagram,2026-03-26 22:03:29.608386,0
2110,priya,Well done,joy,neutral,0.06,0,9,Twitter,2026-03-26 22:04:29.608386,0
2111,john,Keep going,neutral,neutral,0.27,0,10,YouTube,2026-03-26 22:05:29.608386,0
2112,meena,Great work!,joy,positive,0.13,0,11,Instagram,2026-03-26 22:06:29.608386,0
2113,anita,Well done,joy,positive,0.25,0,9,Twitter,2026-03-26 22:07:29.608386,0
2114,john,You are useless,anger,negative,0.75,2,15,YouTube,2026-03-26 22:08:29.608386,1
2115,john,You are so stupid,anger,negative,0.96,1,17,Twitter,2026-03-26 22:09:29.608386,1
2116,vikram,Good effort,joy,positive,0.08,0,11,Instagram,2026-03-26 22:10:29.608386,0
2117,anita,You are a loser,anger,negative,0.72,2,15,Instagram,2026-03-26 22:11:29.608386,1
2118,sara,Keep going,joy,neutral,0.02,0,10,Instagram,2026-03-26 22:12:29.608386,0
2119,arjun,You are a loser,anger,negative,0.95,3,15,Twitter,2026-03-26 22:13:29.608386,1
2120,john,Shut up you fool,anger,negative,0.71,3,16,YouTube,2026-03-26 22:14:29.608386,1
2121,priya,You are so stupid,anger,negative,0.92,1,17,Twitter,2026-03-26 22:15:29.608386,1
2122,anita,Have a nice day,neutral,neutral,0.23,0,15,Instagram,2026-03-26 22:16:29.608386,0
2123,arjun,Nobody likes you,anger,negative,0.8,2,16,Instagram,2026-03-26 22:17:29.608386,1
2124,rahul,Keep going,neutral,neutral,0.03,0,10,YouTube,2026-03-26 22:18:29.608386,0
2125,john,Go away idiot,anger,negative,0.76,2,13,YouTube,2026-03-26 22:19:29.608386,1
2126,arjun,You are so stupid,anger,negative,0.85,3,17,Instagram,2026-03-26 22:20:29.608386,1
2127,vikram,That's amazing,neutral,positive,0.19,0,14,Twitter,2026-03-26 22:21:29.608386,0
2128,arjun,Nobody likes you,anger,negative,0.92,3,16,YouTube,2026-03-26 22:22:29.608386,1
2129,arjun,That's amazing,neutral,neutral,0.1,0,14,Instagram,2026-03-26 22:23:29.608386,0
2130,priya,That's amazing,neutral,neutral,0.25,0,14,YouTube,2026-03-26 22:24:29.608386,0
2131,rahul,Shut up you fool,anger,negative,0.85,1,16,Instagram,2026-03-26 22:25:29.608386,1
2132,rahul,You are useless,anger,negative,0.87,3,15,Instagram,2026-03-26 22:26:29.608386,1
2133,vikram,Go away idiot,anger,negative,0.96,3,13,YouTube,2026-03-26 22:27:29.608386,1
2134,arjun,That's amazing,neutral,positive,0.15,0,14,Instagram,2026-03-26 22:28:29.608386,0
2135,meena,You are a loser,anger,negative,0.93,1,15,Twitter,2026-03-26 22:29:29.608386,1
2136,meena,Have a nice day,joy,neutral,0.17,0,15,Instagram,2026-03-26 22:30:29.608386,0
2137,priya,Shut up you fool,anger,negative,0.74,3,16,YouTube,2026-03-26 22:31:29.608386,1
2138,meena,You are a loser,anger,negative,0.8,1,15,Twitter,2026-03-26 22:32:29.608386,1
2139,arjun,Go away idiot,anger,negative,0.88,1,13,YouTube,2026-03-26 22:33:29.608386,1
2140,rahul,You are useless,anger,negative,0.71,1,15,Twitter,2026-03-26 22:34:29.608386,1
2141,john,Good effort,joy,neutral,0.02,0,11,Instagram,2026-03-26 22:35:29.608386,0
2142,vikram,Great work!,joy,neutral,0.24,0,11,Twitter,2026-03-26 22:36:29.608386,0
2143,sara,You are so stupid,anger,negative,0.83,1,17,Twitter,2026-03-26 22:37:29.608386,1
2144,sara,Well done,joy,neutral,0.2,0,9,YouTube,2026-03-26 22:38:29.608386,0
2145,vikram,Shut up you fool,anger,negative,0.86,2,16,Twitter,2026-03-26 22:39:29.608386,1
2146,arjun,You are so stupid,anger,negative,0.94,1,17,Twitter,2026-03-26 22:40:29.608386,1
2147,rahul,Great work!,joy,positive,0.06,0,11,Twitter,2026-03-26 22:41:29.608386,0
2148,arjun,Go away idiot,anger,negative,0.82,1,13,YouTube,2026-03-26 22:42:29.608386,1
2149,sara,You are a loser,anger,negative,0.82,3,15,Instagram,2026-03-26 22:43:29.608386,1
2150,john,You are so stupid,anger,negative,0.93,3,17,Twitter,2026-03-26 22:44:29.608386,1
2151,priya,Well done,neutral,positive,0.23,0,9,Twitter,2026-03-26 22:45:29.608386,0
2152,vikram,Well done,joy,positive,0.26,0,9,Instagram,2026-03-26 22:46:29.608386,0
2153,sara,Shut up you fool,anger,negative,0.88,3,16,Instagram,2026-03-26 22:47:29.608386,1
2154,sara,That's amazing,neutral,positive,0.1,0,14,Twitter,2026-03-26 22:48:29.608386,0
2155,john,Great work!,neutral,positive,0.22,0,11,Instagram,2026-03-26 22:49:29.608386,0
2156,rahul,Good effort,joy,neutral,0.15,0,11,Twitter,2026-03-26 22:50:29.608386,0
2157,sara,You are a loser,anger,negative,0.79,3,15,YouTube,2026-03-26 22:51:29.608386,1
2158,anita,Go away idiot,anger,negative,0.86,1,13,YouTube,2026-03-26 22:52:29.608386,1
2159,rahul,Well done,joy,positive,0.27,0,9,YouTube,2026-03-26 22:53:29.608386,0
2160,anita,You are useless,anger,negative,0.99,2,15,Twitter,2026-03-26 22:54:29.608386,1
2161,vikram,You are a loser,anger,negative,0.93,3,15,Instagram,2026-03-26 22:55:29.608386,1
2162,vikram,Good effort,neutral,neutral,0.24,0,11,Instagram,2026-03-26 22:56:29.608386,0
2163,rahul,You are useless,anger,negative,0.8,2,15,Twitter,2026-03-26 22:57:29.608386,1
2164,john,Shut up you fool,anger,negative,0.94,2,16,Twitter,2026-03-26 22:58:29.608386,1
2165,john,Go away idiot,anger,negative,0.87,2,13,Twitter,2026-03-26 22:59:29.608386,1
2166,rahul,Nobody likes you,anger,negative,0.7,3,16,Twitter,2026-03-26 23:00:29.608386,1
2167,priya,You are so stupid,anger,negative,0.79,2,17,Twitter,2026-03-26 23:01:29.608386,1
2168,arjun,You are useless,anger,negative,1.0,2,15,Twitter,2026-03-26 23:02:29.608386,1
2169,vikram,Good effort,neutral,positive,0.26,0,11,Twitter,2026-03-26 23:03:29.608386,0
2170,vikram,Go away idiot,anger,negative,0.85,2,13,Twitter,2026-03-26 23:04:29.608386,1
2171,john,Shut up you fool,anger,negative,0.73,3,16,Twitter,2026-03-26 23:05:29.608386,1
2172,john,Nobody likes you,anger,negative,0.73,3,16,Instagram,2026-03-26 23:06:29.608386,1
2173,john,Great work!,neutral,neutral,0.25,0,11,Twitter,2026-03-26 23:07:29.608386,0
2174,priya,Good effort,neutral,positive,0.21,0,11,Twitter,2026-03-26 23:08:29.608386,0
2175,john,Shut up you fool,anger,negative,0.75,3,16,YouTube,2026-03-26 23:09:29.608386,1
2176,priya,Well done,neutral,positive,0.19,0,9,Instagram,2026-03-26 23:10:29.608386,0
2177,rahul,Great work!,neutral,positive,0.27,0,11,Instagram,2026-03-26 23:11:29.608386,0
2178,meena,Well done,joy,neutral,0.0,0,9,Instagram,2026-03-26 23:12:29.608386,0
2179,anita,Well done,joy,positive,0.23,0,9,Instagram,2026-03-26 23:13:29.608386,0
2180,john,Shut up you fool,anger,negative,0.8,1,16,YouTube,2026-03-26 23:14:29.608386,1
2181,john,Go away idiot,anger,negative,0.86,1,13,YouTube,2026-03-26 23:15:29.608386,1
2182,priya,You are useless,anger,negative,0.77,1,15,YouTube,2026-03-26 23:16:29.608386,1
2183,sara,Nobody likes you,anger,negative,0.95,2,16,Twitter,2026-03-26 23:17:29.608386,1
2184,rahul,Well done,neutral,neutral,0.01,0,9,YouTube,2026-03-26 23:18:29.608386,0
2185,sara,That's amazing,neutral,neutral,0.3,0,14,YouTube,2026-03-26 23:19:29.608386,0
2186,priya,Good effort,neutral,positive,0.07,0,11,Instagram,2026-03-26 23:20:29.608386,0
2187,priya,That's amazing,joy,positive,0.25,0,14,Instagram,2026-03-26 23:21:29.608386,0
2188,meena,You are useless,anger,negative,0.97,3,15,Twitter,2026-03-26 23:22:29.608386,1
2189,anita,Great work!,neutral,neutral,0.25,0,11,YouTube,2026-03-26 23:23:29.608386,0
2190,anita,Keep going,neutral,positive,0.08,0,10,YouTube,2026-03-26 23:24:29.608386,0
2191,priya,Nobody likes you,anger,negative,0.94,2,16,Twitter,2026-03-26 23:25:29.608386,1
2192,john,Nobody likes you,anger,negative,0.83,1,16,Twitter,2026-03-26 23:26:29.608386,1
2193,rahul,You are a loser,anger,negative,0.81,2,15,Instagram,2026-03-26 23:27:29.608386,1
2194,priya,Shut up you fool,anger,negative,0.8,1,16,Instagram,2026-03-26 23:28:29.608386,1
2195,anita,Keep going,joy,neutral,0.29,0,10,Twitter,2026-03-26 23:29:29.608386,0
2196,priya,Go away idiot,anger,negative,0.77,3,13,YouTube,2026-03-26 23:30:29.608386,1
2197,rahul,Good effort,neutral,neutral,0.12,0,11,Twitter,2026-03-26 23:31:29.608386,0
2198,meena,Great work!,neutral,positive,0.1,0,11,YouTube,2026-03-26 23:32:29.608386,0
2199,meena,Keep going,neutral,positive,0.28,0,10,Instagram,2026-03-26 23:33:29.608386,0
2200,priya,Well done,neutral,neutral,0.25,0,9,Twitter,2026-03-26 23:34:29.608386,0
2201,meena,Good effort,neutral,positive,0.07,0,11,Instagram,2026-03-26 23:35:29.608386,0
2202,sara,Have a nice day,neutral,neutral,0.22,0,15,YouTube,2026-03-26 23:36:29.608386,0
2203,john,You are a loser,anger,negative,0.79,2,15,Twitter,2026-03-26 23:37:29.608386,1
2204,meena,Good effort,neutral,positive,0.27,0,11,YouTube,2026-03-26 23:38:29.608386,0
2205,vikram,Great work!,neutral,positive,0.12,0,11,YouTube,2026-03-26 23:39:29.608386,0
2206,meena,You are a loser,anger,negative,0.74,2,15,YouTube,2026-03-26 23:40:29.608386,1
2207,priya,You are so stupid,anger,negative,0.86,1,17,YouTube,2026-03-26 23:41:29.608386,1
2208,rahul,Good effort,joy,positive,0.06,0,11,Instagram,2026-03-26 23:42:29.608386,0
2209,rahul,Great work!,joy,neutral,0.06,0,11,Twitter,2026-03-26 23:43:29.608386,0
2210,vikram,You are a loser,anger,negative,0.98,1,15,Twitter,2026-03-26 23:44:29.608386,1
2211,sara,Great work!,joy,neutral,0.14,0,11,YouTube,2026-03-26 23:45:29.608386,0
2212,rahul,You are useless,anger,negative,0.84,2,15,Twitter,2026-03-26 23:46:29.608386,1
2213,arjun,You are a loser,anger,negative,0.92,3,15,YouTube,2026-03-26 23:47:29.608386,1
2214,anita,Well done,neutral,neutral,0.12,0,9,Instagram,2026-03-26 23:48:29.608386,0
2215,arjun,You are a loser,anger,negative,0.76,3,15,YouTube,2026-03-26 23:49:29.608386,1
2216,anita,Nobody likes you,anger,negative,0.9,1,16,Twitter,2026-03-26 23:50:29.608386,1
2217,anita,Good effort,neutral,positive,0.1,0,11,YouTube,2026-03-26 23:51:29.608386,0
2218,sara,You are a loser,anger,negative,0.89,1,15,YouTube,2026-03-26 23:52:29.608386,1
2219,meena,Keep going,joy,positive,0.02,0,10,Instagram,2026-03-26 23:53:29.608386,0
2220,john,Great work!,neutral,positive,0.11,0,11,Instagram,2026-03-26 23:54:29.608386,0
2221,priya,Nobody likes you,anger,negative,0.72,3,16,YouTube,2026-03-26 23:55:29.608386,1
2222,sara,Nobody likes you,anger,negative,0.85,2,16,YouTube,2026-03-26 23:56:29.608386,1
2223,anita,You are useless,anger,negative,0.93,2,15,Instagram,2026-03-26 23:57:29.608386,1
2224,vikram,You are useless,anger,negative,0.75,2,15,Instagram,2026-03-26 23:58:29.608386,1
2225,rahul,Great work!,neutral,neutral,0.28,0,11,Instagram,2026-03-26 23:59:29.608386,0
2226,arjun,Well done,joy,positive,0.29,0,9,YouTube,2026-03-27 00:00:29.608386,0
2227,anita,Have a nice day,joy,positive,0.28,0,15,Instagram,2026-03-27 00:01:29.608386,0
2228,rahul,Keep going,joy,positive,0.24,0,10,Instagram,2026-03-27 00:02:29.608386,0
2229,meena,Have a nice day,joy,neutral,0.16,0,15,Instagram,2026-03-27 00:03:29.608386,0
2230,vikram,You are so stupid,anger,negative,0.95,2,17,Twitter,2026-03-27 00:04:29.608386,1
2231,anita,Well done,neutral,positive,0.24,0,9,Twitter,2026-03-27 00:05:29.608386,0
2232,meena,You are useless,anger,negative,0.84,2,15,Instagram,2026-03-27 00:06:29.608386,1
2233,arjun,Go away idiot,anger,negative,0.74,1,13,Instagram,2026-03-27 00:07:29.608386,1
2234,anita,You are useless,anger,negative,0.75,2,15,YouTube,2026-03-27 00:08:29.608386,1
2235,arjun,That's amazing,neutral,positive,0.05,0,14,YouTube,2026-03-27 00:09:29.608386,0
2236,sara,Have a nice day,joy,positive,0.03,0,15,Instagram,2026-03-27 00:10:29.608386,0
2237,john,Well done,neutral,neutral,0.28,0,9,Instagram,2026-03-27 00:11:29.608386,0
2238,meena,You are a loser,anger,negative,0.93,1,15,Twitter,2026-03-27 00:12:29.608386,1
2239,meena,Have a nice day,neutral,positive,0.1,0,15,YouTube,2026-03-27 00:13:29.608386,0
2240,rahul,Keep going,neutral,neutral,0.22,0,10,Twitter,2026-03-27 00:14:29.608386,0
2241,rahul,You are a loser,anger,negative,0.8,2,15,YouTube,2026-03-27 00:15:29.608386,1
2242,sara,You are useless,anger,negative,0.88,3,15,Twitter,2026-03-27 00:16:29.608386,1
2243,anita,Good effort,neutral,positive,0.04,0,11,Instagram,2026-03-27 00:17:29.608386,0
2244,priya,That's amazing,joy,positive,0.18,0,14,Twitter,2026-03-27 00:18:29.608386,0
2245,priya,Keep going,neutral,positive,0.22,0,10,YouTube,2026-03-27 00:19:29.608386,0
2246,john,Nobody likes you,anger,negative,0.8,1,16,Twitter,2026-03-27 00:20:29.608386,1
2247,rahul,Great work!,neutral,positive,0.22,0,11,Twitter,2026-03-27 00:21:29.608386,0
2248,rahul,Have a nice day,neutral,positive,0.29,0,15,YouTube,2026-03-27 00:22:29.608386,0
2249,priya,Keep going,neutral,neutral,0.15,0,10,YouTube,2026-03-27 00:23:29.608386,0
2250,vikram,Nobody likes you,anger,negative,0.87,2,16,YouTube,2026-03-27 00:24:29.608386,1
2251,meena,Good effort,neutral,neutral,0.11,0,11,Instagram,2026-03-27 00:25:29.608386,0
2252,rahul,Nobody likes you,anger,negative,0.82,2,16,Twitter,2026-03-27 00:26:29.608386,1
2253,sara,Go away idiot,anger,negative,0.76,3,13,Instagram,2026-03-27 00:27:29.608386,1
2254,priya,You are so stupid,anger,negative,0.8,1,17,Twitter,2026-03-27 00:28:29.608386,1
2255,john,Shut up you fool,anger,negative,0.77,2,16,Twitter,2026-03-27 00:29:29.608386,1
2256,rahul,Go away idiot,anger,negative,0.96,1,13,Instagram,2026-03-27 00:30:29.608386,1
2257,john,Great work!,neutral,neutral,0.07,0,11,YouTube,2026-03-27 00:31:29.608386,0
2258,john,You are useless,anger,negative,0.72,1,15,Twitter,2026-03-27 00:32:29.608386,1
2259,priya,Shut up you fool,anger,negative,0.76,1,16,Twitter,2026-03-27 00:33:29.608386,1
2260,priya,Well done,neutral,neutral,0.22,0,9,Twitter,2026-03-27 00:34:29.608386,0
2261,arjun,Have a nice day,neutral,neutral,0.07,0,15,Twitter,2026-03-27 00:35:29.608386,0
2262,priya,Keep going,neutral,neutral,0.04,0,10,YouTube,2026-03-27 00:36:29.608386,0
2263,arjun,You are so stupid,anger,negative,0.75,2,17,YouTube,2026-03-27 00:37:29.608386,1
2264,rahul,You are a loser,anger,negative,0.94,3,15,YouTube,2026-03-27 00:38:29.608386,1
2265,anita,You are useless,anger,negative,0.85,1,15,YouTube,2026-03-27 00:39:29.608386,1
2266,sara,Nobody likes you,anger,negative,0.88,2,16,Instagram,2026-03-27 00:40:29.608386,1
2267,vikram,You are a loser,anger,negative,0.72,2,15,Instagram,2026-03-27 00:41:29.608386,1
2268,john,Well done,joy,neutral,0.28,0,9,Twitter,2026-03-27 00:42:29.608386,0
2269,sara,Go away idiot,anger,negative,1.0,2,13,YouTube,2026-03-27 00:43:29.608386,1
2270,vikram,Well done,neutral,positive,0.06,0,9,Twitter,2026-03-27 00:44:29.608386,0
2271,meena,That's amazing,joy,neutral,0.2,0,14,Twitter,2026-03-27 00:45:29.608386,0
2272,vikram,Keep going,joy,positive,0.06,0,10,YouTube,2026-03-27 00:46:29.608386,0
2273,priya,Great work!,joy,positive,0.06,0,11,YouTube,2026-03-27 00:47:29.608386,0
2274,anita,Nobody likes you,anger,negative,0.92,3,16,Twitter,2026-03-27 00:48:29.608386,1
2275,john,Nobody likes you,anger,negative,0.72,3,16,YouTube,2026-03-27 00:49:29.608386,1
2276,rahul,You are useless,anger,negative,0.99,1,15,YouTube,2026-03-27 00:50:29.608386,1
2277,sara,Good effort,joy,positive,0.16,0,11,Instagram,2026-03-27 00:51:29.608386,0
2278,meena,Have a nice day,joy,neutral,0.05,0,15,YouTube,2026-03-27 00:52:29.608386,0
2279,priya,Shut up you fool,anger,negative,0.82,3,16,Instagram,2026-03-27 00:53:29.608386,1
2280,priya,Well done,neutral,positive,0.3,0,9,YouTube,2026-03-27 00:54:29.608386,0
2281,arjun,Good effort,joy,positive,0.13,0,11,YouTube,2026-03-27 00:55:29.608386,0
2282,john,Shut up you fool,anger,negative,0.73,3,16,YouTube,2026-03-27 00:56:29.608386,1
2283,arjun,You are so stupid,anger,negative,0.76,3,17,YouTube,2026-03-27 00:57:29.608386,1
2284,anita,Shut up you fool,anger,negative,0.71,1,16,Twitter,2026-03-27 00:58:29.608386,1
2285,priya,Great work!,neutral,positive,0.05,0,11,Twitter,2026-03-27 00:59:29.608386,0
2286,sara,Nobody likes you,anger,negative,0.78,2,16,Twitter,2026-03-27 01:00:29.608386,1
2287,john,Shut up you fool,anger,negative,0.96,1,16,Twitter,2026-03-27 01:01:29.608386,1
2288,priya,Shut up you fool,anger,negative,0.78,2,16,YouTube,2026-03-27 01:02:29.608386,1
2289,rahul,You are a loser,anger,negative,0.92,2,15,Instagram,2026-03-27 01:03:29.608386,1
2290,meena,Good effort,joy,neutral,0.16,0,11,YouTube,2026-03-27 01:04:29.608386,0
2291,vikram,You are so stupid,anger,negative,0.84,1,17,Instagram,2026-03-27 01:05:29.608386,1
2292,rahul,Shut up you fool,anger,negative,0.96,2,16,Instagram,2026-03-27 01:06:29.608386,1
2293,meena,Good effort,joy,neutral,0.05,0,11,Instagram,2026-03-27 01:07:29.608386,0
2294,priya,You are useless,anger,negative,0.71,1,15,YouTube,2026-03-27 01:08:29.608386,1
2295,meena,Nobody likes you,anger,negative,0.84,3,16,Instagram,2026-03-27 01:09:29.608386,1
2296,john,You are useless,anger,negative,0.77,3,15,Instagram,2026-03-27 01:10:29.608386,1
2297,rahul,Go away idiot,anger,negative,0.81,3,13,YouTube,2026-03-27 01:11:29.608386,1
2298,meena,That's amazing,neutral,neutral,0.22,0,14,Instagram,2026-03-27 01:12:29.608386,0
2299,vikram,You are useless,anger,negative,0.84,3,15,Instagram,2026-03-27 01:13:29.608386,1
2300,vikram,Good effort,joy,positive,0.23,0,11,Twitter,2026-03-27 01:14:29.608386,0
2301,vikram,You are a loser,anger,negative,0.99,2,15,Instagram,2026-03-27 01:15:29.608386,1
2302,rahul,Have a nice day,neutral,neutral,0.18,0,15,YouTube,2026-03-27 01:16:29.608386,0
2303,priya,You are a loser,anger,negative,0.74,3,15,YouTube,2026-03-27 01:17:29.608386,1
2304,priya,Have a nice day,joy,neutral,0.21,0,15,Twitter,2026-03-27 01:18:29.608386,0
2305,arjun,Have a nice day,joy,positive,0.23,0,15,YouTube,2026-03-27 01:19:29.608386,0
2306,priya,Shut up you fool,anger,negative,0.86,3,16,Instagram,2026-03-27 01:20:29.608386,1
2307,anita,Shut up you fool,anger,negative,0.7,3,16,Twitter,2026-03-27 01:21:29.608386,1
2308,john,Keep going,neutral,positive,0.13,0,10,Twitter,2026-03-27 01:22:29.608386,0
2309,sara,Nobody likes you,anger,negative,0.89,3,16,YouTube,2026-03-27 01:23:29.608386,1
2310,arjun,Go away idiot,anger,negative,0.82,3,13,YouTube,2026-03-27 01:24:29.608386,1
2311,anita,That's amazing,joy,positive,0.06,0,14,YouTube,2026-03-27 01:25:29.608386,0
2312,meena,Well done,joy,positive,0.15,0,9,Twitter,2026-03-27 01:26:29.608386,0
2313,anita,Great work!,joy,neutral,0.09,0,11,Twitter,2026-03-27 01:27:29.608386,0
2314,sara,Shut up you fool,anger,negative,0.92,2,16,YouTube,2026-03-27 01:28:29.608386,1
2315,rahul,Keep going,neutral,neutral,0.05,0,10,Twitter,2026-03-27 01:29:29.608386,0
2316,priya,You are so stupid,anger,negative,0.89,3,17,Instagram,2026-03-27 01:30:29.608386,1
2317,sara,Nobody likes you,anger,negative,0.78,1,16,Twitter,2026-03-27 01:31:29.608386,1
2318,arjun,You are a loser,anger,negative,0.98,3,15,Twitter,2026-03-27 01:32:29.608386,1
2319,meena,That's amazing,joy,positive,0.07,0,14,Twitter,2026-03-27 01:33:29.608386,0
2320,anita,You are so stupid,anger,negative,0.84,2,17,Twitter,2026-03-27 01:34:29.608386,1
2321,vikram,Good effort,neutral,neutral,0.13,0,11,Instagram,2026-03-27 01:35:29.608386,0
2322,meena,Great work!,joy,neutral,0.28,0,11,YouTube,2026-03-27 01:36:29.608386,0
2323,priya,Go away idiot,anger,negative,0.91,1,13,Twitter,2026-03-27 01:37:29.608386,1
2324,anita,Well done,neutral,positive,0.11,0,9,YouTube,2026-03-27 01:38:29.608386,0
2325,meena,Good effort,neutral,neutral,0.16,0,11,Instagram,2026-03-27 01:39:29.608386,0
2326,rahul,Keep going,joy,neutral,0.12,0,10,Instagram,2026-03-27 01:40:29.608386,0
2327,vikram,Nobody likes you,anger,negative,0.93,3,16,Instagram,2026-03-27 01:41:29.608386,1
2328,arjun,You are a loser,anger,negative,1.0,2,15,Twitter,2026-03-27 01:42:29.608386,1
2329,meena,You are a loser,anger,negative,0.83,1,15,YouTube,2026-03-27 01:43:29.608386,1
2330,rahul,Go away idiot,anger,negative,0.79,1,13,YouTube,2026-03-27 01:44:29.608386,1
2331,rahul,Nobody likes you,anger,negative,0.89,1,16,Instagram,2026-03-27 01:45:29.608386,1
2332,sara,Have a nice day,neutral,positive,0.22,0,15,YouTube,2026-03-27 01:46:29.608386,0
2333,anita,Go away idiot,anger,negative,0.81,1,13,Instagram,2026-03-27 01:47:29.608386,1
2334,john,Nobody likes you,anger,negative,0.95,3,16,Instagram,2026-03-27 01:48:29.608386,1
2335,priya,Nobody likes you,anger,negative,0.78,3,16,Instagram,2026-03-27 01:49:29.608386,1
2336,sara,Have a nice day,joy,neutral,0.16,0,15,YouTube,2026-03-27 01:50:29.608386,0
2337,arjun,Have a nice day,neutral,positive,0.08,0,15,Instagram,2026-03-27 01:51:29.608386,0
2338,anita,Nobody likes you,anger,negative,0.86,1,16,Twitter,2026-03-27 01:52:29.608386,1
2339,priya,You are so stupid,anger,negative,0.98,3,17,YouTube,2026-03-27 01:53:29.608386,1
2340,rahul,Have a nice day,joy,neutral,0.26,0,15,Twitter,2026-03-27 01:54:29.608386,0
2341,rahul,Good effort,joy,positive,0.05,0,11,Instagram,2026-03-27 01:55:29.608386,0
2342,john,Good effort,joy,positive,0.19,0,11,Twitter,2026-03-27 01:56:29.608386,0
2343,arjun,You are so stupid,anger,negative,0.73,2,17,YouTube,2026-03-27 01:57:29.608386,1
2344,john,Great work!,joy,neutral,0.04,0,11,Instagram,2026-03-27 01:58:29.608386,0
2345,sara,That's amazing,neutral,positive,0.22,0,14,Instagram,2026-03-27 01:59:29.608386,0
2346,arjun,Nobody likes you,anger,negative,0.99,2,16,YouTube,2026-03-27 02:00:29.608386,1
2347,meena,Good effort,neutral,positive,0.23,0,11,YouTube,2026-03-27 02:01:29.608386,0
2348,anita,Nobody likes you,anger,negative,0.83,1,16,Twitter,2026-03-27 02:02:29.608386,1
2349,john,Have a nice day,joy,neutral,0.14,0,15,Twitter,2026-03-27 02:03:29.608386,0
2350,meena,Well done,neutral,positive,0.17,0,9,Instagram,2026-03-27 02:04:29.608386,0
2351,john,You are so stupid,anger,negative,0.81,1,17,YouTube,2026-03-27 02:05:29.608386,1
2352,meena,You are a loser,anger,negative,0.78,2,15,YouTube,2026-03-27 02:06:29.608386,1
2353,sara,That's amazing,joy,positive,0.15,0,14,YouTube,2026-03-27 02:07:29.608386,0
2354,john,You are so stupid,anger,negative,0.8,2,17,Instagram,2026-03-27 02:08:29.608386,1
2355,vikram,Good effort,joy,neutral,0.13,0,11,YouTube,2026-03-27 02:09:29.608386,0
2356,arjun,Good effort,neutral,neutral,0.21,0,11,Twitter,2026-03-27 02:10:29.608386,0
2357,arjun,Well done,neutral,positive,0.25,0,9,YouTube,2026-03-27 02:11:29.608386,0
2358,john,Have a nice day,joy,neutral,0.09,0,15,YouTube,2026-03-27 02:12:29.608386,0
2359,priya,You are a loser,anger,negative,0.92,3,15,YouTube,2026-03-27 02:13:29.608386,1
2360,sara,You are a loser,anger,negative,0.98,2,15,YouTube,2026-03-27 02:14:29.608386,1
2361,sara,Good effort,joy,neutral,0.29,0,11,YouTube,2026-03-27 02:15:29.608386,0
2362,priya,You are useless,anger,negative,0.92,2,15,Instagram,2026-03-27 02:16:29.608386,1
2363,meena,Have a nice day,neutral,positive,0.09,0,15,YouTube,2026-03-27 02:17:29.608386,0
2364,meena,Well done,neutral,neutral,0.26,0,9,Instagram,2026-03-27 02:18:29.608386,0
2365,sara,Go away idiot,anger,negative,0.81,2,13,Twitter,2026-03-27 02:19:29.608386,1
2366,anita,Well done,neutral,neutral,0.18,0,9,YouTube,2026-03-27 02:20:29.608386,0
2367,priya,Have a nice day,joy,positive,0.04,0,15,YouTube,2026-03-27 02:21:29.608386,0
2368,anita,Nobody likes you,anger,negative,0.85,1,16,YouTube,2026-03-27 02:22:29.608386,1
2369,arjun,Shut up you fool,anger,negative,0.81,1,16,YouTube,2026-03-27 02:23:29.608386,1
2370,meena,Keep going,neutral,positive,0.08,0,10,Instagram,2026-03-27 02:24:29.608386,0
2371,arjun,Great work!,joy,neutral,0.0,0,11,Twitter,2026-03-27 02:25:29.608386,0
2372,priya,You are so stupid,anger,negative,0.92,2,17,Twitter,2026-03-27 02:26:29.608386,1
2373,sara,Shut up you fool,anger,negative,0.93,3,16,YouTube,2026-03-27 02:27:29.608386,1
2374,vikram,Go away idiot,anger,negative,0.97,3,13,YouTube,2026-03-27 02:28:29.608386,1
2375,anita,Well done,joy,neutral,0.13,0,9,YouTube,2026-03-27 02:29:29.608386,0
2376,vikram,You are so stupid,anger,negative,0.7,2,17,Twitter,2026-03-27 02:30:29.608386,1
2377,meena,Well done,neutral,positive,0.05,0,9,YouTube,2026-03-27 02:31:29.608386,0
2378,anita,Well done,neutral,neutral,0.03,0,9,Twitter,2026-03-27 02:32:29.608386,0
2379,vikram,Well done,neutral,positive,0.0,0,9,Twitter,2026-03-27 02:33:29.608386,0
2380,rahul,Great work!,neutral,neutral,0.04,0,11,YouTube,2026-03-27 02:34:29.608386,0
2381,vikram,Good effort,neutral,neutral,0.04,0,11,Twitter,2026-03-27 02:35:29.608386,0
2382,rahul,You are a loser,anger,negative,0.94,2,15,Twitter,2026-03-27 02:36:29.608386,1
2383,priya,Go away idiot,anger,negative,0.9,2,13,Instagram,2026-03-27 02:37:29.608386,1
2384,sara,Shut up you fool,anger,negative,0.74,2,16,Instagram,2026-03-27 02:38:29.608386,1
2385,anita,Good effort,joy,neutral,0.07,0,11,Twitter,2026-03-27 02:39:29.608386,0
2386,sara,Great work!,joy,positive,0.09,0,11,YouTube,2026-03-27 02:40:29.608386,0
2387,meena,Shut up you fool,anger,negative,0.76,3,16,Twitter,2026-03-27 02:41:29.608386,1
2388,anita,You are useless,anger,negative,0.81,3,15,Twitter,2026-03-27 02:42:29.608386,1
2389,rahul,Nobody likes you,anger,negative,0.99,2,16,Twitter,2026-03-27 02:43:29.608386,1
2390,arjun,You are useless,anger,negative,0.89,1,15,YouTube,2026-03-27 02:44:29.608386,1
2391,vikram,Have a nice day,joy,neutral,0.19,0,15,Twitter,2026-03-27 02:45:29.608386,0
2392,rahul,Nobody likes you,anger,negative,0.96,3,16,YouTube,2026-03-27 02:46:29.608386,1
2393,arjun,Have a nice day,neutral,neutral,0.12,0,15,Twitter,2026-03-27 02:47:29.608386,0
2394,arjun,Shut up you fool,anger,negative,0.81,3,16,Twitter,2026-03-27 02:48:29.608386,1
2395,vikram,Have a nice day,joy,neutral,0.06,0,15,YouTube,2026-03-27 02:49:29.608386,0
2396,rahul,Have a nice day,neutral,positive,0.16,0,15,Twitter,2026-03-27 02:50:29.608386,0
2397,rahul,Good effort,joy,neutral,0.04,0,11,Instagram,2026-03-27 02:51:29.608386,0
2398,arjun,Shut up you fool,anger,negative,0.93,3,16,Twitter,2026-03-27 02:52:29.608386,1
2399,sara,You are so stupid,anger,negative,0.9,2,17,Instagram,2026-03-27 02:53:29.608386,1
2400,priya,You are a loser,anger,negative,0.82,1,15,Instagram,2026-03-27 02:54:29.608386,1
2401,arjun,Go away idiot,anger,negative,0.84,2,13,Instagram,2026-03-27 02:55:29.608386,1
2402,meena,Great work!,neutral,positive,0.25,0,11,Twitter,2026-03-27 02:56:29.608386,0
2403,anita,Have a nice day,joy,positive,0.14,0,15,Instagram,2026-03-27 02:57:29.608386,0
2404,anita,Shut up you fool,anger,negative,0.81,2,16,YouTube,2026-03-27 02:58:29.608386,1
2405,vikram,Shut up you fool,anger,negative,0.98,3,16,Twitter,2026-03-27 02:59:29.608386,1
2406,meena,You are useless,anger,negative,0.91,2,15,Twitter,2026-03-27 03:00:29.608386,1
2407,meena,Keep going,joy,positive,0.03,0,10,Twitter,2026-03-27 03:01:29.608386,0
2408,rahul,You are so stupid,anger,negative,0.72,2,17,YouTube,2026-03-27 03:02:29.608386,1
2409,rahul,Well done,joy,neutral,0.16,0,9,Twitter,2026-03-27 03:03:29.608386,0
2410,rahul,Good effort,joy,neutral,0.04,0,11,Twitter,2026-03-27 03:04:29.608386,0
2411,john,Well done,joy,neutral,0.13,0,9,Instagram,2026-03-27 03:05:29.608386,0
2412,arjun,That's amazing,neutral,neutral,0.01,0,14,YouTube,2026-03-27 03:06:29.608386,0
2413,rahul,Shut up you fool,anger,negative,0.92,1,16,YouTube,2026-03-27 03:07:29.608386,1
2414,priya,Go away idiot,anger,negative,0.97,2,13,Twitter,2026-03-27 03:08:29.608386,1
2415,vikram,Shut up you fool,anger,negative,0.72,3,16,Twitter,2026-03-27 03:09:29.608386,1
2416,meena,That's amazing,neutral,neutral,0.17,0,14,Instagram,2026-03-27 03:10:29.608386,0
2417,meena,You are useless,anger,negative,0.88,1,15,Twitter,2026-03-27 03:11:29.608386,1
2418,arjun,You are so stupid,anger,negative,0.84,3,17,YouTube,2026-03-27 03:12:29.608386,1
2419,sara,You are a loser,anger,negative,0.75,3,15,YouTube,2026-03-27 03:13:29.608386,1
2420,vikram,You are a loser,anger,negative,0.92,1,15,Twitter,2026-03-27 03:14:29.608386,1
2421,sara,Shut up you fool,anger,negative,0.75,2,16,Twitter,2026-03-27 03:15:29.608386,1
2422,john,Go away idiot,anger,negative,0.71,2,13,Instagram,2026-03-27 03:16:29.608386,1
2423,john,You are useless,anger,negative,0.71,2,15,Twitter,2026-03-27 03:17:29.608386,1
2424,vikram,Well done,neutral,neutral,0.01,0,9,Instagram,2026-03-27 03:18:29.608386,0
2425,sara,Nobody likes you,anger,negative,0.79,1,16,Twitter,2026-03-27 03:19:29.608386,1
2426,priya,Shut up you fool,anger,negative,0.78,3,16,Twitter,2026-03-27 03:20:29.608386,1
2427,john,Great work!,neutral,positive,0.1,0,11,Instagram,2026-03-27 03:21:29.608386,0
2428,vikram,Go away idiot,anger,negative,0.71,2,13,YouTube,2026-03-27 03:22:29.608386,1
2429,anita,Shut up you fool,anger,negative,0.85,2,16,YouTube,2026-03-27 03:23:29.608386,1
2430,john,Great work!,joy,neutral,0.12,0,11,Twitter,2026-03-27 03:24:29.608386,0
2431,priya,Great work!,joy,positive,0.28,0,11,YouTube,2026-03-27 03:25:29.608386,0
2432,rahul,Shut up you fool,anger,negative,0.76,2,16,YouTube,2026-03-27 03:26:29.608386,1
2433,anita,Go away idiot,anger,negative,0.97,2,13,Twitter,2026-03-27 03:27:29.608386,1
2434,arjun,Have a nice day,joy,neutral,0.26,0,15,Instagram,2026-03-27 03:28:29.608386,0
2435,arjun,You are a loser,anger,negative,0.76,1,15,YouTube,2026-03-27 03:29:29.608386,1
2436,anita,Go away idiot,anger,negative,0.77,3,13,YouTube,2026-03-27 03:30:29.608386,1
2437,meena,Good effort,joy,neutral,0.2,0,11,YouTube,2026-03-27 03:31:29.608386,0
2438,meena,Have a nice day,neutral,neutral,0.09,0,15,Twitter,2026-03-27 03:32:29.608386,0
2439,anita,Great work!,joy,positive,0.12,0,11,Instagram,2026-03-27 03:33:29.608386,0
2440,sara,Shut up you fool,anger,negative,0.87,3,16,Twitter,2026-03-27 03:34:29.608386,1
2441,vikram,Keep going,joy,neutral,0.19,0,10,Instagram,2026-03-27 03:35:29.608386,0
2442,vikram,Keep going,joy,neutral,0.16,0,10,Instagram,2026-03-27 03:36:29.608386,0
2443,rahul,You are so stupid,anger,negative,0.75,2,17,YouTube,2026-03-27 03:37:29.608386,1
2444,sara,That's amazing,joy,neutral,0.04,0,14,Instagram,2026-03-27 03:38:29.608386,0
2445,priya,Nobody likes you,anger,negative,0.72,2,16,YouTube,2026-03-27 03:39:29.608386,1
2446,anita,Nobody likes you,anger,negative,0.73,2,16,Twitter,2026-03-27 03:40:29.608386,1
2447,priya,Go away idiot,anger,negative,0.85,2,13,Instagram,2026-03-27 03:41:29.608386,1
2448,arjun,Go away idiot,anger,negative,0.98,2,13,Instagram,2026-03-27 03:42:29.608386,1
2449,arjun,Go away idiot,anger,negative,0.82,2,13,Twitter,2026-03-27 03:43:29.608386,1
2450,rahul,That's amazing,neutral,neutral,0.26,0,14,Twitter,2026-03-27 03:44:29.608386,0
2451,anita,You are a loser,anger,negative,0.94,3,15,Twitter,2026-03-27 03:45:29.608386,1
2452,priya,Nobody likes you,anger,negative,0.83,1,16,Instagram,2026-03-27 03:46:29.608386,1
2453,sara,That's amazing,neutral,neutral,0.21,0,14,YouTube,2026-03-27 03:47:29.608386,0
2454,meena,Shut up you fool,anger,negative,0.93,1,16,Twitter,2026-03-27 03:48:29.608386,1
2455,priya,Nobody likes you,anger,negative,0.96,1,16,Twitter,2026-03-27 03:49:29.608386,1
2456,john,Shut up you fool,anger,negative,0.93,1,16,YouTube,2026-03-27 03:50:29.608386,1
2457,meena,Well done,joy,positive,0.3,0,9,YouTube,2026-03-27 03:51:29.608386,0
2458,sara,You are so stupid,anger,negative,0.96,1,17,Twitter,2026-03-27 03:52:29.608386,1
2459,vikram,Well done,neutral,neutral,0.01,0,9,Twitter,2026-03-27 03:53:29.608386,0
2460,arjun,That's amazing,neutral,neutral,0.27,0,14,Instagram,2026-03-27 03:54:29.608386,0
2461,vikram,Shut up you fool,anger,negative,0.85,2,16,Twitter,2026-03-27 03:55:29.608386,1
2462,anita,Good effort,joy,positive,0.02,0,11,YouTube,2026-03-27 03:56:29.608386,0
2463,anita,Go away idiot,anger,negative,0.8,3,13,Twitter,2026-03-27 03:57:29.608386,1
2464,meena,Go away idiot,anger,negative,0.87,3,13,YouTube,2026-03-27 03:58:29.608386,1
2465,john,Well done,neutral,neutral,0.23,0,9,Instagram,2026-03-27 03:59:29.608386,0
2466,priya,Well done,neutral,neutral,0.26,0,9,Instagram,2026-03-27 04:00:29.608386,0
2467,sara,That's amazing,neutral,neutral,0.26,0,14,Twitter,2026-03-27 04:01:29.608386,0
2468,meena,Good effort,neutral,positive,0.15,0,11,Twitter,2026-03-27 04:02:29.608386,0
2469,john,Good effort,joy,neutral,0.24,0,11,YouTube,2026-03-27 04:03:29.608386,0
2470,meena,That's amazing,neutral,positive,0.09,0,14,Twitter,2026-03-27 04:04:29.608386,0
2471,priya,Shut up you fool,anger,negative,0.98,1,16,Instagram,2026-03-27 04:05:29.608386,1
2472,vikram,You are so stupid,anger,negative,0.9,1,17,YouTube,2026-03-27 04:06:29.608386,1
2473,priya,Great work!,neutral,neutral,0.04,0,11,Twitter,2026-03-27 04:07:29.608386,0
2474,anita,Great work!,neutral,neutral,0.14,0,11,YouTube,2026-03-27 04:08:29.608386,0
2475,meena,Good effort,joy,neutral,0.24,0,11,YouTube,2026-03-27 04:09:29.608386,0
2476,sara,That's amazing,neutral,neutral,0.06,0,14,YouTube,2026-03-27 04:10:29.608386,0
2477,arjun,You are a loser,anger,negative,0.7,1,15,YouTube,2026-03-27 04:11:29.608386,1
2478,sara,Great work!,neutral,positive,0.22,0,11,Twitter,2026-03-27 04:12:29.608386,0
2479,rahul,You are useless,anger,negative,0.73,2,15,YouTube,2026-03-27 04:13:29.608386,1
2480,arjun,Shut up you fool,anger,negative,0.73,2,16,Instagram,2026-03-27 04:14:29.608386,1
2481,sara,Go away idiot,anger,negative,0.84,3,13,Instagram,2026-03-27 04:15:29.608386,1
2482,anita,Have a nice day,neutral,neutral,0.05,0,15,Twitter,2026-03-27 04:16:29.608386,0
2483,priya,Good effort,neutral,positive,0.23,0,11,YouTube,2026-03-27 04:17:29.608386,0
2484,anita,Well done,neutral,positive,0.11,0,9,Instagram,2026-03-27 04:18:29.608386,0
2485,priya,Well done,neutral,neutral,0.17,0,9,Twitter,2026-03-27 04:19:29.608386,0
2486,sara,Have a nice day,neutral,positive,0.01,0,15,YouTube,2026-03-27 04:20:29.608386,0
2487,meena,Nobody likes you,anger,negative,0.85,1,16,Instagram,2026-03-27 04:21:29.608386,1
2488,anita,Shut up you fool,anger,negative,0.74,1,16,YouTube,2026-03-27 04:22:29.608386,1
2489,anita,Have a nice day,neutral,positive,0.23,0,15,Twitter,2026-03-27 04:23:29.608386,0
2490,arjun,You are so stupid,anger,negative,0.84,3,17,Twitter,2026-03-27 04:24:29.608386,1
2491,john,Have a nice day,joy,positive,0.03,0,15,YouTube,2026-03-27 04:25:29.608386,0
2492,john,Well done,joy,neutral,0.03,0,9,YouTube,2026-03-27 04:26:29.608386,0
2493,vikram,Well done,joy,positive,0.12,0,9,Twitter,2026-03-27 04:27:29.608386,0
2494,vikram,Well done,neutral,neutral,0.14,0,9,Twitter,2026-03-27 04:28:29.608386,0
2495,sara,That's amazing,neutral,neutral,0.26,0,14,Instagram,2026-03-27 04:29:29.608386,0
2496,john,Nobody likes you,anger,negative,0.77,1,16,Instagram,2026-03-27 04:30:29.608386,1
2497,anita,Go away idiot,anger,negative,0.73,2,13,Instagram,2026-03-27 04:31:29.608386,1
2498,rahul,You are useless,anger,negative,0.8,3,15,Instagram,2026-03-27 04:32:29.608386,1
2499,sara,You are a loser,anger,negative,0.76,1,15,Twitter,2026-03-27 04:33:29.608386,1
2500,arjun,Go away idiot,anger,negative,0.95,2,13,Instagram,2026-03-27 04:34:29.608386,1
2501,john,Good effort,neutral,positive,0.03,0,11,YouTube,2026-03-27 04:35:29.608386,0
2502,meena,You are useless,anger,negative,0.74,3,15,YouTube,2026-03-27 04:36:29.608386,1
2503,anita,Great work!,neutral,neutral,0.19,0,11,YouTube,2026-03-27 04:37:29.608386,0
2504,anita,That's amazing,neutral,positive,0.24,0,14,Twitter,2026-03-27 04:38:29.608386,0
2505,arjun,Great work!,joy,positive,0.19,0,11,Twitter,2026-03-27 04:39:29.608386,0
2506,arjun,Keep going,joy,neutral,0.08,0,10,YouTube,2026-03-27 04:40:29.608386,0
2507,meena,Nobody likes you,anger,negative,0.74,2,16,Twitter,2026-03-27 04:41:29.608386,1
2508,rahul,Nobody likes you,anger,negative,0.93,3,16,Instagram,2026-03-27 04:42:29.608386,1
2509,john,You are a loser,anger,negative,0.89,3,15,Instagram,2026-03-27 04:43:29.608386,1
2510,arjun,Have a nice day,joy,neutral,0.29,0,15,Instagram,2026-03-27 04:44:29.608386,0
2511,meena,Go away idiot,anger,negative,0.91,1,13,Twitter,2026-03-27 04:45:29.608386,1
2512,arjun,Go away idiot,anger,negative,0.76,3,13,Twitter,2026-03-27 04:46:29.608386,1
2513,sara,Keep going,joy,neutral,0.12,0,10,YouTube,2026-03-27 04:47:29.608386,0
2514,priya,Nobody likes you,anger,negative,0.82,1,16,Instagram,2026-03-27 04:48:29.608386,1
2515,rahul,Keep going,neutral,neutral,0.05,0,10,Instagram,2026-03-27 04:49:29.608386,0
2516,vikram,Great work!,joy,neutral,0.12,0,11,Instagram,2026-03-27 04:50:29.608386,0
2517,priya,That's amazing,neutral,positive,0.02,0,14,Twitter,2026-03-27 04:51:29.608386,0
2518,priya,You are a loser,anger,negative,0.87,3,15,Instagram,2026-03-27 04:52:29.608386,1
2519,rahul,That's amazing,joy,neutral,0.1,0,14,Twitter,2026-03-27 04:53:29.608386,0
2520,john,Great work!,neutral,positive,0.29,0,11,YouTube,2026-03-27 04:54:29.608386,0
2521,vikram,Have a nice day,neutral,neutral,0.12,0,15,YouTube,2026-03-27 04:55:29.608386,0
2522,priya,Nobody likes you,anger,negative,0.74,1,16,YouTube,2026-03-27 04:56:29.608386,1
2523,arjun,Good effort,neutral,positive,0.12,0,11,YouTube,2026-03-27 04:57:29.608386,0
2524,john,You are so stupid,anger,negative,0.84,1,17,YouTube,2026-03-27 04:58:29.608386,1
2525,vikram,You are a loser,anger,negative,0.94,2,15,YouTube,2026-03-27 04:59:29.608386,1
2526,anita,Shut up you fool,anger,negative,0.98,2,16,Twitter,2026-03-27 05:00:29.608386,1
2527,john,Go away idiot,anger,negative,0.81,2,13,YouTube,2026-03-27 05:01:29.608386,1
2528,john,That's amazing,joy,positive,0.04,0,14,Twitter,2026-03-27 05:02:29.608386,0
2529,rahul,Keep going,neutral,neutral,0.15,0,10,YouTube,2026-03-27 05:03:29.608386,0
2530,priya,That's amazing,neutral,neutral,0.25,0,14,YouTube,2026-03-27 05:04:29.608386,0
2531,anita,Good effort,neutral,positive,0.28,0,11,Twitter,2026-03-27 05:05:29.608386,0
2532,meena,Have a nice day,neutral,positive,0.22,0,15,Instagram,2026-03-27 05:06:29.608386,0
2533,sara,Keep going,neutral,neutral,0.19,0,10,Twitter,2026-03-27 05:07:29.608386,0
2534,sara,Well done,joy,neutral,0.19,0,9,YouTube,2026-03-27 05:08:29.608386,0
2535,anita,Go away idiot,anger,negative,0.72,2,13,Instagram,2026-03-27 05:09:29.608386,1
2536,arjun,Keep going,neutral,positive,0.1,0,10,Instagram,2026-03-27 05:10:29.608386,0
2537,priya,Shut up you fool,anger,negative,0.98,1,16,YouTube,2026-03-27 05:11:29.608386,1
2538,rahul,Nobody likes you,anger,negative,0.92,3,16,YouTube,2026-03-27 05:12:29.608386,1
2539,rahul,Shut up you fool,anger,negative,0.77,3,16,YouTube,2026-03-27 05:13:29.608386,1
2540,meena,Keep going,neutral,positive,0.28,0,10,YouTube,2026-03-27 05:14:29.608386,0
2541,rahul,Good effort,joy,positive,0.01,0,11,Twitter,2026-03-27 05:15:29.608386,0
2542,arjun,Go away idiot,anger,negative,0.84,3,13,Twitter,2026-03-27 05:16:29.608386,1
2543,arjun,Keep going,neutral,neutral,0.06,0,10,Instagram,2026-03-27 05:17:29.608386,0
2544,meena,You are useless,anger,negative,0.84,2,15,YouTube,2026-03-27 05:18:29.608386,1
2545,john,Great work!,neutral,positive,0.2,0,11,Twitter,2026-03-27 05:19:29.608386,0
2546,anita,You are useless,anger,negative,0.75,2,15,Twitter,2026-03-27 05:20:29.608386,1
2547,anita,That's amazing,neutral,positive,0.2,0,14,YouTube,2026-03-27 05:21:29.608386,0
2548,priya,Nobody likes you,anger,negative,0.72,3,16,YouTube,2026-03-27 05:22:29.608386,1
2549,arjun,Good effort,joy,neutral,0.29,0,11,YouTube,2026-03-27 05:23:29.608386,0
2550,anita,You are so stupid,anger,negative,0.92,3,17,Twitter,2026-03-27 05:24:29.608386,1
2551,anita,You are so stupid,anger,negative,0.79,3,17,YouTube,2026-03-27 05:25:29.608386,1
2552,meena,Shut up you fool,anger,negative,0.97,1,16,Twitter,2026-03-27 05:26:29.608386,1
2553,john,Have a nice day,joy,neutral,0.13,0,15,Instagram,2026-03-27 05:27:29.608386,0
2554,anita,Great work!,neutral,neutral,0.07,0,11,Twitter,2026-03-27 05:28:29.608386,0
2555,john,Have a nice day,neutral,positive,0.24,0,15,Instagram,2026-03-27 05:29:29.608386,0
2556,vikram,You are so stupid,anger,negative,0.93,1,17,YouTube,2026-03-27 05:30:29.608386,1
2557,anita,Shut up you fool,anger,negative,0.93,3,16,YouTube,2026-03-27 05:31:29.608386,1
2558,meena,Well done,neutral,neutral,0.17,0,9,Instagram,2026-03-27 05:32:29.608386,0
2559,john,Have a nice day,neutral,positive,0.2,0,15,Twitter,2026-03-27 05:33:29.608386,0
2560,sara,Well done,neutral,positive,0.22,0,9,Instagram,2026-03-27 05:34:29.608386,0
2561,priya,You are useless,anger,negative,0.9,3,15,YouTube,2026-03-27 05:35:29.608386,1
2562,priya,You are so stupid,anger,negative,0.83,3,17,Twitter,2026-03-27 05:36:29.608386,1
2563,arjun,Keep going,neutral,positive,0.11,0,10,YouTube,2026-03-27 05:37:29.608386,0
2564,priya,Good effort,neutral,positive,0.22,0,11,YouTube,2026-03-27 05:38:29.608386,0
2565,rahul,Nobody likes you,anger,negative,0.71,3,16,Twitter,2026-03-27 05:39:29.608386,1
2566,john,Keep going,neutral,positive,0.21,0,10,Twitter,2026-03-27 05:40:29.608386,0
2567,john,Go away idiot,anger,negative,0.81,3,13,Instagram,2026-03-27 05:41:29.608386,1
2568,meena,Good effort,joy,neutral,0.3,0,11,YouTube,2026-03-27 05:42:29.608386,0
2569,john,Keep going,neutral,neutral,0.24,0,10,YouTube,2026-03-27 05:43:29.608386,0
2570,meena,You are useless,anger,negative,0.75,3,15,Twitter,2026-03-27 05:44:29.608386,1
2571,john,Good effort,joy,positive,0.08,0,11,Instagram,2026-03-27 05:45:29.608386,0
2572,john,Keep going,neutral,positive,0.01,0,10,Twitter,2026-03-27 05:46:29.608386,0
2573,meena,You are so stupid,anger,negative,0.83,2,17,YouTube,2026-03-27 05:47:29.608386,1
2574,meena,Go away idiot,anger,negative,0.74,1,13,Twitter,2026-03-27 05:48:29.608386,1
2575,john,Keep going,neutral,neutral,0.16,0,10,Instagram,2026-03-27 05:49:29.608386,0
2576,john,Keep going,joy,positive,0.05,0,10,YouTube,2026-03-27 05:50:29.608386,0
2577,rahul,You are so stupid,anger,negative,0.71,1,17,Twitter,2026-03-27 05:51:29.608386,1
2578,sara,That's amazing,neutral,neutral,0.23,0,14,Twitter,2026-03-27 05:52:29.608386,0
2579,sara,Go away idiot,anger,negative,0.81,2,13,Twitter,2026-03-27 05:53:29.608386,1
2580,anita,Go away idiot,anger,negative,0.76,1,13,Twitter,2026-03-27 05:54:29.608386,1
2581,anita,You are useless,anger,negative,0.8,2,15,YouTube,2026-03-27 05:55:29.608386,1
2582,arjun,Good effort,neutral,positive,0.12,0,11,YouTube,2026-03-27 05:56:29.608386,0
2583,meena,That's amazing,joy,positive,0.18,0,14,Twitter,2026-03-27 05:57:29.608386,0
2584,rahul,That's amazing,neutral,positive,0.18,0,14,Instagram,2026-03-27 05:58:29.608386,0
2585,arjun,Good effort,neutral,neutral,0.22,0,11,YouTube,2026-03-27 05:59:29.608386,0
2586,arjun,Well done,joy,neutral,0.16,0,9,Twitter,2026-03-27 06:00:29.608386,0
2587,meena,Nobody likes you,anger,negative,0.78,2,16,YouTube,2026-03-27 06:01:29.608386,1
2588,arjun,Shut up you fool,anger,negative,0.93,1,16,YouTube,2026-03-27 06:02:29.608386,1
2589,meena,You are so stupid,anger,negative,0.76,3,17,YouTube,2026-03-27 06:03:29.608386,1
2590,vikram,That's amazing,joy,neutral,0.11,0,14,Instagram,2026-03-27 06:04:29.608386,0
2591,anita,You are so stupid,anger,negative,0.79,1,17,Instagram,2026-03-27 06:05:29.608386,1
2592,priya,Good effort,neutral,neutral,0.16,0,11,Twitter,2026-03-27 06:06:29.608386,0
2593,sara,Good effort,neutral,neutral,0.1,0,11,Twitter,2026-03-27 06:07:29.608386,0
2594,meena,Well done,neutral,neutral,0.13,0,9,Instagram,2026-03-27 06:08:29.608386,0
2595,meena,Well done,neutral,neutral,0.29,0,9,Instagram,2026-03-27 06:09:29.608386,0
2596,sara,You are useless,anger,negative,0.87,2,15,Instagram,2026-03-27 06:10:29.608386,1
2597,sara,You are useless,anger,negative,0.97,3,15,YouTube,2026-03-27 06:11:29.608386,1
2598,vikram,You are so stupid,anger,negative,0.93,2,17,Twitter,2026-03-27 06:12:29.608386,1
2599,vikram,Shut up you fool,anger,negative,0.99,1,16,Twitter,2026-03-27 06:13:29.608386,1
2600,arjun,Good effort,neutral,positive,0.14,0,11,Instagram,2026-03-27 06:14:29.608386,0
2601,priya,That's amazing,joy,positive,0.07,0,14,Twitter,2026-03-27 06:15:29.608386,0
2602,priya,Keep going,joy,positive,0.11,0,10,Twitter,2026-03-27 06:16:29.608386,0
2603,priya,You are useless,anger,negative,0.79,3,15,YouTube,2026-03-27 06:17:29.608386,1
2604,rahul,That's amazing,joy,neutral,0.07,0,14,YouTube,2026-03-27 06:18:29.608386,0
2605,anita,Nobody likes you,anger,negative,0.88,1,16,Twitter,2026-03-27 06:19:29.608386,1
2606,meena,Great work!,joy,neutral,0.22,0,11,YouTube,2026-03-27 06:20:29.608386,0
2607,arjun,You are so stupid,anger,negative,0.93,3,17,Instagram,2026-03-27 06:21:29.608386,1
2608,sara,Keep going,joy,neutral,0.17,0,10,Instagram,2026-03-27 06:22:29.608386,0
2609,anita,Good effort,neutral,neutral,0.1,0,11,Instagram,2026-03-27 06:23:29.608386,0
2610,sara,Have a nice day,joy,positive,0.14,0,15,YouTube,2026-03-27 06:24:29.608386,0
2611,anita,Keep going,neutral,neutral,0.25,0,10,Instagram,2026-03-27 06:25:29.608386,0
2612,priya,Go away idiot,anger,negative,0.72,1,13,Twitter,2026-03-27 06:26:29.608386,1
2613,rahul,Well done,joy,neutral,0.13,0,9,YouTube,2026-03-27 06:27:29.608386,0
2614,sara,Well done,neutral,neutral,0.07,0,9,YouTube,2026-03-27 06:28:29.608386,0
2615,arjun,Keep going,joy,neutral,0.13,0,10,Twitter,2026-03-27 06:29:29.608386,0
2616,vikram,You are a loser,anger,negative,0.84,2,15,YouTube,2026-03-27 06:30:29.608386,1
2617,anita,Have a nice day,neutral,neutral,0.25,0,15,YouTube,2026-03-27 06:31:29.608386,0
2618,john,Keep going,neutral,neutral,0.17,0,10,Instagram,2026-03-27 06:32:29.608386,0
2619,meena,Go away idiot,anger,negative,0.85,2,13,Instagram,2026-03-27 06:33:29.608386,1
2620,priya,You are useless,anger,negative,0.77,3,15,Twitter,2026-03-27 06:34:29.608386,1
2621,meena,You are a loser,anger,negative,0.88,2,15,Twitter,2026-03-27 06:35:29.608386,1
2622,priya,Well done,joy,positive,0.27,0,9,Instagram,2026-03-27 06:36:29.608386,0
2623,meena,Nobody likes you,anger,negative,0.91,1,16,YouTube,2026-03-27 06:37:29.608386,1
2624,sara,You are so stupid,anger,negative,0.84,3,17,YouTube,2026-03-27 06:38:29.608386,1
2625,rahul,You are a loser,anger,negative,0.76,3,15,Instagram,2026-03-27 06:39:29.608386,1
2626,arjun,Well done,neutral,positive,0.02,0,9,Instagram,2026-03-27 06:40:29.608386,0
2627,sara,You are useless,anger,negative,0.92,2,15,Twitter,2026-03-27 06:41:29.608386,1
2628,sara,Good effort,neutral,positive,0.04,0,11,Twitter,2026-03-27 06:42:29.608386,0
2629,john,Go away idiot,anger,negative,0.79,3,13,Twitter,2026-03-27 06:43:29.608386,1
2630,meena,That's amazing,joy,neutral,0.17,0,14,Instagram,2026-03-27 06:44:29.608386,0
2631,meena,Good effort,joy,positive,0.21,0,11,Instagram,2026-03-27 06:45:29.608386,0
2632,john,Nobody likes you,anger,negative,0.76,1,16,Instagram,2026-03-27 06:46:29.608386,1
2633,meena,Great work!,neutral,neutral,0.25,0,11,Instagram,2026-03-27 06:47:29.608386,0
2634,john,You are a loser,anger,negative,0.79,1,15,Instagram,2026-03-27 06:48:29.608386,1
2635,vikram,You are a loser,anger,negative,0.99,1,15,YouTube,2026-03-27 06:49:29.608386,1
2636,meena,Well done,joy,neutral,0.13,0,9,Instagram,2026-03-27 06:50:29.608386,0
2637,sara,Nobody likes you,anger,negative,1.0,1,16,Twitter,2026-03-27 06:51:29.608386,1
2638,vikram,Go away idiot,anger,negative,0.95,3,13,Twitter,2026-03-27 06:52:29.608386,1
2639,vikram,You are useless,anger,negative,0.78,1,15,Twitter,2026-03-27 06:53:29.608386,1
2640,arjun,Go away idiot,anger,negative,0.88,2,13,Twitter,2026-03-27 06:54:29.608386,1
2641,vikram,Go away idiot,anger,negative,0.74,3,13,Twitter,2026-03-27 06:55:29.608386,1
2642,meena,Great work!,joy,positive,0.08,0,11,YouTube,2026-03-27 06:56:29.608386,0
2643,arjun,That's amazing,joy,positive,0.05,0,14,Instagram,2026-03-27 06:57:29.608386,0
2644,arjun,Nobody likes you,anger,negative,0.82,2,16,Instagram,2026-03-27 06:58:29.608386,1
2645,priya,You are useless,anger,negative,0.76,3,15,Twitter,2026-03-27 06:59:29.608386,1
2646,priya,Great work!,neutral,positive,0.18,0,11,Instagram,2026-03-27 07:00:29.608386,0
2647,arjun,Have a nice day,neutral,neutral,0.09,0,15,Twitter,2026-03-27 07:01:29.608386,0
2648,vikram,That's amazing,joy,positive,0.26,0,14,Instagram,2026-03-27 07:02:29.608386,0
2649,vikram,Well done,joy,positive,0.19,0,9,Twitter,2026-03-27 07:03:29.608386,0
2650,john,You are useless,anger,negative,0.85,2,15,Twitter,2026-03-27 07:04:29.608386,1
2651,rahul,You are so stupid,anger,negative,0.72,1,17,Instagram,2026-03-27 07:05:29.608386,1
2652,vikram,Go away idiot,anger,negative,0.98,2,13,YouTube,2026-03-27 07:06:29.608386,1
2653,meena,You are so stupid,anger,negative,0.97,3,17,YouTube,2026-03-27 07:07:29.608386,1
2654,john,Nobody likes you,anger,negative,0.76,2,16,YouTube,2026-03-27 07:08:29.608386,1
2655,vikram,Nobody likes you,anger,negative,0.89,2,16,Instagram,2026-03-27 07:09:29.608386,1
2656,rahul,Good effort,neutral,positive,0.15,0,11,YouTube,2026-03-27 07:10:29.608386,0
2657,meena,Keep going,joy,neutral,0.25,0,10,Instagram,2026-03-27 07:11:29.608386,0
2658,anita,Have a nice day,neutral,positive,0.28,0,15,Instagram,2026-03-27 07:12:29.608386,0
2659,john,You are a loser,anger,negative,0.91,2,15,YouTube,2026-03-27 07:13:29.608386,1
2660,john,Keep going,neutral,positive,0.1,0,10,Twitter,2026-03-27 07:14:29.608386,0
2661,arjun,Have a nice day,joy,neutral,0.13,0,15,Twitter,2026-03-27 07:15:29.608386,0
2662,john,You are so stupid,anger,negative,0.72,2,17,YouTube,2026-03-27 07:16:29.608386,1
2663,rahul,You are useless,anger,negative,0.82,1,15,Instagram,2026-03-27 07:17:29.608386,1
2664,sara,You are useless,anger,negative,0.99,2,15,Twitter,2026-03-27 07:18:29.608386,1
2665,meena,Keep going,neutral,positive,0.06,0,10,Twitter,2026-03-27 07:19:29.608386,0
2666,arjun,You are a loser,anger,negative,0.97,1,15,Instagram,2026-03-27 07:20:29.608386,1
2667,vikram,Nobody likes you,anger,negative,0.82,3,16,YouTube,2026-03-27 07:21:29.608386,1
2668,john,You are useless,anger,negative,0.81,2,15,Twitter,2026-03-27 07:22:29.608386,1
2669,anita,Good effort,joy,neutral,0.26,0,11,YouTube,2026-03-27 07:23:29.608386,0
2670,priya,You are so stupid,anger,negative,0.82,3,17,YouTube,2026-03-27 07:24:29.608386,1
2671,priya,Shut up you fool,anger,negative,0.74,1,16,Twitter,2026-03-27 07:25:29.608386,1
2672,john,Nobody likes you,anger,negative,0.97,2,16,Instagram,2026-03-27 07:26:29.608386,1
2673,sara,Keep going,neutral,positive,0.18,0,10,Twitter,2026-03-27 07:27:29.608386,0
2674,anita,You are so stupid,anger,negative,0.92,3,17,YouTube,2026-03-27 07:28:29.608386,1
2675,john,That's amazing,joy,positive,0.2,0,14,YouTube,2026-03-27 07:29:29.608386,0
2676,sara,You are so stupid,anger,negative,0.75,1,17,Instagram,2026-03-27 07:30:29.608386,1
2677,sara,Go away idiot,anger,negative,0.82,3,13,Twitter,2026-03-27 07:31:29.608386,1
2678,meena,Go away idiot,anger,negative,0.74,3,13,YouTube,2026-03-27 07:32:29.608386,1
2679,anita,Go away idiot,anger,negative,0.89,2,13,Instagram,2026-03-27 07:33:29.608386,1
2680,anita,Well done,neutral,neutral,0.06,0,9,YouTube,2026-03-27 07:34:29.608386,0
2681,john,You are a loser,anger,negative,0.84,1,15,Twitter,2026-03-27 07:35:29.608386,1
2682,vikram,Go away idiot,anger,negative,0.92,2,13,YouTube,2026-03-27 07:36:29.608386,1
2683,priya,Have a nice day,joy,positive,0.17,0,15,Twitter,2026-03-27 07:37:29.608386,0
2684,anita,Well done,neutral,neutral,0.23,0,9,YouTube,2026-03-27 07:38:29.608386,0
2685,meena,Go away idiot,anger,negative,0.81,1,13,Instagram,2026-03-27 07:39:29.608386,1
2686,rahul,Well done,joy,positive,0.27,0,9,YouTube,2026-03-27 07:40:29.608386,0
2687,sara,Well done,neutral,positive,0.04,0,9,YouTube,2026-03-27 07:41:29.608386,0
2688,john,Keep going,joy,neutral,0.2,0,10,YouTube,2026-03-27 07:42:29.608386,0
2689,vikram,Have a nice day,joy,neutral,0.23,0,15,Instagram,2026-03-27 07:43:29.608386,0
2690,meena,Good effort,neutral,neutral,0.21,0,11,Instagram,2026-03-27 07:44:29.608386,0
2691,rahul,You are so stupid,anger,negative,0.71,3,17,YouTube,2026-03-27 07:45:29.608386,1
2692,priya,Keep going,joy,neutral,0.02,0,10,Instagram,2026-03-27 07:46:29.608386,0
2693,priya,You are useless,anger,negative,0.89,1,15,Twitter,2026-03-27 07:47:29.608386,1
2694,arjun,Shut up you fool,anger,negative,0.75,2,16,YouTube,2026-03-27 07:48:29.608386,1
2695,meena,That's amazing,joy,neutral,0.08,0,14,Twitter,2026-03-27 07:49:29.608386,0
2696,vikram,You are useless,anger,negative,0.93,2,15,YouTube,2026-03-27 07:50:29.608386,1
2697,anita,Have a nice day,joy,positive,0.29,0,15,Instagram,2026-03-27 07:51:29.608386,0
2698,anita,Great work!,neutral,neutral,0.24,0,11,Twitter,2026-03-27 07:52:29.608386,0
2699,john,Have a nice day,neutral,neutral,0.22,0,15,YouTube,2026-03-27 07:53:29.608386,0
2700,john,That's amazing,neutral,positive,0.07,0,14,Twitter,2026-03-27 07:54:29.608386,0
2701,john,Good effort,neutral,positive,0.1,0,11,YouTube,2026-03-27 07:55:29.608386,0
2702,sara,You are useless,anger,negative,0.74,3,15,Twitter,2026-03-27 07:56:29.608386,1
2703,meena,Keep going,neutral,positive,0.24,0,10,Twitter,2026-03-27 07:57:29.608386,0
2704,rahul,Nobody likes you,anger,negative,0.77,2,16,YouTube,2026-03-27 07:58:29.608386,1
2705,rahul,You are so stupid,anger,negative,0.72,1,17,YouTube,2026-03-27 07:59:29.608386,1
2706,vikram,Go away idiot,anger,negative,0.9,1,13,YouTube,2026-03-27 08:00:29.608386,1
2707,priya,You are useless,anger,negative,0.96,1,15,Twitter,2026-03-27 08:01:29.608386,1
2708,arjun,Shut up you fool,anger,negative,0.71,2,16,YouTube,2026-03-27 08:02:29.608386,1
2709,rahul,Keep going,joy,neutral,0.08,0,10,Twitter,2026-03-27 08:03:29.608386,0
2710,vikram,Great work!,neutral,positive,0.05,0,11,YouTube,2026-03-27 08:04:29.608386,0
2711,anita,You are a loser,anger,negative,0.82,1,15,Twitter,2026-03-27 08:05:29.608386,1
2712,meena,Great work!,neutral,positive,0.26,0,11,YouTube,2026-03-27 08:06:29.608386,0
2713,priya,Shut up you fool,anger,negative,0.87,1,16,Instagram,2026-03-27 08:07:29.608386,1
2714,sara,Nobody likes you,anger,negative,0.79,1,16,YouTube,2026-03-27 08:08:29.608386,1
2715,meena,Go away idiot,anger,negative,0.9,2,13,Twitter,2026-03-27 08:09:29.608386,1
2716,meena,Have a nice day,neutral,neutral,0.09,0,15,Instagram,2026-03-27 08:10:29.608386,0
2717,vikram,Go away idiot,anger,negative,0.75,1,13,Twitter,2026-03-27 08:11:29.608386,1
2718,meena,Have a nice day,joy,positive,0.19,0,15,Twitter,2026-03-27 08:12:29.608386,0
2719,vikram,Shut up you fool,anger,negative,0.84,1,16,YouTube,2026-03-27 08:13:29.608386,1
2720,john,Great work!,joy,neutral,0.13,0,11,Twitter,2026-03-27 08:14:29.608386,0
2721,arjun,Good effort,joy,neutral,0.03,0,11,Twitter,2026-03-27 08:15:29.608386,0
2722,priya,Go away idiot,anger,negative,0.71,3,13,Twitter,2026-03-27 08:16:29.608386,1
2723,arjun,Go away idiot,anger,negative,0.81,3,13,Instagram,2026-03-27 08:17:29.608386,1
2724,sara,Have a nice day,neutral,positive,0.19,0,15,Twitter,2026-03-27 08:18:29.608386,0
2725,arjun,Well done,neutral,positive,0.15,0,9,YouTube,2026-03-27 08:19:29.608386,0
2726,john,Have a nice day,joy,neutral,0.16,0,15,Twitter,2026-03-27 08:20:29.608386,0
2727,anita,Good effort,neutral,neutral,0.19,0,11,Instagram,2026-03-27 08:21:29.608386,0
2728,john,You are useless,anger,negative,0.81,1,15,Twitter,2026-03-27 08:22:29.608386,1
2729,anita,Nobody likes you,anger,negative,0.85,2,16,Instagram,2026-03-27 08:23:29.608386,1
2730,vikram,Nobody likes you,anger,negative,0.74,2,16,Twitter,2026-03-27 08:24:29.608386,1
2731,priya,Nobody likes you,anger,negative,0.9,3,16,YouTube,2026-03-27 08:25:29.608386,1
2732,sara,You are so stupid,anger,negative,0.87,1,17,YouTube,2026-03-27 08:26:29.608386,1
2733,priya,Well done,neutral,neutral,0.06,0,9,Instagram,2026-03-27 08:27:29.608386,0
2734,anita,Good effort,neutral,neutral,0.2,0,11,Twitter,2026-03-27 08:28:29.608386,0
2735,anita,Good effort,joy,positive,0.07,0,11,YouTube,2026-03-27 08:29:29.608386,0
2736,meena,That's amazing,joy,neutral,0.27,0,14,Instagram,2026-03-27 08:30:29.608386,0
2737,sara,You are so stupid,anger,negative,0.76,3,17,Instagram,2026-03-27 08:31:29.608386,1
2738,rahul,That's amazing,joy,positive,0.11,0,14,YouTube,2026-03-27 08:32:29.608386,0
2739,priya,Nobody likes you,anger,negative,0.96,2,16,Instagram,2026-03-27 08:33:29.608386,1
2740,anita,You are a loser,anger,negative,0.74,3,15,Twitter,2026-03-27 08:34:29.608386,1
2741,john,Shut up you fool,anger,negative,0.71,2,16,YouTube,2026-03-27 08:35:29.608386,1
2742,priya,Well done,joy,positive,0.09,0,9,Twitter,2026-03-27 08:36:29.608386,0
2743,rahul,You are a loser,anger,negative,0.92,1,15,Twitter,2026-03-27 08:37:29.608386,1
2744,priya,Shut up you fool,anger,negative,0.76,3,16,YouTube,2026-03-27 08:38:29.608386,1
2745,arjun,You are a loser,anger,negative,0.98,3,15,Instagram,2026-03-27 08:39:29.608386,1
2746,arjun,You are a loser,anger,negative,0.94,1,15,Instagram,2026-03-27 08:40:29.608386,1
2747,meena,Great work!,joy,positive,0.01,0,11,Instagram,2026-03-27 08:41:29.608386,0
2748,vikram,That's amazing,joy,neutral,0.16,0,14,Instagram,2026-03-27 08:42:29.608386,0
2749,sara,Nobody likes you,anger,negative,0.97,2,16,Instagram,2026-03-27 08:43:29.608386,1
2750,meena,You are useless,anger,negative,0.88,2,15,YouTube,2026-03-27 08:44:29.608386,1
2751,meena,Keep going,joy,positive,0.29,0,10,Instagram,2026-03-27 08:45:29.608386,0
2752,rahul,Have a nice day,joy,positive,0.27,0,15,Instagram,2026-03-27 08:46:29.608386,0
2753,anita,You are so stupid,anger,negative,0.89,2,17,Instagram,2026-03-27 08:47:29.608386,1
2754,rahul,Keep going,joy,positive,0.2,0,10,Instagram,2026-03-27 08:48:29.608386,0
2755,rahul,Well done,joy,positive,0.21,0,9,Twitter,2026-03-27 08:49:29.608386,0
2756,anita,Keep going,joy,positive,0.24,0,10,Twitter,2026-03-27 08:50:29.608386,0
2757,rahul,Have a nice day,joy,neutral,0.24,0,15,Instagram,2026-03-27 08:51:29.608386,0
2758,anita,That's amazing,joy,neutral,0.09,0,14,Instagram,2026-03-27 08:52:29.608386,0
2759,arjun,Nobody likes you,anger,negative,0.74,1,16,Instagram,2026-03-27 08:53:29.608386,1
2760,sara,Great work!,neutral,neutral,0.08,0,11,Twitter,2026-03-27 08:54:29.608386,0
2761,arjun,Good effort,joy,neutral,0.26,0,11,YouTube,2026-03-27 08:55:29.608386,0
2762,sara,Well done,neutral,neutral,0.15,0,9,Twitter,2026-03-27 08:56:29.608386,0
2763,john,You are a loser,anger,negative,0.82,3,15,Instagram,2026-03-27 08:57:29.608386,1
2764,priya,Well done,neutral,neutral,0.07,0,9,Instagram,2026-03-27 08:58:29.608386,0
2765,priya,Nobody likes you,anger,negative,0.93,1,16,Twitter,2026-03-27 08:59:29.608386,1
2766,vikram,That's amazing,neutral,positive,0.29,0,14,YouTube,2026-03-27 09:00:29.608386,0
2767,anita,Good effort,neutral,neutral,0.04,0,11,Twitter,2026-03-27 09:01:29.608386,0
2768,john,Great work!,joy,positive,0.28,0,11,YouTube,2026-03-27 09:02:29.608386,0
2769,arjun,Well done,neutral,positive,0.23,0,9,Instagram,2026-03-27 09:03:29.608386,0
2770,sara,You are useless,anger,negative,0.71,2,15,YouTube,2026-03-27 09:04:29.608386,1
2771,anita,You are so stupid,anger,negative,0.72,1,17,Instagram,2026-03-27 09:05:29.608386,1
2772,john,Shut up you fool,anger,negative,0.88,3,16,Twitter,2026-03-27 09:06:29.608386,1
2773,vikram,Shut up you fool,anger,negative,0.81,2,16,Twitter,2026-03-27 09:07:29.608386,1
2774,sara,That's amazing,joy,positive,0.02,0,14,YouTube,2026-03-27 09:08:29.608386,0
2775,meena,You are a loser,anger,negative,0.77,2,15,YouTube,2026-03-27 09:09:29.608386,1
2776,vikram,That's amazing,neutral,positive,0.19,0,14,Twitter,2026-03-27 09:10:29.608386,0
2777,rahul,Good effort,neutral,positive,0.01,0,11,Twitter,2026-03-27 09:11:29.608386,0
2778,sara,You are so stupid,anger,negative,1.0,3,17,Twitter,2026-03-27 09:12:29.608386,1
2779,sara,Shut up you fool,anger,negative,0.9,1,16,Twitter,2026-03-27 09:13:29.608386,1
2780,arjun,Go away idiot,anger,negative,0.92,2,13,Twitter,2026-03-27 09:14:29.608386,1
2781,john,Keep going,joy,positive,0.25,0,10,YouTube,2026-03-27 09:15:29.608386,0
2782,meena,That's amazing,neutral,positive,0.03,0,14,YouTube,2026-03-27 09:16:29.608386,0
2783,anita,Go away idiot,anger,negative,0.83,2,13,Instagram,2026-03-27 09:17:29.608386,1
2784,meena,Good effort,neutral,neutral,0.17,0,11,Instagram,2026-03-27 09:18:29.608386,0
2785,john,Well done,joy,positive,0.19,0,9,YouTube,2026-03-27 09:19:29.608386,0
2786,anita,Keep going,joy,neutral,0.25,0,10,Twitter,2026-03-27 09:20:29.608386,0
2787,rahul,You are useless,anger,negative,0.99,3,15,YouTube,2026-03-27 09:21:29.608386,1
2788,priya,You are so stupid,anger,negative,0.79,1,17,Instagram,2026-03-27 09:22:29.608386,1
2789,anita,That's amazing,joy,positive,0.24,0,14,Twitter,2026-03-27 09:23:29.608386,0
2790,priya,Great work!,neutral,positive,0.26,0,11,YouTube,2026-03-27 09:24:29.608386,0
2791,vikram,You are useless,anger,negative,0.87,3,15,Twitter,2026-03-27 09:25:29.608386,1
2792,rahul,Great work!,neutral,positive,0.13,0,11,YouTube,2026-03-27 09:26:29.608386,0
2793,john,Have a nice day,neutral,neutral,0.25,0,15,Instagram,2026-03-27 09:27:29.608386,0
2794,anita,Have a nice day,neutral,neutral,0.26,0,15,Instagram,2026-03-27 09:28:29.608386,0
2795,john,Nobody likes you,anger,negative,0.87,1,16,Instagram,2026-03-27 09:29:29.608386,1
2796,meena,Good effort,joy,neutral,0.09,0,11,YouTube,2026-03-27 09:30:29.608386,0
2797,meena,Good effort,joy,positive,0.11,0,11,Instagram,2026-03-27 09:31:29.608386,0
2798,john,Nobody likes you,anger,negative,0.91,3,16,Twitter,2026-03-27 09:32:29.608386,1
2799,meena,Nobody likes you,anger,negative,0.94,1,16,YouTube,2026-03-27 09:33:29.608386,1
2800,rahul,Well done,neutral,neutral,0.18,0,9,Twitter,2026-03-27 09:34:29.608386,0
2801,rahul,Have a nice day,joy,positive,0.18,0,15,YouTube,2026-03-27 09:35:29.608386,0
2802,arjun,Shut up you fool,anger,negative,0.82,1,16,YouTube,2026-03-27 09:36:29.608386,1
2803,arjun,Nobody likes you,anger,negative,0.98,1,16,Twitter,2026-03-27 09:37:29.608386,1
2804,sara,You are so stupid,anger,negative,0.94,3,17,Instagram,2026-03-27 09:38:29.608386,1
2805,arjun,Go away idiot,anger,negative,0.81,2,13,Instagram,2026-03-27 09:39:29.608386,1
2806,anita,Have a nice day,neutral,neutral,0.21,0,15,YouTube,2026-03-27 09:40:29.608386,0
2807,anita,You are useless,anger,negative,0.89,1,15,Twitter,2026-03-27 09:41:29.608386,1
2808,rahul,Good effort,joy,positive,0.06,0,11,YouTube,2026-03-27 09:42:29.608386,0
2809,meena,Shut up you fool,anger,negative,0.79,2,16,YouTube,2026-03-27 09:43:29.608386,1
2810,arjun,That's amazing,neutral,neutral,0.16,0,14,YouTube,2026-03-27 09:44:29.608386,0
2811,vikram,Great work!,neutral,positive,0.16,0,11,Twitter,2026-03-27 09:45:29.608386,0
2812,arjun,Great work!,neutral,positive,0.13,0,11,Twitter,2026-03-27 09:46:29.608386,0
2813,priya,Shut up you fool,anger,negative,0.99,1,16,Instagram,2026-03-27 09:47:29.608386,1
2814,anita,That's amazing,neutral,positive,0.02,0,14,Twitter,2026-03-27 09:48:29.608386,0
2815,john,Shut up you fool,anger,negative,0.84,2,16,Twitter,2026-03-27 09:49:29.608386,1
2816,anita,Go away idiot,anger,negative,0.82,1,13,YouTube,2026-03-27 09:50:29.608386,1
2817,vikram,You are so stupid,anger,negative,0.8,1,17,Instagram,2026-03-27 09:51:29.608386,1
2818,sara,You are so stupid,anger,negative,0.97,2,17,Twitter,2026-03-27 09:52:29.608386,1
2819,meena,Keep going,joy,positive,0.11,0,10,Instagram,2026-03-27 09:53:29.608386,0
2820,anita,Shut up you fool,anger,negative,0.86,1,16,Instagram,2026-03-27 09:54:29.608386,1
2821,john,You are useless,anger,negative,0.89,3,15,YouTube,2026-03-27 09:55:29.608386,1
2822,priya,Great work!,neutral,positive,0.17,0,11,Twitter,2026-03-27 09:56:29.608386,0
2823,sara,Great work!,joy,positive,0.13,0,11,Twitter,2026-03-27 09:57:29.608386,0
2824,meena,Nobody likes you,anger,negative,0.92,1,16,Instagram,2026-03-27 09:58:29.608386,1
2825,arjun,That's amazing,neutral,positive,0.11,0,14,YouTube,2026-03-27 09:59:29.608386,0
2826,sara,Great work!,neutral,neutral,0.28,0,11,YouTube,2026-03-27 10:00:29.608386,0
2827,meena,Have a nice day,neutral,positive,0.17,0,15,Twitter,2026-03-27 10:01:29.608386,0
2828,meena,Have a nice day,neutral,positive,0.15,0,15,Instagram,2026-03-27 10:02:29.608386,0
2829,anita,Great work!,joy,positive,0.28,0,11,YouTube,2026-03-27 10:03:29.608386,0
2830,sara,That's amazing,neutral,neutral,0.28,0,14,YouTube,2026-03-27 10:04:29.608386,0
2831,anita,That's amazing,joy,neutral,0.19,0,14,Instagram,2026-03-27 10:05:29.608386,0
2832,anita,Have a nice day,joy,positive,0.26,0,15,Twitter,2026-03-27 10:06:29.608386,0
2833,meena,Well done,joy,neutral,0.2,0,9,Instagram,2026-03-27 10:07:29.608386,0
2834,john,Good effort,joy,positive,0.3,0,11,Twitter,2026-03-27 10:08:29.608386,0
2835,arjun,You are so stupid,anger,negative,0.87,2,17,YouTube,2026-03-27 10:09:29.608386,1
2836,rahul,Keep going,joy,neutral,0.27,0,10,YouTube,2026-03-27 10:10:29.608386,0
2837,vikram,You are useless,anger,negative,0.88,2,15,YouTube,2026-03-27 10:11:29.608386,1
2838,vikram,That's amazing,joy,positive,0.22,0,14,YouTube,2026-03-27 10:12:29.608386,0
2839,meena,Shut up you fool,anger,negative,0.86,2,16,Twitter,2026-03-27 10:13:29.608386,1
2840,arjun,You are a loser,anger,negative,0.94,3,15,Twitter,2026-03-27 10:14:29.608386,1
2841,john,You are a loser,anger,negative,0.89,3,15,Twitter,2026-03-27 10:15:29.608386,1
2842,meena,Have a nice day,neutral,neutral,0.18,0,15,YouTube,2026-03-27 10:16:29.608386,0
2843,anita,Go away idiot,anger,negative,0.82,1,13,Instagram,2026-03-27 10:17:29.608386,1
2844,rahul,You are so stupid,anger,negative,0.73,2,17,Twitter,2026-03-27 10:18:29.608386,1
2845,vikram,You are useless,anger,negative,0.92,3,15,Instagram,2026-03-27 10:19:29.608386,1
2846,rahul,Keep going,joy,neutral,0.02,0,10,Instagram,2026-03-27 10:20:29.608386,0
2847,anita,Shut up you fool,anger,negative,0.99,2,16,Instagram,2026-03-27 10:21:29.608386,1
2848,anita,Great work!,neutral,positive,0.19,0,11,YouTube,2026-03-27 10:22:29.608386,0
2849,arjun,You are useless,anger,negative,0.81,2,15,Instagram,2026-03-27 10:23:29.608386,1
2850,vikram,That's amazing,joy,positive,0.15,0,14,YouTube,2026-03-27 10:24:29.608386,0
2851,rahul,Great work!,neutral,neutral,0.22,0,11,Instagram,2026-03-27 10:25:29.608386,0
2852,meena,Keep going,joy,positive,0.25,0,10,Instagram,2026-03-27 10:26:29.608386,0
2853,sara,You are a loser,anger,negative,0.93,2,15,Twitter,2026-03-27 10:27:29.608386,1
2854,rahul,You are so stupid,anger,negative,0.87,1,17,YouTube,2026-03-27 10:28:29.608386,1
2855,john,Good effort,joy,positive,0.07,0,11,YouTube,2026-03-27 10:29:29.608386,0
2856,john,That's amazing,neutral,neutral,0.28,0,14,Twitter,2026-03-27 10:30:29.608386,0
2857,arjun,You are a loser,anger,negative,0.85,2,15,Twitter,2026-03-27 10:31:29.608386,1
2858,vikram,Go away idiot,anger,negative,0.7,2,13,YouTube,2026-03-27 10:32:29.608386,1
2859,vikram,Great work!,neutral,positive,0.02,0,11,Twitter,2026-03-27 10:33:29.608386,0
2860,vikram,Shut up you fool,anger,negative,0.81,1,16,YouTube,2026-03-27 10:34:29.608386,1
2861,arjun,Shut up you fool,anger,negative,0.98,3,16,YouTube,2026-03-27 10:35:29.608386,1
2862,rahul,Have a nice day,joy,neutral,0.25,0,15,Instagram,2026-03-27 10:36:29.608386,0
2863,sara,You are useless,anger,negative,0.77,2,15,Twitter,2026-03-27 10:37:29.608386,1
2864,john,Have a nice day,joy,neutral,0.14,0,15,Twitter,2026-03-27 10:38:29.608386,0
2865,anita,Have a nice day,joy,positive,0.23,0,15,Twitter,2026-03-27 10:39:29.608386,0
2866,priya,Have a nice day,joy,positive,0.21,0,15,Twitter,2026-03-27 10:40:29.608386,0
2867,arjun,Keep going,neutral,neutral,0.05,0,10,Instagram,2026-03-27 10:41:29.608386,0
2868,arjun,You are useless,anger,negative,0.73,1,15,YouTube,2026-03-27 10:42:29.608386,1
2869,meena,Have a nice day,neutral,positive,0.28,0,15,Instagram,2026-03-27 10:43:29.608386,0
2870,meena,Have a nice day,joy,neutral,0.06,0,15,Instagram,2026-03-27 10:44:29.608386,0
2871,arjun,Go away idiot,anger,negative,0.92,1,13,Twitter,2026-03-27 10:45:29.608386,1
2872,meena,Have a nice day,joy,positive,0.21,0,15,Instagram,2026-03-27 10:46:29.608386,0
2873,priya,You are useless,anger,negative,0.76,3,15,Twitter,2026-03-27 10:47:29.608386,1
2874,rahul,Well done,neutral,positive,0.02,0,9,Twitter,2026-03-27 10:48:29.608386,0
2875,sara,Nobody likes you,anger,negative,0.98,2,16,Instagram,2026-03-27 10:49:29.608386,1
2876,priya,Have a nice day,neutral,positive,0.23,0,15,Twitter,2026-03-27 10:50:29.608386,0
2877,vikram,Nobody likes you,anger,negative,0.94,3,16,YouTube,2026-03-27 10:51:29.608386,1
2878,priya,Nobody likes you,anger,negative,0.96,2,16,Twitter,2026-03-27 10:52:29.608386,1
2879,meena,You are a loser,anger,negative,0.86,1,15,YouTube,2026-03-27 10:53:29.608386,1
2880,john,Keep going,neutral,positive,0.04,0,10,Twitter,2026-03-27 10:54:29.608386,0
2881,john,Great work!,neutral,positive,0.04,0,11,Instagram,2026-03-27 10:55:29.608386,0
2882,john,Good effort,joy,positive,0.18,0,11,YouTube,2026-03-27 10:56:29.608386,0
2883,rahul,You are so stupid,anger,negative,0.81,1,17,Instagram,2026-03-27 10:57:29.608386,1
2884,priya,That's amazing,neutral,positive,0.08,0,14,Twitter,2026-03-27 10:58:29.608386,0
2885,john,Keep going,neutral,positive,0.25,0,10,Instagram,2026-03-27 10:59:29.608386,0
2886,arjun,You are a loser,anger,negative,0.84,1,15,Twitter,2026-03-27 11:00:29.608386,1
2887,meena,You are so stupid,anger,negative,0.98,1,17,Instagram,2026-03-27 11:01:29.608386,1
2888,anita,Good effort,joy,neutral,0.26,0,11,Twitter,2026-03-27 11:02:29.608386,0
2889,john,Nobody likes you,anger,negative,0.8,2,16,YouTube,2026-03-27 11:03:29.608386,1
2890,anita,Good effort,joy,positive,0.17,0,11,Instagram,2026-03-27 11:04:29.608386,0
2891,vikram,Go away idiot,anger,negative,0.91,2,13,Instagram,2026-03-27 11:05:29.608386,1
2892,rahul,Keep going,joy,positive,0.06,0,10,Instagram,2026-03-27 11:06:29.608386,0
2893,priya,Have a nice day,neutral,neutral,0.17,0,15,YouTube,2026-03-27 11:07:29.608386,0
2894,anita,Good effort,joy,neutral,0.07,0,11,YouTube,2026-03-27 11:08:29.608386,0
2895,rahul,Go away idiot,anger,negative,0.76,3,13,Instagram,2026-03-27 11:09:29.608386,1
2896,priya,Great work!,joy,neutral,0.09,0,11,YouTube,2026-03-27 11:10:29.608386,0
2897,meena,You are so stupid,anger,negative,0.78,3,17,YouTube,2026-03-27 11:11:29.608386,1
2898,meena,Well done,neutral,positive,0.1,0,9,Instagram,2026-03-27 11:12:29.608386,0
2899,john,Great work!,neutral,positive,0.3,0,11,Instagram,2026-03-27 11:13:29.608386,0
2900,meena,Good effort,joy,neutral,0.09,0,11,Twitter,2026-03-27 11:14:29.608386,0
2901,vikram,Shut up you fool,anger,negative,0.78,1,16,Instagram,2026-03-27 11:15:29.608386,1
2902,anita,Great work!,joy,neutral,0.1,0,11,YouTube,2026-03-27 11:16:29.608386,0
2903,priya,Great work!,joy,neutral,0.28,0,11,YouTube,2026-03-27 11:17:29.608386,0
2904,anita,Nobody likes you,anger,negative,0.83,3,16,Instagram,2026-03-27 11:18:29.608386,1
2905,rahul,Great work!,neutral,positive,0.26,0,11,Instagram,2026-03-27 11:19:29.608386,0
2906,john,You are useless,anger,negative,0.87,2,15,Twitter,2026-03-27 11:20:29.608386,1
2907,vikram,You are so stupid,anger,negative,0.79,1,17,Instagram,2026-03-27 11:21:29.608386,1
2908,arjun,Go away idiot,anger,negative,0.87,3,13,YouTube,2026-03-27 11:22:29.608386,1
2909,sara,You are a loser,anger,negative,0.74,2,15,YouTube,2026-03-27 11:23:29.608386,1
2910,rahul,Nobody likes you,anger,negative,0.92,1,16,Instagram,2026-03-27 11:24:29.608386,1
2911,vikram,You are useless,anger,negative,0.84,1,15,YouTube,2026-03-27 11:25:29.608386,1
2912,anita,You are useless,anger,negative,0.76,2,15,Twitter,2026-03-27 11:26:29.608386,1
2913,vikram,That's amazing,neutral,positive,0.25,0,14,YouTube,2026-03-27 11:27:29.608386,0
2914,sara,Shut up you fool,anger,negative,0.92,1,16,Twitter,2026-03-27 11:28:29.608386,1
2915,meena,Go away idiot,anger,negative,0.94,1,13,YouTube,2026-03-27 11:29:29.608386,1
2916,meena,Shut up you fool,anger,negative,0.77,3,16,Twitter,2026-03-27 11:30:29.608386,1
2917,sara,Keep going,neutral,neutral,0.1,0,10,Instagram,2026-03-27 11:31:29.608386,0
2918,vikram,You are so stupid,anger,negative,0.75,2,17,Twitter,2026-03-27 11:32:29.608386,1
2919,arjun,Well done,neutral,neutral,0.12,0,9,Instagram,2026-03-27 11:33:29.608386,0
2920,priya,Well done,neutral,neutral,0.11,0,9,Instagram,2026-03-27 11:34:29.608386,0
2921,sara,Good effort,neutral,positive,0.25,0,11,YouTube,2026-03-27 11:35:29.608386,0
2922,priya,Go away idiot,anger,negative,0.88,3,13,YouTube,2026-03-27 11:36:29.608386,1
2923,sara,Nobody likes you,anger,negative,0.72,2,16,Twitter,2026-03-27 11:37:29.608386,1
2924,anita,Good effort,neutral,positive,0.15,0,11,Twitter,2026-03-27 11:38:29.608386,0
2925,rahul,Keep going,neutral,neutral,0.19,0,10,Instagram,2026-03-27 11:39:29.608386,0
2926,priya,You are so stupid,anger,negative,0.86,1,17,YouTube,2026-03-27 11:40:29.608386,1
2927,rahul,Shut up you fool,anger,negative,0.82,1,16,Twitter,2026-03-27 11:41:29.608386,1
2928,rahul,Nobody likes you,anger,negative,0.74,3,16,YouTube,2026-03-27 11:42:29.608386,1
2929,anita,Shut up you fool,anger,negative,0.75,2,16,Twitter,2026-03-27 11:43:29.608386,1
2930,meena,Good effort,neutral,positive,0.0,0,11,Twitter,2026-03-27 11:44:29.608386,0
2931,john,Keep going,joy,neutral,0.29,0,10,YouTube,2026-03-27 11:45:29.608386,0
2932,john,Shut up you fool,anger,negative,0.83,2,16,Instagram,2026-03-27 11:46:29.608386,1
2933,vikram,Well done,neutral,neutral,0.27,0,9,Twitter,2026-03-27 11:47:29.608386,0
2934,vikram,Go away idiot,anger,negative,0.96,3,13,Twitter,2026-03-27 11:48:29.608386,1
2935,priya,Shut up you fool,anger,negative,0.88,2,16,YouTube,2026-03-27 11:49:29.608386,1
2936,sara,Shut up you fool,anger,negative,0.74,2,16,YouTube,2026-03-27 11:50:29.608386,1
2937,arjun,Have a nice day,joy,positive,0.12,0,15,Instagram,2026-03-27 11:51:29.608386,0
2938,sara,That's amazing,joy,positive,0.25,0,14,Instagram,2026-03-27 11:52:29.608386,0
2939,vikram,You are a loser,anger,negative,0.93,2,15,Instagram,2026-03-27 11:53:29.608386,1
2940,meena,Go away idiot,anger,negative,0.76,1,13,Twitter,2026-03-27 11:54:29.608386,1
2941,meena,Shut up you fool,anger,negative,0.73,3,16,Instagram,2026-03-27 11:55:29.608386,1
2942,arjun,Great work!,joy,positive,0.15,0,11,Twitter,2026-03-27 11:56:29.608386,0
2943,vikram,You are a loser,anger,negative,0.87,1,15,YouTube,2026-03-27 11:57:29.608386,1
2944,sara,You are a loser,anger,negative,0.78,1,15,YouTube,2026-03-27 11:58:29.608386,1
2945,meena,Nobody likes you,anger,negative,0.97,2,16,YouTube,2026-03-27 11:59:29.608386,1
2946,meena,You are a loser,anger,negative,0.97,1,15,Instagram,2026-03-27 12:00:29.608386,1
2947,sara,Keep going,joy,positive,0.09,0,10,Instagram,2026-03-27 12:01:29.608386,0
2948,priya,Have a nice day,neutral,positive,0.0,0,15,Twitter,2026-03-27 12:02:29.608386,0
2949,arjun,Well done,joy,neutral,0.09,0,9,YouTube,2026-03-27 12:03:29.608386,0
2950,priya,Have a nice day,neutral,positive,0.26,0,15,Instagram,2026-03-27 12:04:29.608386,0
2951,vikram,Great work!,neutral,neutral,0.09,0,11,Twitter,2026-03-27 12:05:29.608386,0
2952,vikram,Well done,joy,neutral,0.17,0,9,Instagram,2026-03-27 12:06:29.608386,0
2953,meena,You are useless,anger,negative,0.93,2,15,Twitter,2026-03-27 12:07:29.608386,1
2954,meena,Nobody likes you,anger,negative,0.98,3,16,YouTube,2026-03-27 12:08:29.608386,1
2955,sara,Good effort,neutral,neutral,0.05,0,11,YouTube,2026-03-27 12:09:29.608386,0
2956,rahul,That's amazing,joy,positive,0.01,0,14,Twitter,2026-03-27 12:10:29.608386,0
2957,arjun,Great work!,joy,positive,0.22,0,11,Instagram,2026-03-27 12:11:29.608386,0
2958,sara,Nobody likes you,anger,negative,0.83,3,16,Instagram,2026-03-27 12:12:29.608386,1
2959,meena,Great work!,neutral,positive,0.04,0,11,Instagram,2026-03-27 12:13:29.608386,0
2960,arjun,Nobody likes you,anger,negative,0.8,3,16,Instagram,2026-03-27 12:14:29.608386,1
2961,sara,You are a loser,anger,negative,0.98,2,15,Twitter,2026-03-27 12:15:29.608386,1
2962,sara,Nobody likes you,anger,negative,0.95,2,16,YouTube,2026-03-27 12:16:29.608386,1
2963,arjun,Have a nice day,neutral,neutral,0.01,0,15,YouTube,2026-03-27 12:17:29.608386,0
2964,rahul,Great work!,neutral,neutral,0.16,0,11,YouTube,2026-03-27 12:18:29.608386,0
2965,meena,You are so stupid,anger,negative,0.81,2,17,YouTube,2026-03-27 12:19:29.608386,1
2966,john,You are useless,anger,negative,0.99,2,15,YouTube,2026-03-27 12:20:29.608386,1
2967,john,Keep going,neutral,positive,0.2,0,10,Twitter,2026-03-27 12:21:29.608386,0
2968,rahul,Shut up you fool,anger,negative,0.83,2,16,Instagram,2026-03-27 12:22:29.608386,1
2969,rahul,Great work!,neutral,positive,0.2,0,11,Instagram,2026-03-27 12:23:29.608386,0
2970,sara,Nobody likes you,anger,negative,0.86,2,16,Instagram,2026-03-27 12:24:29.608386,1
2971,meena,Go away idiot,anger,negative,0.92,3,13,Instagram,2026-03-27 12:25:29.608386,1
2972,john,Have a nice day,neutral,neutral,0.28,0,15,YouTube,2026-03-27 12:26:29.608386,0
2973,rahul,You are a loser,anger,negative,0.88,1,15,YouTube,2026-03-27 12:27:29.608386,1
2974,meena,Good effort,joy,neutral,0.11,0,11,Twitter,2026-03-27 12:28:29.608386,0
2975,arjun,Have a nice day,joy,positive,0.21,0,15,YouTube,2026-03-27 12:29:29.608386,0
2976,vikram,Go away idiot,anger,negative,0.84,2,13,Twitter,2026-03-27 12:30:29.608386,1
2977,priya,Keep going,joy,positive,0.12,0,10,Twitter,2026-03-27 12:31:29.608386,0
2978,priya,You are so stupid,anger,negative,0.92,2,17,Twitter,2026-03-27 12:32:29.608386,1
2979,priya,That's amazing,joy,positive,0.06,0,14,YouTube,2026-03-27 12:33:29.608386,0
2980,vikram,Great work!,neutral,neutral,0.09,0,11,Instagram,2026-03-27 12:34:29.608386,0
2981,rahul,You are a loser,anger,negative,0.75,2,15,Twitter,2026-03-27 12:35:29.608386,1
2982,meena,Keep going,neutral,positive,0.08,0,10,YouTube,2026-03-27 12:36:29.608386,0
2983,sara,Great work!,joy,positive,0.24,0,11,YouTube,2026-03-27 12:37:29.608386,0
2984,sara,Keep going,joy,positive,0.21,0,10,Instagram,2026-03-27 12:38:29.608386,0
2985,vikram,Go away idiot,anger,negative,0.87,1,13,Twitter,2026-03-27 12:39:29.608386,1
2986,john,Have a nice day,neutral,neutral,0.06,0,15,Twitter,2026-03-27 12:40:29.608386,0
2987,sara,Keep going,joy,neutral,0.25,0,10,Twitter,2026-03-27 12:41:29.608386,0
2988,meena,Shut up you fool,anger,negative,0.9,2,16,Twitter,2026-03-27 12:42:29.608386,1
2989,anita,Well done,joy,neutral,0.1,0,9,Instagram,2026-03-27 12:43:29.608386,0
2990,meena,Great work!,neutral,positive,0.05,0,11,Instagram,2026-03-27 12:44:29.608386,0
2991,meena,You are useless,anger,negative,0.8,2,15,Twitter,2026-03-27 12:45:29.608386,1
2992,rahul,Great work!,joy,neutral,0.01,0,11,Twitter,2026-03-27 12:46:29.608386,0
2993,meena,Well done,neutral,neutral,0.25,0,9,Twitter,2026-03-27 12:47:29.608386,0
2994,sara,Great work!,joy,positive,0.27,0,11,Instagram,2026-03-27 12:48:29.608386,0
2995,anita,Go away idiot,anger,negative,0.72,3,13,Twitter,2026-03-27 12:49:29.608386,1
2996,meena,Nobody likes you,anger,negative,0.84,3,16,Instagram,2026-03-27 12:50:29.608386,1
2997,arjun,That's amazing,neutral,positive,0.04,0,14,YouTube,2026-03-27 12:51:29.608386,0
2998,sara,You are useless,anger,negative,0.87,1,15,YouTube,2026-03-27 12:52:29.608386,1
2999,meena,Have a nice day,neutral,positive,0.01,0,15,Twitter,2026-03-27 12:53:29.608386,0
3000,rahul,Great work!,neutral,neutral,0.12,0,11,YouTube,2026-03-27 12:54:29.608386,0
3001,sara,You are useless,anger,negative,0.76,1,15,Twitter,2026-03-27 12:55:29.608386,1
3002,john,Shut up you fool,anger,negative,0.89,3,16,Instagram,2026-03-27 12:56:29.608386,1
3003,arjun,You are useless,anger,negative,0.92,1,15,Twitter,2026-03-27 12:57:29.608386,1
3004,meena,You are a loser,anger,negative,0.9,2,15,Instagram,2026-03-27 12:58:29.608386,1
3005,priya,Great work!,joy,positive,0.18,0,11,Twitter,2026-03-27 12:59:29.608386,0
3006,arjun,Well done,joy,positive,0.0,0,9,Twitter,2026-03-27 13:00:29.608386,0
3007,anita,Nobody likes you,anger,negative,0.83,3,16,YouTube,2026-03-27 13:01:29.608386,1
3008,meena,That's amazing,neutral,neutral,0.13,0,14,YouTube,2026-03-27 13:02:29.608386,0
3009,meena,That's amazing,joy,positive,0.3,0,14,Instagram,2026-03-27 13:03:29.608386,0
3010,arjun,That's amazing,joy,neutral,0.0,0,14,Twitter,2026-03-27 13:04:29.608386,0
3011,sara,Keep going,neutral,positive,0.15,0,10,Instagram,2026-03-27 13:05:29.608386,0
3012,rahul,That's amazing,joy,positive,0.08,0,14,Instagram,2026-03-27 13:06:29.608386,0
3013,sara,Go away idiot,anger,negative,0.72,2,13,Twitter,2026-03-27 13:07:29.608386,1
3014,sara,You are useless,anger,negative,0.87,1,15,YouTube,2026-03-27 13:08:29.608386,1
3015,rahul,Go away idiot,anger,negative,0.8,2,13,Instagram,2026-03-27 13:09:29.608386,1
3016,sara,Shut up you fool,anger,negative,0.75,1,16,YouTube,2026-03-27 13:10:29.608386,1
3017,sara,Nobody likes you,anger,negative,0.86,3,16,YouTube,2026-03-27 13:11:29.608386,1
3018,anita,Go away idiot,anger,negative,0.78,2,13,YouTube,2026-03-27 13:12:29.608386,1
3019,meena,Go away idiot,anger,negative,0.9,3,13,Twitter,2026-03-27 13:13:29.608386,1
3020,priya,You are useless,anger,negative,0.79,2,15,YouTube,2026-03-27 13:14:29.608386,1
3021,anita,You are so stupid,anger,negative,0.93,3,17,Twitter,2026-03-27 13:15:29.608386,1
3022,anita,You are a loser,anger,negative,0.99,3,15,Twitter,2026-03-27 13:16:29.608386,1
3023,sara,You are useless,anger,negative,0.87,3,15,Instagram,2026-03-27 13:17:29.608386,1
3024,arjun,Nobody likes you,anger,negative,0.84,2,16,Instagram,2026-03-27 13:18:29.608386,1
3025,anita,Well done,joy,positive,0.06,0,9,Twitter,2026-03-27 13:19:29.608386,0
3026,vikram,You are so stupid,anger,negative,0.74,1,17,Twitter,2026-03-27 13:20:29.608386,1
3027,rahul,That's amazing,joy,neutral,0.29,0,14,Instagram,2026-03-27 13:21:29.608386,0
3028,vikram,Good effort,neutral,neutral,0.21,0,11,Twitter,2026-03-27 13:22:29.608386,0
3029,john,Nobody likes you,anger,negative,0.94,2,16,Twitter,2026-03-27 13:23:29.608386,1
3030,rahul,Keep going,joy,neutral,0.2,0,10,Instagram,2026-03-27 13:24:29.608386,0
3031,anita,You are useless,anger,negative,0.77,3,15,Twitter,2026-03-27 13:25:29.608386,1
3032,meena,Well done,neutral,neutral,0.14,0,9,YouTube,2026-03-27 13:26:29.608386,0
3033,anita,Great work!,neutral,positive,0.19,0,11,Twitter,2026-03-27 13:27:29.608386,0
3034,arjun,You are so stupid,anger,negative,1.0,2,17,Twitter,2026-03-27 13:28:29.608386,1
3035,anita,Nobody likes you,anger,negative,0.9,3,16,Instagram,2026-03-27 13:29:29.608386,1
3036,rahul,That's amazing,neutral,neutral,0.12,0,14,Instagram,2026-03-27 13:30:29.608386,0
3037,vikram,Nobody likes you,anger,negative,0.91,3,16,Instagram,2026-03-27 13:31:29.608386,1
3038,john,You are a loser,anger,negative,0.87,2,15,Instagram,2026-03-27 13:32:29.608386,1
3039,meena,Shut up you fool,anger,negative,0.73,3,16,Instagram,2026-03-27 13:33:29.608386,1
3040,vikram,Nobody likes you,anger,negative,0.97,3,16,Twitter,2026-03-27 13:34:29.608386,1
3041,vikram,You are useless,anger,negative,0.73,2,15,YouTube,2026-03-27 13:35:29.608386,1
3042,vikram,Nobody likes you,anger,negative,0.98,1,16,Twitter,2026-03-27 13:36:29.608386,1
3043,sara,Have a nice day,joy,positive,0.28,0,15,Instagram,2026-03-27 13:37:29.608386,0
3044,rahul,Nobody likes you,anger,negative,0.77,1,16,YouTube,2026-03-27 13:38:29.608386,1
3045,anita,That's amazing,joy,positive,0.23,0,14,Instagram,2026-03-27 13:39:29.608386,0
3046,rahul,Go away idiot,anger,negative,0.85,3,13,YouTube,2026-03-27 13:40:29.608386,1
3047,vikram,Nobody likes you,anger,negative,0.89,3,16,YouTube,2026-03-27 13:41:29.608386,1
3048,anita,You are so stupid,anger,negative,0.72,2,17,Instagram,2026-03-27 13:42:29.608386,1
3049,anita,Have a nice day,joy,positive,0.21,0,15,Instagram,2026-03-27 13:43:29.608386,0
3050,john,Shut up you fool,anger,negative,0.8,3,16,YouTube,2026-03-27 13:44:29.608386,1
3051,sara,You are useless,anger,negative,0.89,1,15,YouTube,2026-03-27 13:45:29.608386,1
3052,vikram,You are so stupid,anger,negative,0.83,2,17,YouTube,2026-03-27 13:46:29.608386,1
3053,meena,Go away idiot,anger,negative,0.79,1,13,Twitter,2026-03-27 13:47:29.608386,1
3054,priya,Well done,neutral,positive,0.27,0,9,Instagram,2026-03-27 13:48:29.608386,0
3055,anita,That's amazing,joy,neutral,0.25,0,14,Twitter,2026-03-27 13:49:29.608386,0
3056,rahul,Good effort,joy,positive,0.18,0,11,Twitter,2026-03-27 13:50:29.608386,0
3057,arjun,Keep going,neutral,positive,0.08,0,10,Twitter,2026-03-27 13:51:29.608386,0
3058,anita,Well done,neutral,neutral,0.18,0,9,Twitter,2026-03-27 13:52:29.608386,0
3059,arjun,Nobody likes you,anger,negative,0.78,3,16,YouTube,2026-03-27 13:53:29.608386,1
3060,priya,You are a loser,anger,negative,0.94,2,15,Instagram,2026-03-27 13:54:29.608386,1
3061,priya,Shut up you fool,anger,negative,0.97,3,16,YouTube,2026-03-27 13:55:29.608386,1
3062,rahul,Keep going,neutral,positive,0.19,0,10,YouTube,2026-03-27 13:56:29.608386,0
3063,rahul,Keep going,joy,neutral,0.0,0,10,Twitter,2026-03-27 13:57:29.608386,0
3064,vikram,Keep going,neutral,positive,0.04,0,10,Instagram,2026-03-27 13:58:29.608386,0
3065,john,Go away idiot,anger,negative,0.76,2,13,Instagram,2026-03-27 13:59:29.608386,1
3066,meena,Good effort,neutral,neutral,0.26,0,11,YouTube,2026-03-27 14:00:29.608386,0
3067,meena,You are so stupid,anger,negative,0.95,2,17,Instagram,2026-03-27 14:01:29.608386,1
3068,rahul,Have a nice day,neutral,positive,0.09,0,15,Twitter,2026-03-27 14:02:29.608386,0
3069,priya,Keep going,joy,neutral,0.18,0,10,Instagram,2026-03-27 14:03:29.608386,0
3070,meena,You are useless,anger,negative,0.79,3,15,YouTube,2026-03-27 14:04:29.608386,1
3071,rahul,Keep going,neutral,positive,0.11,0,10,YouTube,2026-03-27 14:05:29.608386,0
3072,rahul,You are so stupid,anger,negative,0.76,2,17,Twitter,2026-03-27 14:06:29.608386,1
3073,meena,You are a loser,anger,negative,0.94,3,15,Twitter,2026-03-27 14:07:29.608386,1
3074,meena,You are so stupid,anger,negative,0.85,2,17,YouTube,2026-03-27 14:08:29.608386,1
3075,rahul,You are so stupid,anger,negative,0.94,1,17,Instagram,2026-03-27 14:09:29.608386,1
3076,arjun,Nobody likes you,anger,negative,0.75,1,16,Instagram,2026-03-27 14:10:29.608386,1
3077,vikram,Well done,neutral,positive,0.15,0,9,YouTube,2026-03-27 14:11:29.608386,0
3078,anita,Well done,joy,neutral,0.22,0,9,Twitter,2026-03-27 14:12:29.608386,0
3079,vikram,Shut up you fool,anger,negative,0.86,2,16,Twitter,2026-03-27 14:13:29.608386,1
3080,vikram,Well done,neutral,neutral,0.02,0,9,Twitter,2026-03-27 14:14:29.608386,0
3081,john,You are so stupid,anger,negative,0.86,2,17,Twitter,2026-03-27 14:15:29.608386,1
3082,anita,You are useless,anger,negative,0.9,2,15,Twitter,2026-03-27 14:16:29.608386,1
3083,meena,Keep going,joy,positive,0.18,0,10,Twitter,2026-03-27 14:17:29.608386,0
3084,arjun,Keep going,neutral,neutral,0.03,0,10,Twitter,2026-03-27 14:18:29.608386,0
3085,anita,That's amazing,neutral,positive,0.21,0,14,Instagram,2026-03-27 14:19:29.608386,0
3086,anita,That's amazing,joy,positive,0.11,0,14,Twitter,2026-03-27 14:20:29.608386,0
3087,rahul,Good effort,joy,neutral,0.27,0,11,YouTube,2026-03-27 14:21:29.608386,0
3088,rahul,You are a loser,anger,negative,0.7,2,15,Twitter,2026-03-27 14:22:29.608386,1
3089,meena,That's amazing,joy,neutral,0.19,0,14,YouTube,2026-03-27 14:23:29.608386,0
3090,vikram,Go away idiot,anger,negative,0.93,1,13,Twitter,2026-03-27 14:24:29.608386,1
3091,meena,Great work!,neutral,neutral,0.02,0,11,Twitter,2026-03-27 14:25:29.608386,0
3092,john,Shut up you fool,anger,negative,0.72,2,16,Twitter,2026-03-27 14:26:29.608386,1
3093,sara,Good effort,joy,neutral,0.15,0,11,YouTube,2026-03-27 14:27:29.608386,0
3094,rahul,You are so stupid,anger,negative,0.78,1,17,Instagram,2026-03-27 14:28:29.608386,1
3095,vikram,Have a nice day,neutral,positive,0.3,0,15,Twitter,2026-03-27 14:29:29.608386,0
3096,rahul,Great work!,joy,neutral,0.14,0,11,Instagram,2026-03-27 14:30:29.608386,0
3097,john,Shut up you fool,anger,negative,0.8,1,16,Twitter,2026-03-27 14:31:29.608386,1
3098,arjun,Have a nice day,neutral,neutral,0.08,0,15,Twitter,2026-03-27 14:32:29.608386,0
3099,vikram,You are useless,anger,negative,0.96,2,15,Instagram,2026-03-27 14:33:29.608386,1
3100,arjun,Well done,neutral,neutral,0.01,0,9,Twitter,2026-03-27 14:34:29.608386,0
3101,rahul,Shut up you fool,anger,negative,0.9,2,16,YouTube,2026-03-27 14:35:29.608386,1
3102,sara,Well done,neutral,neutral,0.08,0,9,Twitter,2026-03-27 14:36:29.608386,0
3103,john,Nobody likes you,anger,negative,0.94,3,16,Instagram,2026-03-27 14:37:29.608386,1
3104,sara,Go away idiot,anger,negative,0.81,2,13,Instagram,2026-03-27 14:38:29.608386,1
3105,john,Go away idiot,anger,negative,0.8,1,13,Twitter,2026-03-27 14:39:29.608386,1
3106,sara,Great work!,neutral,neutral,0.26,0,11,Twitter,2026-03-27 14:40:29.608386,0
3107,rahul,You are so stupid,anger,negative,0.72,3,17,Twitter,2026-03-27 14:41:29.608386,1
3108,john,Well done,neutral,neutral,0.01,0,9,Twitter,2026-03-27 14:42:29.608386,0
3109,meena,That's amazing,joy,neutral,0.2,0,14,Instagram,2026-03-27 14:43:29.608386,0
3110,arjun,Keep going,neutral,positive,0.16,0,10,Instagram,2026-03-27 14:44:29.608386,0
3111,anita,Good effort,joy,positive,0.13,0,11,Twitter,2026-03-27 14:45:29.608386,0
3112,priya,Keep going,joy,neutral,0.11,0,10,Twitter,2026-03-27 14:46:29.608386,0
3113,priya,Go away idiot,anger,negative,0.94,2,13,YouTube,2026-03-27 14:47:29.608386,1
3114,arjun,You are so stupid,anger,negative,0.94,2,17,YouTube,2026-03-27 14:48:29.608386,1
3115,anita,Go away idiot,anger,negative,0.71,1,13,Instagram,2026-03-27 14:49:29.608386,1
3116,john,Shut up you fool,anger,negative,0.99,3,16,Twitter,2026-03-27 14:50:29.608386,1
3117,vikram,Great work!,neutral,neutral,0.05,0,11,Instagram,2026-03-27 14:51:29.608386,0
3118,priya,Good effort,joy,positive,0.18,0,11,Twitter,2026-03-27 14:52:29.608386,0
3119,vikram,Nobody likes you,anger,negative,0.82,3,16,Instagram,2026-03-27 14:53:29.608386,1
3120,meena,Well done,joy,neutral,0.09,0,9,YouTube,2026-03-27 14:54:29.608386,0
3121,priya,That's amazing,joy,positive,0.14,0,14,Instagram,2026-03-27 14:55:29.608386,0
3122,arjun,That's amazing,neutral,positive,0.04,0,14,Instagram,2026-03-27 14:56:29.608386,0
3123,meena,You are so stupid,anger,negative,0.97,3,17,YouTube,2026-03-27 14:57:29.608386,1
3124,rahul,Good effort,neutral,positive,0.12,0,11,Instagram,2026-03-27 14:58:29.608386,0
3125,meena,Go away idiot,anger,negative,0.79,2,13,Instagram,2026-03-27 14:59:29.608386,1
3126,arjun,You are useless,anger,negative,0.89,1,15,YouTube,2026-03-27 15:00:29.608386,1
3127,vikram,Go away idiot,anger,negative,0.99,1,13,YouTube,2026-03-27 15:01:29.608386,1
3128,sara,You are so stupid,anger,negative,0.91,2,17,Twitter,2026-03-27 15:02:29.608386,1
3129,sara,Shut up you fool,anger,negative,0.76,1,16,Instagram,2026-03-27 15:03:29.608386,1
3130,arjun,That's amazing,neutral,positive,0.18,0,14,YouTube,2026-03-27 15:04:29.608386,0
3131,rahul,Great work!,neutral,positive,0.16,0,11,Twitter,2026-03-27 15:05:29.608386,0
3132,john,Shut up you fool,anger,negative,0.9,2,16,Instagram,2026-03-27 15:06:29.608386,1
3133,meena,You are a loser,anger,negative,0.92,2,15,Instagram,2026-03-27 15:07:29.608386,1
3134,anita,You are so stupid,anger,negative,0.75,3,17,Instagram,2026-03-27 15:08:29.608386,1
3135,john,Great work!,neutral,positive,0.18,0,11,Twitter,2026-03-27 15:09:29.608386,0
3136,anita,Good effort,neutral,neutral,0.25,0,11,Instagram,2026-03-27 15:10:29.608386,0
3137,priya,Good effort,joy,positive,0.29,0,11,Twitter,2026-03-27 15:11:29.608386,0
3138,meena,Go away idiot,anger,negative,0.81,2,13,YouTube,2026-03-27 15:12:29.608386,1
3139,rahul,Good effort,neutral,positive,0.26,0,11,Instagram,2026-03-27 15:13:29.608386,0
3140,john,Shut up you fool,anger,negative,0.97,1,16,Twitter,2026-03-27 15:14:29.608386,1
3141,rahul,You are a loser,anger,negative,0.85,1,15,Instagram,2026-03-27 15:15:29.608386,1
3142,arjun,You are useless,anger,negative,0.84,1,15,YouTube,2026-03-27 15:16:29.608386,1
3143,meena,Have a nice day,joy,neutral,0.27,0,15,Instagram,2026-03-27 15:17:29.608386,0
3144,sara,Nobody likes you,anger,negative,0.74,3,16,Instagram,2026-03-27 15:18:29.608386,1
3145,priya,Nobody likes you,anger,negative,0.97,3,16,Instagram,2026-03-27 15:19:29.608386,1
3146,anita,Nobody likes you,anger,negative,0.77,2,16,YouTube,2026-03-27 15:20:29.608386,1
3147,meena,Shut up you fool,anger,negative,0.87,3,16,YouTube,2026-03-27 15:21:29.608386,1
3148,rahul,Well done,neutral,neutral,0.26,0,9,YouTube,2026-03-27 15:22:29.608386,0
3149,meena,Have a nice day,joy,neutral,0.17,0,15,Instagram,2026-03-27 15:23:29.608386,0
3150,john,Have a nice day,joy,neutral,0.22,0,15,Instagram,2026-03-27 15:24:29.608386,0
3151,vikram,Shut up you fool,anger,negative,0.71,2,16,Twitter,2026-03-27 15:25:29.608386,1
3152,vikram,Shut up you fool,anger,negative,0.94,3,16,Twitter,2026-03-27 15:26:29.608386,1
3153,sara,Shut up you fool,anger,negative,0.85,2,16,Twitter,2026-03-27 15:27:29.608386,1
3154,priya,Shut up you fool,anger,negative,0.89,3,16,Twitter,2026-03-27 15:28:29.608386,1
3155,priya,Keep going,neutral,positive,0.12,0,10,Twitter,2026-03-27 15:29:29.608386,0
3156,vikram,Shut up you fool,anger,negative,0.99,2,16,YouTube,2026-03-27 15:30:29.608386,1
3157,vikram,You are so stupid,anger,negative,0.76,1,17,YouTube,2026-03-27 15:31:29.608386,1
3158,arjun,Have a nice day,neutral,positive,0.05,0,15,YouTube,2026-03-27 15:32:29.608386,0
3159,priya,You are a loser,anger,negative,0.9,1,15,Twitter,2026-03-27 15:33:29.608386,1
3160,rahul,You are so stupid,anger,negative,0.85,1,17,Instagram,2026-03-27 15:34:29.608386,1
3161,meena,Nobody likes you,anger,negative,0.71,3,16,Twitter,2026-03-27 15:35:29.608386,1
3162,meena,You are a loser,anger,negative,0.74,2,15,YouTube,2026-03-27 15:36:29.608386,1
3163,arjun,Great work!,joy,neutral,0.26,0,11,YouTube,2026-03-27 15:37:29.608386,0
3164,meena,You are so stupid,anger,negative,0.99,1,17,Instagram,2026-03-27 15:38:29.608386,1
3165,vikram,You are useless,anger,negative,0.81,3,15,Twitter,2026-03-27 15:39:29.608386,1
3166,john,Shut up you fool,anger,negative,0.79,1,16,YouTube,2026-03-27 15:40:29.608386,1
3167,rahul,Have a nice day,neutral,neutral,0.19,0,15,Instagram,2026-03-27 15:41:29.608386,0
3168,vikram,You are a loser,anger,negative,0.96,1,15,Twitter,2026-03-27 15:42:29.608386,1
3169,arjun,Have a nice day,neutral,positive,0.28,0,15,Twitter,2026-03-27 15:43:29.608386,0
3170,sara,Good effort,neutral,positive,0.13,0,11,Instagram,2026-03-27 15:44:29.608386,0
3171,anita,Nobody likes you,anger,negative,0.97,2,16,YouTube,2026-03-27 15:45:29.608386,1
3172,arjun,Keep going,joy,neutral,0.07,0,10,YouTube,2026-03-27 15:46:29.608386,0
3173,arjun,That's amazing,neutral,positive,0.01,0,14,Twitter,2026-03-27 15:47:29.608386,0
3174,sara,Go away idiot,anger,negative,0.82,2,13,Twitter,2026-03-27 15:48:29.608386,1
3175,arjun,You are useless,anger,negative,0.86,1,15,YouTube,2026-03-27 15:49:29.608386,1
3176,john,Keep going,joy,neutral,0.26,0,10,YouTube,2026-03-27 15:50:29.608386,0
3177,arjun,Keep going,neutral,positive,0.19,0,10,YouTube,2026-03-27 15:51:29.608386,0
3178,priya,You are useless,anger,negative,0.75,2,15,Instagram,2026-03-27 15:52:29.608386,1
3179,anita,Great work!,neutral,positive,0.01,0,11,YouTube,2026-03-27 15:53:29.608386,0
3180,arjun,Shut up you fool,anger,negative,0.93,2,16,Twitter,2026-03-27 15:54:29.608386,1
3181,priya,You are so stupid,anger,negative,0.74,3,17,Twitter,2026-03-27 15:55:29.608386,1
3182,sara,You are so stupid,anger,negative,0.95,1,17,YouTube,2026-03-27 15:56:29.608386,1
3183,priya,Keep going,neutral,neutral,0.24,0,10,Twitter,2026-03-27 15:57:29.608386,0
3184,sara,That's amazing,joy,positive,0.04,0,14,Twitter,2026-03-27 15:58:29.608386,0
3185,anita,You are a loser,anger,negative,0.82,3,15,YouTube,2026-03-27 15:59:29.608386,1
3186,priya,You are so stupid,anger,negative,0.74,1,17,Twitter,2026-03-27 16:00:29.608386,1
3187,meena,Well done,joy,neutral,0.11,0,9,YouTube,2026-03-27 16:01:29.608386,0
3188,vikram,You are a loser,anger,negative,0.71,2,15,Twitter,2026-03-27 16:02:29.608386,1
3189,meena,You are useless,anger,negative,0.95,1,15,YouTube,2026-03-27 16:03:29.608386,1
3190,vikram,Well done,neutral,positive,0.26,0,9,YouTube,2026-03-27 16:04:29.608386,0
3191,sara,You are a loser,anger,negative,0.76,3,15,Twitter,2026-03-27 16:05:29.608386,1
3192,john,Well done,joy,neutral,0.26,0,9,YouTube,2026-03-27 16:06:29.608386,0
3193,rahul,Shut up you fool,anger,negative,0.76,3,16,Twitter,2026-03-27 16:07:29.608386,1
3194,sara,Go away idiot,anger,negative,0.81,3,13,Twitter,2026-03-27 16:08:29.608386,1
3195,priya,You are a loser,anger,negative,0.91,1,15,Twitter,2026-03-27 16:09:29.608386,1
3196,priya,Have a nice day,joy,positive,0.13,0,15,YouTube,2026-03-27 16:10:29.608386,0
3197,meena,That's amazing,joy,neutral,0.24,0,14,Twitter,2026-03-27 16:11:29.608386,0
3198,arjun,Good effort,neutral,positive,0.23,0,11,Instagram,2026-03-27 16:12:29.608386,0
3199,vikram,You are a loser,anger,negative,0.76,2,15,Instagram,2026-03-27 16:13:29.608386,1
3200,anita,Well done,joy,positive,0.21,0,9,Twitter,2026-03-27 16:14:29.608386,0
3201,arjun,You are so stupid,anger,negative,0.75,2,17,YouTube,2026-03-27 16:15:29.608386,1
3202,meena,Have a nice day,joy,neutral,0.25,0,15,Twitter,2026-03-27 16:16:29.608386,0
3203,meena,Have a nice day,neutral,neutral,0.11,0,15,YouTube,2026-03-27 16:17:29.608386,0
3204,priya,That's amazing,neutral,neutral,0.17,0,14,Twitter,2026-03-27 16:18:29.608386,0
3205,meena,You are useless,anger,negative,0.87,2,15,YouTube,2026-03-27 16:19:29.608386,1
3206,anita,You are so stupid,anger,negative,0.9,2,17,YouTube,2026-03-27 16:20:29.608386,1
3207,rahul,Have a nice day,neutral,neutral,0.14,0,15,Instagram,2026-03-27 16:21:29.608386,0
3208,anita,Well done,joy,positive,0.25,0,9,Twitter,2026-03-27 16:22:29.608386,0
3209,sara,Keep going,joy,neutral,0.18,0,10,YouTube,2026-03-27 16:23:29.608386,0
3210,vikram,Nobody likes you,anger,negative,0.78,3,16,Twitter,2026-03-27 16:24:29.608386,1
3211,priya,That's amazing,joy,neutral,0.14,0,14,Instagram,2026-03-27 16:25:29.608386,0
3212,rahul,Shut up you fool,anger,negative,0.93,2,16,Twitter,2026-03-27 16:26:29.608386,1
3213,rahul,Have a nice day,neutral,neutral,0.26,0,15,Instagram,2026-03-27 16:27:29.608386,0
3214,meena,Shut up you fool,anger,negative,0.73,2,16,YouTube,2026-03-27 16:28:29.608386,1
3215,priya,Great work!,joy,neutral,0.25,0,11,YouTube,2026-03-27 16:29:29.608386,0
3216,john,Keep going,joy,neutral,0.04,0,10,Twitter,2026-03-27 16:30:29.608386,0
3217,meena,That's amazing,neutral,neutral,0.02,0,14,Instagram,2026-03-27 16:31:29.608386,0
3218,vikram,Go away idiot,anger,negative,0.75,2,13,YouTube,2026-03-27 16:32:29.608386,1
3219,john,Great work!,neutral,neutral,0.16,0,11,YouTube,2026-03-27 16:33:29.608386,0
3220,anita,Well done,neutral,positive,0.16,0,9,Twitter,2026-03-27 16:34:29.608386,0
3221,john,Keep going,joy,positive,0.25,0,10,Instagram,2026-03-27 16:35:29.608386,0
3222,vikram,Shut up you fool,anger,negative,0.81,2,16,Instagram,2026-03-27 16:36:29.608386,1
3223,anita,You are a loser,anger,negative,0.71,1,15,YouTube,2026-03-27 16:37:29.608386,1
3224,sara,Good effort,neutral,positive,0.14,0,11,Instagram,2026-03-27 16:38:29.608386,0
3225,rahul,You are a loser,anger,negative,0.98,3,15,YouTube,2026-03-27 16:39:29.608386,1
3226,rahul,Shut up you fool,anger,negative,0.71,3,16,Twitter,2026-03-27 16:40:29.608386,1
3227,anita,Have a nice day,neutral,neutral,0.24,0,15,Instagram,2026-03-27 16:41:29.608386,0
3228,meena,Well done,neutral,neutral,0.15,0,9,YouTube,2026-03-27 16:42:29.608386,0
3229,arjun,Go away idiot,anger,negative,0.95,3,13,YouTube,2026-03-27 16:43:29.608386,1
3230,rahul,Well done,joy,positive,0.27,0,9,YouTube,2026-03-27 16:44:29.608386,0
3231,arjun,Great work!,joy,neutral,0.26,0,11,Twitter,2026-03-27 16:45:29.608386,0
3232,meena,Well done,neutral,positive,0.21,0,9,Twitter,2026-03-27 16:46:29.608386,0
3233,vikram,Good effort,neutral,neutral,0.1,0,11,Instagram,2026-03-27 16:47:29.608386,0
3234,vikram,You are so stupid,anger,negative,0.73,3,17,Twitter,2026-03-27 16:48:29.608386,1
3235,arjun,Nobody likes you,anger,negative,0.81,3,16,Twitter,2026-03-27 16:49:29.608386,1
3236,rahul,You are a loser,anger,negative,0.85,2,15,Twitter,2026-03-27 16:50:29.608386,1
3237,anita,Shut up you fool,anger,negative,0.72,2,16,Twitter,2026-03-27 16:51:29.608386,1
3238,anita,That's amazing,joy,neutral,0.19,0,14,Twitter,2026-03-27 16:52:29.608386,0
3239,john,Have a nice day,neutral,neutral,0.0,0,15,Twitter,2026-03-27 16:53:29.608386,0
3240,john,Good effort,neutral,positive,0.16,0,11,Instagram,2026-03-27 16:54:29.608386,0
3241,sara,Well done,joy,positive,0.03,0,9,Instagram,2026-03-27 16:55:29.608386,0
3242,vikram,You are a loser,anger,negative,0.7,1,15,YouTube,2026-03-27 16:56:29.608386,1
3243,rahul,Keep going,neutral,positive,0.3,0,10,Twitter,2026-03-27 16:57:29.608386,0
3244,sara,Nobody likes you,anger,negative,0.75,1,16,YouTube,2026-03-27 16:58:29.608386,1
3245,rahul,Good effort,joy,positive,0.23,0,11,Instagram,2026-03-27 16:59:29.608386,0
3246,rahul,Keep going,neutral,neutral,0.07,0,10,Instagram,2026-03-27 17:00:29.608386,0
3247,anita,You are a loser,anger,negative,0.77,2,15,YouTube,2026-03-27 17:01:29.608386,1
3248,rahul,Have a nice day,joy,positive,0.11,0,15,Twitter,2026-03-27 17:02:29.608386,0
3249,vikram,Shut up you fool,anger,negative,0.9,1,16,Instagram,2026-03-27 17:03:29.608386,1
3250,rahul,You are useless,anger,negative,0.72,3,15,Twitter,2026-03-27 17:04:29.608386,1
3251,anita,Good effort,joy,neutral,0.18,0,11,Twitter,2026-03-27 17:05:29.608386,0
3252,arjun,You are so stupid,anger,negative,0.84,1,17,Instagram,2026-03-27 17:06:29.608386,1
3253,rahul,Good effort,joy,positive,0.18,0,11,Instagram,2026-03-27 17:07:29.608386,0
3254,john,Keep going,neutral,positive,0.3,0,10,Instagram,2026-03-27 17:08:29.608386,0
3255,rahul,Go away idiot,anger,negative,0.93,1,13,Twitter,2026-03-27 17:09:29.608386,1
3256,sara,Nobody likes you,anger,negative,0.84,2,16,Instagram,2026-03-27 17:10:29.608386,1
3257,arjun,Good effort,joy,positive,0.2,0,11,Twitter,2026-03-27 17:11:29.608386,0
3258,john,Great work!,joy,positive,0.09,0,11,YouTube,2026-03-27 17:12:29.608386,0
3259,priya,Well done,neutral,neutral,0.25,0,9,Instagram,2026-03-27 17:13:29.608386,0
3260,arjun,You are so stupid,anger,negative,1.0,1,17,Instagram,2026-03-27 17:14:29.608386,1
3261,vikram,Have a nice day,joy,neutral,0.18,0,15,Instagram,2026-03-27 17:15:29.608386,0
3262,sara,Well done,joy,neutral,0.07,0,9,YouTube,2026-03-27 17:16:29.608386,0
3263,vikram,You are useless,anger,negative,0.95,1,15,Twitter,2026-03-27 17:17:29.608386,1
3264,meena,You are so stupid,anger,negative,0.91,1,17,Twitter,2026-03-27 17:18:29.608386,1
3265,john,Nobody likes you,anger,negative,0.84,1,16,YouTube,2026-03-27 17:19:29.608386,1
3266,priya,You are so stupid,anger,negative,0.82,2,17,YouTube,2026-03-27 17:20:29.608386,1
3267,priya,Good effort,neutral,positive,0.14,0,11,Instagram,2026-03-27 17:21:29.608386,0
3268,arjun,Great work!,joy,neutral,0.19,0,11,Instagram,2026-03-27 17:22:29.608386,0
3269,anita,That's amazing,joy,positive,0.05,0,14,Instagram,2026-03-27 17:23:29.608386,0
3270,meena,Well done,neutral,neutral,0.15,0,9,YouTube,2026-03-27 17:24:29.608386,0
3271,vikram,You are useless,anger,negative,0.81,2,15,Twitter,2026-03-27 17:25:29.608386,1
3272,anita,Nobody likes you,anger,negative,0.86,2,16,Instagram,2026-03-27 17:26:29.608386,1
3273,john,That's amazing,neutral,neutral,0.04,0,14,YouTube,2026-03-27 17:27:29.608386,0
3274,anita,Great work!,neutral,positive,0.02,0,11,YouTube,2026-03-27 17:28:29.608386,0
3275,vikram,You are a loser,anger,negative,0.96,3,15,Twitter,2026-03-27 17:29:29.608386,1
3276,rahul,Keep going,neutral,positive,0.2,0,10,Instagram,2026-03-27 17:30:29.608386,0
3277,meena,Keep going,neutral,positive,0.22,0,10,YouTube,2026-03-27 17:31:29.608386,0
3278,arjun,Good effort,joy,positive,0.08,0,11,Twitter,2026-03-27 17:32:29.608386,0
3279,meena,Have a nice day,neutral,positive,0.05,0,15,Instagram,2026-03-27 17:33:29.608386,0
3280,rahul,You are a loser,anger,negative,0.85,2,15,Instagram,2026-03-27 17:34:29.608386,1
3281,rahul,Keep going,joy,neutral,0.09,0,10,YouTube,2026-03-27 17:35:29.608386,0
3282,arjun,Good effort,neutral,neutral,0.25,0,11,YouTube,2026-03-27 17:36:29.608386,0
3283,meena,Good effort,joy,neutral,0.25,0,11,YouTube,2026-03-27 17:37:29.608386,0
3284,sara,Well done,neutral,positive,0.22,0,9,YouTube,2026-03-27 17:38:29.608386,0
3285,anita,You are so stupid,anger,negative,0.97,1,17,Twitter,2026-03-27 17:39:29.608386,1
3286,meena,Nobody likes you,anger,negative,0.95,3,16,Instagram,2026-03-27 17:40:29.608386,1
3287,john,Have a nice day,neutral,positive,0.1,0,15,Instagram,2026-03-27 17:41:29.608386,0
3288,priya,Go away idiot,anger,negative,0.86,3,13,Twitter,2026-03-27 17:42:29.608386,1
3289,sara,Keep going,neutral,neutral,0.28,0,10,Instagram,2026-03-27 17:43:29.608386,0
3290,priya,Shut up you fool,anger,negative,0.94,2,16,Instagram,2026-03-27 17:44:29.608386,1
3291,anita,Good effort,neutral,neutral,0.25,0,11,YouTube,2026-03-27 17:45:29.608386,0
3292,rahul,You are useless,anger,negative,0.72,2,15,Twitter,2026-03-27 17:46:29.608386,1
3293,vikram,You are so stupid,anger,negative,0.86,3,17,Twitter,2026-03-27 17:47:29.608386,1
3294,vikram,Go away idiot,anger,negative,0.91,1,13,Instagram,2026-03-27 17:48:29.608386,1
3295,john,You are a loser,anger,negative,0.75,3,15,Twitter,2026-03-27 17:49:29.608386,1
3296,arjun,That's amazing,neutral,positive,0.05,0,14,Instagram,2026-03-27 17:50:29.608386,0
3297,arjun,Shut up you fool,anger,negative,0.85,2,16,Instagram,2026-03-27 17:51:29.608386,1
3298,vikram,Have a nice day,joy,positive,0.17,0,15,Instagram,2026-03-27 17:52:29.608386,0
3299,anita,Good effort,joy,neutral,0.06,0,11,YouTube,2026-03-27 17:53:29.608386,0
3300,vikram,Go away idiot,anger,negative,0.87,3,13,Instagram,2026-03-27 17:54:29.608386,1
3301,john,Keep going,joy,neutral,0.25,0,10,Instagram,2026-03-27 17:55:29.608386,0
3302,arjun,You are so stupid,anger,negative,0.87,1,17,Twitter,2026-03-27 17:56:29.608386,1
3303,arjun,Keep going,neutral,neutral,0.14,0,10,Instagram,2026-03-27 17:57:29.608386,0
3304,rahul,You are a loser,anger,negative,0.76,2,15,YouTube,2026-03-27 17:58:29.608386,1
3305,meena,Good effort,joy,positive,0.19,0,11,YouTube,2026-03-27 17:59:29.608386,0
3306,arjun,Have a nice day,joy,positive,0.21,0,15,YouTube,2026-03-27 18:00:29.608386,0
3307,sara,Great work!,neutral,positive,0.08,0,11,Twitter,2026-03-27 18:01:29.608386,0
3308,john,Shut up you fool,anger,negative,0.79,1,16,YouTube,2026-03-27 18:02:29.608386,1
3309,rahul,Well done,joy,positive,0.03,0,9,YouTube,2026-03-27 18:03:29.608386,0
3310,priya,That's amazing,neutral,positive,0.15,0,14,Instagram,2026-03-27 18:04:29.608386,0
3311,john,Well done,joy,neutral,0.25,0,9,Twitter,2026-03-27 18:05:29.608386,0
3312,vikram,Well done,neutral,positive,0.14,0,9,YouTube,2026-03-27 18:06:29.608386,0
3313,anita,Nobody likes you,anger,negative,0.81,3,16,YouTube,2026-03-27 18:07:29.608386,1
3314,rahul,Good effort,joy,neutral,0.05,0,11,Instagram,2026-03-27 18:08:29.608386,0
3315,meena,Good effort,neutral,positive,0.01,0,11,Twitter,2026-03-27 18:09:29.608386,0
3316,priya,Have a nice day,neutral,neutral,0.25,0,15,Twitter,2026-03-27 18:10:29.608386,0
3317,vikram,That's amazing,joy,positive,0.01,0,14,YouTube,2026-03-27 18:11:29.608386,0
3318,anita,That's amazing,joy,positive,0.16,0,14,Instagram,2026-03-27 18:12:29.608386,0
3319,priya,Well done,neutral,positive,0.13,0,9,YouTube,2026-03-27 18:13:29.608386,0
3320,meena,You are a loser,anger,negative,0.84,2,15,YouTube,2026-03-27 18:14:29.608386,1
3321,vikram,You are a loser,anger,negative,0.76,2,15,Instagram,2026-03-27 18:15:29.608386,1
3322,sara,Go away idiot,anger,negative,0.89,1,13,Twitter,2026-03-27 18:16:29.608386,1
3323,john,Good effort,joy,neutral,0.02,0,11,YouTube,2026-03-27 18:17:29.608386,0
3324,rahul,Shut up you fool,anger,negative,0.92,2,16,YouTube,2026-03-27 18:18:29.608386,1
3325,priya,That's amazing,joy,positive,0.11,0,14,Instagram,2026-03-27 18:19:29.608386,0
3326,meena,Good effort,neutral,neutral,0.21,0,11,Twitter,2026-03-27 18:20:29.608386,0
3327,john,That's amazing,neutral,neutral,0.02,0,14,YouTube,2026-03-27 18:21:29.608386,0
3328,john,Great work!,neutral,positive,0.21,0,11,Twitter,2026-03-27 18:22:29.608386,0
3329,vikram,Good effort,joy,neutral,0.29,0,11,Instagram,2026-03-27 18:23:29.608386,0
3330,arjun,That's amazing,neutral,neutral,0.13,0,14,Instagram,2026-03-27 18:24:29.608386,0
3331,rahul,Great work!,joy,neutral,0.13,0,11,YouTube,2026-03-27 18:25:29.608386,0
3332,arjun,Keep going,joy,positive,0.05,0,10,Twitter,2026-03-27 18:26:29.608386,0
3333,arjun,That's amazing,neutral,positive,0.15,0,14,YouTube,2026-03-27 18:27:29.608386,0
3334,john,You are useless,anger,negative,0.72,2,15,Instagram,2026-03-27 18:28:29.608386,1
3335,vikram,Nobody likes you,anger,negative,0.93,2,16,Instagram,2026-03-27 18:29:29.608386,1
3336,rahul,You are so stupid,anger,negative,0.94,2,17,Twitter,2026-03-27 18:30:29.608386,1
3337,anita,Nobody likes you,anger,negative,0.87,2,16,YouTube,2026-03-27 18:31:29.608386,1
3338,arjun,Keep going,joy,neutral,0.06,0,10,YouTube,2026-03-27 18:32:29.608386,0
3339,anita,That's amazing,joy,positive,0.21,0,14,Instagram,2026-03-27 18:33:29.608386,0
3340,meena,Well done,joy,neutral,0.02,0,9,Instagram,2026-03-27 18:34:29.608386,0
3341,priya,Good effort,joy,neutral,0.02,0,11,Twitter,2026-03-27 18:35:29.608386,0
3342,arjun,That's amazing,neutral,positive,0.08,0,14,Twitter,2026-03-27 18:36:29.608386,0
3343,john,Have a nice day,joy,neutral,0.18,0,15,YouTube,2026-03-27 18:37:29.608386,0
3344,vikram,Shut up you fool,anger,negative,0.92,3,16,Instagram,2026-03-27 18:38:29.608386,1
3345,anita,Have a nice day,joy,neutral,0.28,0,15,YouTube,2026-03-27 18:39:29.608386,0
3346,john,Nobody likes you,anger,negative,0.83,2,16,YouTube,2026-03-27 18:40:29.608386,1
3347,vikram,Great work!,joy,neutral,0.04,0,11,YouTube,2026-03-27 18:41:29.608386,0
3348,john,Keep going,neutral,neutral,0.2,0,10,Twitter,2026-03-27 18:42:29.608386,0
3349,sara,That's amazing,joy,positive,0.13,0,14,Instagram,2026-03-27 18:43:29.608386,0
3350,sara,Have a nice day,joy,neutral,0.23,0,15,Instagram,2026-03-27 18:44:29.608386,0
3351,meena,Well done,joy,positive,0.22,0,9,Instagram,2026-03-27 18:45:29.608386,0
3352,priya,Well done,joy,positive,0.14,0,9,Instagram,2026-03-27 18:46:29.608386,0
3353,sara,Good effort,neutral,positive,0.17,0,11,Twitter,2026-03-27 18:47:29.608386,0
3354,vikram,Shut up you fool,anger,negative,0.93,1,16,Twitter,2026-03-27 18:48:29.608386,1
3355,vikram,You are so stupid,anger,negative,0.82,3,17,YouTube,2026-03-27 18:49:29.608386,1
3356,priya,Have a nice day,joy,neutral,0.22,0,15,Twitter,2026-03-27 18:50:29.608386,0
3357,anita,That's amazing,neutral,neutral,0.22,0,14,Twitter,2026-03-27 18:51:29.608386,0
3358,arjun,That's amazing,joy,neutral,0.07,0,14,YouTube,2026-03-27 18:52:29.608386,0
3359,meena,Great work!,joy,positive,0.14,0,11,YouTube,2026-03-27 18:53:29.608386,0
3360,sara,Well done,neutral,neutral,0.02,0,9,YouTube,2026-03-27 18:54:29.608386,0
3361,vikram,Go away idiot,anger,negative,0.71,1,13,Instagram,2026-03-27 18:55:29.608386,1
3362,anita,Go away idiot,anger,negative,0.98,3,13,Instagram,2026-03-27 18:56:29.608386,1
3363,priya,Great work!,joy,neutral,0.12,0,11,Twitter,2026-03-27 18:57:29.608386,0
3364,sara,You are so stupid,anger,negative,0.77,2,17,Twitter,2026-03-27 18:58:29.608386,1
3365,rahul,You are a loser,anger,negative,0.8,1,15,YouTube,2026-03-27 18:59:29.608386,1
3366,rahul,You are a loser,anger,negative,0.96,2,15,YouTube,2026-03-27 19:00:29.608386,1
3367,arjun,Nobody likes you,anger,negative,0.8,3,16,YouTube,2026-03-27 19:01:29.608386,1
3368,priya,Well done,joy,neutral,0.23,0,9,YouTube,2026-03-27 19:02:29.608386,0
3369,arjun,Go away idiot,anger,negative,0.71,1,13,Twitter,2026-03-27 19:03:29.608386,1
3370,john,You are a loser,anger,negative,0.71,2,15,YouTube,2026-03-27 19:04:29.608386,1
3371,sara,You are a loser,anger,negative,0.9,3,15,YouTube,2026-03-27 19:05:29.608386,1
3372,vikram,Good effort,joy,positive,0.11,0,11,YouTube,2026-03-27 19:06:29.608386,0
3373,priya,Have a nice day,neutral,positive,0.14,0,15,Twitter,2026-03-27 19:07:29.608386,0
3374,rahul,That's amazing,joy,neutral,0.06,0,14,Instagram,2026-03-27 19:08:29.608386,0
3375,meena,Shut up you fool,anger,negative,0.83,3,16,YouTube,2026-03-27 19:09:29.608386,1
3376,vikram,Great work!,neutral,positive,0.04,0,11,Instagram,2026-03-27 19:10:29.608386,0
3377,arjun,Great work!,joy,positive,0.06,0,11,Twitter,2026-03-27 19:11:29.608386,0
3378,sara,Have a nice day,neutral,positive,0.25,0,15,YouTube,2026-03-27 19:12:29.608386,0
3379,rahul,You are useless,anger,negative,0.76,2,15,Instagram,2026-03-27 19:13:29.608386,1
3380,anita,Shut up you fool,anger,negative,0.8,3,16,Twitter,2026-03-27 19:14:29.608386,1
3381,john,Great work!,neutral,positive,0.15,0,11,Instagram,2026-03-27 19:15:29.608386,0
3382,anita,That's amazing,joy,neutral,0.05,0,14,Instagram,2026-03-27 19:16:29.608386,0
3383,vikram,Shut up you fool,anger,negative,0.85,1,16,Twitter,2026-03-27 19:17:29.608386,1
3384,sara,You are useless,anger,negative,0.94,1,15,YouTube,2026-03-27 19:18:29.608386,1
3385,anita,Shut up you fool,anger,negative,0.76,2,16,Twitter,2026-03-27 19:19:29.608386,1
3386,anita,Good effort,neutral,positive,0.05,0,11,YouTube,2026-03-27 19:20:29.608386,0
3387,sara,You are useless,anger,negative,0.8,2,15,Instagram,2026-03-27 19:21:29.608386,1
3388,sara,That's amazing,neutral,neutral,0.08,0,14,Twitter,2026-03-27 19:22:29.608386,0
3389,sara,Keep going,joy,neutral,0.16,0,10,YouTube,2026-03-27 19:23:29.608386,0
3390,meena,You are useless,anger,negative,0.74,1,15,Instagram,2026-03-27 19:24:29.608386,1
3391,john,Great work!,neutral,positive,0.27,0,11,Instagram,2026-03-27 19:25:29.608386,0
3392,rahul,Good effort,joy,positive,0.06,0,11,Instagram,2026-03-27 19:26:29.608386,0
3393,vikram,You are useless,anger,negative,0.85,3,15,YouTube,2026-03-27 19:27:29.608386,1
3394,rahul,Keep going,joy,neutral,0.08,0,10,Twitter,2026-03-27 19:28:29.608386,0
3395,john,You are useless,anger,negative,0.93,2,15,Twitter,2026-03-27 19:29:29.608386,1
3396,rahul,Well done,joy,neutral,0.08,0,9,YouTube,2026-03-27 19:30:29.608386,0
3397,john,Well done,joy,neutral,0.03,0,9,Twitter,2026-03-27 19:31:29.608386,0
3398,anita,That's amazing,neutral,neutral,0.2,0,14,Instagram,2026-03-27 19:32:29.608386,0
3399,john,You are so stupid,anger,negative,0.93,2,17,YouTube,2026-03-27 19:33:29.608386,1
3400,sara,You are a loser,anger,negative,0.81,3,15,Twitter,2026-03-27 19:34:29.608386,1
3401,sara,That's amazing,neutral,neutral,0.05,0,14,Twitter,2026-03-27 19:35:29.608386,0
3402,sara,Nobody likes you,anger,negative,0.97,2,16,Twitter,2026-03-27 19:36:29.608386,1
3403,sara,Have a nice day,neutral,neutral,0.2,0,15,YouTube,2026-03-27 19:37:29.608386,0
3404,anita,Keep going,neutral,neutral,0.12,0,10,YouTube,2026-03-27 19:38:29.608386,0
3405,anita,Great work!,joy,positive,0.02,0,11,YouTube,2026-03-27 19:39:29.608386,0
3406,meena,Go away idiot,anger,negative,0.83,2,13,YouTube,2026-03-27 19:40:29.608386,1
3407,priya,Well done,neutral,neutral,0.06,0,9,YouTube,2026-03-27 19:41:29.608386,0
3408,rahul,Have a nice day,neutral,positive,0.2,0,15,Instagram,2026-03-27 19:42:29.608386,0
3409,anita,Well done,joy,neutral,0.27,0,9,Twitter,2026-03-27 19:43:29.608386,0
3410,priya,You are so stupid,anger,negative,0.9,1,17,Twitter,2026-03-27 19:44:29.608386,1
3411,john,Shut up you fool,anger,negative,0.84,3,16,YouTube,2026-03-27 19:45:29.608386,1
3412,john,Keep going,neutral,positive,0.25,0,10,Twitter,2026-03-27 19:46:29.608386,0
3413,rahul,Have a nice day,neutral,neutral,0.27,0,15,Instagram,2026-03-27 19:47:29.608386,0
3414,vikram,Great work!,neutral,neutral,0.08,0,11,Twitter,2026-03-27 19:48:29.608386,0
3415,anita,Nobody likes you,anger,negative,0.96,1,16,Twitter,2026-03-27 19:49:29.608386,1
3416,sara,That's amazing,neutral,neutral,0.29,0,14,Instagram,2026-03-27 19:50:29.608386,0
3417,arjun,That's amazing,joy,neutral,0.03,0,14,Twitter,2026-03-27 19:51:29.608386,0
3418,sara,You are useless,anger,negative,0.73,3,15,Instagram,2026-03-27 19:52:29.608386,1
3419,john,Have a nice day,joy,positive,0.19,0,15,YouTube,2026-03-27 19:53:29.608386,0
3420,vikram,You are so stupid,anger,negative,0.93,2,17,Twitter,2026-03-27 19:54:29.608386,1
3421,john,Keep going,neutral,positive,0.18,0,10,Instagram,2026-03-27 19:55:29.608386,0
3422,vikram,You are a loser,anger,negative,0.71,1,15,Twitter,2026-03-27 19:56:29.608386,1
3423,vikram,Good effort,neutral,positive,0.27,0,11,YouTube,2026-03-27 19:57:29.608386,0
3424,priya,Nobody likes you,anger,negative,0.94,3,16,YouTube,2026-03-27 19:58:29.608386,1
3425,vikram,Keep going,joy,neutral,0.27,0,10,YouTube,2026-03-27 19:59:29.608386,0
3426,sara,You are a loser,anger,negative,0.88,3,15,Twitter,2026-03-27 20:00:29.608386,1
3427,arjun,You are so stupid,anger,negative,0.91,1,17,Twitter,2026-03-27 20:01:29.608386,1
3428,john,Great work!,neutral,neutral,0.03,0,11,Twitter,2026-03-27 20:02:29.608386,0
3429,sara,Good effort,neutral,positive,0.24,0,11,YouTube,2026-03-27 20:03:29.608386,0
3430,john,That's amazing,neutral,neutral,0.15,0,14,YouTube,2026-03-27 20:04:29.608386,0
3431,rahul,Nobody likes you,anger,negative,0.83,2,16,Twitter,2026-03-27 20:05:29.608386,1
3432,meena,You are so stupid,anger,negative,0.96,3,17,Instagram,2026-03-27 20:06:29.608386,1
3433,arjun,Good effort,neutral,positive,0.2,0,11,Twitter,2026-03-27 20:07:29.608386,0
3434,meena,You are a loser,anger,negative,0.97,1,15,Twitter,2026-03-27 20:08:29.608386,1
3435,meena,You are useless,anger,negative,0.73,2,15,YouTube,2026-03-27 20:09:29.608386,1
3436,rahul,Good effort,joy,neutral,0.25,0,11,Twitter,2026-03-27 20:10:29.608386,0
3437,meena,Well done,neutral,positive,0.1,0,9,YouTube,2026-03-27 20:11:29.608386,0
3438,anita,Nobody likes you,anger,negative,0.91,3,16,Twitter,2026-03-27 20:12:29.608386,1
3439,vikram,Have a nice day,neutral,positive,0.01,0,15,Instagram,2026-03-27 20:13:29.608386,0
3440,priya,You are useless,anger,negative,0.98,2,15,YouTube,2026-03-27 20:14:29.608386,1
3441,meena,You are a loser,anger,negative,0.84,1,15,YouTube,2026-03-27 20:15:29.608386,1
3442,priya,Have a nice day,joy,neutral,0.29,0,15,Instagram,2026-03-27 20:16:29.608386,0
3443,rahul,Good effort,neutral,neutral,0.14,0,11,Instagram,2026-03-27 20:17:29.608386,0
3444,arjun,Have a nice day,neutral,neutral,0.12,0,15,Twitter,2026-03-27 20:18:29.608386,0
3445,arjun,Good effort,neutral,positive,0.14,0,11,YouTube,2026-03-27 20:19:29.608386,0
3446,meena,Great work!,neutral,neutral,0.13,0,11,Instagram,2026-03-27 20:20:29.608386,0
3447,arjun,That's amazing,joy,positive,0.24,0,14,YouTube,2026-03-27 20:21:29.608386,0
3448,anita,Shut up you fool,anger,negative,0.88,1,16,Instagram,2026-03-27 20:22:29.608386,1
3449,john,Well done,joy,neutral,0.23,0,9,Instagram,2026-03-27 20:23:29.608386,0
3450,meena,Well done,neutral,positive,0.11,0,9,Twitter,2026-03-27 20:24:29.608386,0
3451,rahul,You are so stupid,anger,negative,0.83,1,17,Twitter,2026-03-27 20:25:29.608386,1
3452,rahul,That's amazing,joy,positive,0.26,0,14,Instagram,2026-03-27 20:26:29.608386,0
3453,vikram,Keep going,neutral,positive,0.18,0,10,YouTube,2026-03-27 20:27:29.608386,0
3454,vikram,Well done,joy,positive,0.23,0,9,YouTube,2026-03-27 20:28:29.608386,0
3455,meena,Nobody likes you,anger,negative,0.9,1,16,Twitter,2026-03-27 20:29:29.608386,1
3456,meena,Have a nice day,neutral,neutral,0.04,0,15,YouTube,2026-03-27 20:30:29.608386,0
3457,anita,You are a loser,anger,negative,0.87,3,15,Instagram,2026-03-27 20:31:29.608386,1
3458,priya,Good effort,joy,positive,0.26,0,11,Twitter,2026-03-27 20:32:29.608386,0
3459,sara,Go away idiot,anger,negative,0.87,3,13,YouTube,2026-03-27 20:33:29.608386,1
3460,meena,Go away idiot,anger,negative,0.84,2,13,Twitter,2026-03-27 20:34:29.608386,1
3461,sara,You are a loser,anger,negative,0.86,2,15,Instagram,2026-03-27 20:35:29.608386,1
3462,arjun,You are so stupid,anger,negative,0.88,3,17,YouTube,2026-03-27 20:36:29.608386,1
3463,meena,Well done,joy,neutral,0.02,0,9,Instagram,2026-03-27 20:37:29.608386,0
3464,john,Great work!,joy,positive,0.07,0,11,Instagram,2026-03-27 20:38:29.608386,0
3465,vikram,Good effort,joy,neutral,0.19,0,11,YouTube,2026-03-27 20:39:29.608386,0
3466,arjun,You are useless,anger,negative,0.98,3,15,YouTube,2026-03-27 20:40:29.608386,1
3467,priya,Keep going,neutral,neutral,0.28,0,10,Instagram,2026-03-27 20:41:29.608386,0
3468,john,That's amazing,neutral,positive,0.29,0,14,Twitter,2026-03-27 20:42:29.608386,0
3469,vikram,Great work!,neutral,positive,0.29,0,11,Twitter,2026-03-27 20:43:29.608386,0
3470,sara,Have a nice day,neutral,positive,0.11,0,15,Twitter,2026-03-27 20:44:29.608386,0
3471,priya,You are so stupid,anger,negative,0.96,2,17,Twitter,2026-03-27 20:45:29.608386,1
3472,meena,Nobody likes you,anger,negative,0.81,3,16,Twitter,2026-03-27 20:46:29.608386,1
3473,john,That's amazing,joy,positive,0.05,0,14,Instagram,2026-03-27 20:47:29.608386,0
3474,priya,Great work!,neutral,positive,0.16,0,11,Twitter,2026-03-27 20:48:29.608386,0
3475,rahul,Nobody likes you,anger,negative,0.87,3,16,Instagram,2026-03-27 20:49:29.608386,1
3476,john,You are useless,anger,negative,0.94,1,15,Instagram,2026-03-27 20:50:29.608386,1
3477,priya,You are so stupid,anger,negative,0.78,3,17,YouTube,2026-03-27 20:51:29.608386,1
3478,meena,Nobody likes you,anger,negative,0.86,1,16,YouTube,2026-03-27 20:52:29.608386,1
3479,sara,Keep going,joy,neutral,0.08,0,10,Twitter,2026-03-27 20:53:29.608386,0
3480,vikram,Go away idiot,anger,negative,0.84,3,13,Twitter,2026-03-27 20:54:29.608386,1
3481,meena,Have a nice day,neutral,positive,0.27,0,15,YouTube,2026-03-27 20:55:29.608386,0
3482,sara,Great work!,joy,positive,0.22,0,11,Instagram,2026-03-27 20:56:29.608386,0
3483,meena,Great work!,neutral,neutral,0.26,0,11,YouTube,2026-03-27 20:57:29.608386,0
3484,john,Good effort,joy,positive,0.09,0,11,Instagram,2026-03-27 20:58:29.608386,0
3485,sara,You are a loser,anger,negative,0.85,1,15,Twitter,2026-03-27 20:59:29.608386,1
3486,anita,You are a loser,anger,negative,0.88,1,15,Instagram,2026-03-27 21:00:29.608386,1
3487,vikram,Good effort,neutral,neutral,0.19,0,11,Instagram,2026-03-27 21:01:29.608386,0
3488,john,That's amazing,joy,neutral,0.1,0,14,YouTube,2026-03-27 21:02:29.608386,0
3489,meena,You are useless,anger,negative,0.93,1,15,Twitter,2026-03-27 21:03:29.608386,1
3490,priya,Shut up you fool,anger,negative,0.98,3,16,Twitter,2026-03-27 21:04:29.608386,1
3491,rahul,Nobody likes you,anger,negative,0.8,2,16,Instagram,2026-03-27 21:05:29.608386,1
3492,john,Nobody likes you,anger,negative,0.97,2,16,YouTube,2026-03-27 21:06:29.608386,1
3493,meena,Nobody likes you,anger,negative,0.76,2,16,Twitter,2026-03-27 21:07:29.608386,1
3494,john,You are useless,anger,negative,1.0,2,15,Instagram,2026-03-27 21:08:29.608386,1
3495,anita,That's amazing,joy,neutral,0.27,0,14,YouTube,2026-03-27 21:09:29.608386,0
3496,john,Good effort,joy,neutral,0.23,0,11,Twitter,2026-03-27 21:10:29.608386,0
3497,arjun,Great work!,neutral,positive,0.17,0,11,YouTube,2026-03-27 21:11:29.608386,0
3498,vikram,Great work!,joy,positive,0.25,0,11,YouTube,2026-03-27 21:12:29.608386,0
3499,sara,Good effort,neutral,neutral,0.18,0,11,YouTube,2026-03-27 21:13:29.608386,0
3500,john,You are so stupid,anger,negative,0.88,3,17,Twitter,2026-03-27 21:14:29.608386,1
3501,john,Keep going,joy,neutral,0.23,0,10,Twitter,2026-03-27 21:15:29.608386,0
3502,anita,Go away idiot,anger,negative,0.94,2,13,YouTube,2026-03-27 21:16:29.608386,1
3503,rahul,You are a loser,anger,negative,0.79,2,15,Twitter,2026-03-27 21:17:29.608386,1
3504,priya,You are so stupid,anger,negative,0.87,1,17,YouTube,2026-03-27 21:18:29.608386,1
3505,arjun,Shut up you fool,anger,negative,0.98,1,16,Twitter,2026-03-27 21:19:29.608386,1
3506,arjun,That's amazing,joy,neutral,0.24,0,14,Instagram,2026-03-27 21:20:29.608386,0
3507,sara,Shut up you fool,anger,negative,0.9,1,16,YouTube,2026-03-27 21:21:29.608386,1
3508,vikram,Have a nice day,neutral,neutral,0.24,0,15,Twitter,2026-03-27 21:22:29.608386,0
3509,priya,You are so stupid,anger,negative,0.86,2,17,Twitter,2026-03-27 21:23:29.608386,1
3510,rahul,Keep going,neutral,neutral,0.08,0,10,YouTube,2026-03-27 21:24:29.608386,0
3511,sara,That's amazing,joy,neutral,0.16,0,14,YouTube,2026-03-27 21:25:29.608386,0
3512,sara,Have a nice day,joy,neutral,0.2,0,15,Instagram,2026-03-27 21:26:29.608386,0
3513,rahul,Shut up you fool,anger,negative,0.77,1,16,Instagram,2026-03-27 21:27:29.608386,1
3514,john,You are useless,anger,negative,0.93,2,15,Twitter,2026-03-27 21:28:29.608386,1
3515,vikram,You are so stupid,anger,negative,0.9,1,17,YouTube,2026-03-27 21:29:29.608386,1
3516,rahul,You are so stupid,anger,negative,0.97,2,17,Instagram,2026-03-27 21:30:29.608386,1
3517,meena,You are so stupid,anger,negative,0.87,2,17,YouTube,2026-03-27 21:31:29.608386,1
3518,meena,Have a nice day,neutral,positive,0.03,0,15,Twitter,2026-03-27 21:32:29.608386,0
3519,anita,Well done,neutral,neutral,0.02,0,9,Instagram,2026-03-27 21:33:29.608386,0
3520,vikram,You are so stupid,anger,negative,0.71,3,17,Twitter,2026-03-27 21:34:29.608386,1
3521,arjun,Go away idiot,anger,negative,0.9,1,13,Twitter,2026-03-27 21:35:29.608386,1
3522,arjun,That's amazing,neutral,neutral,0.1,0,14,YouTube,2026-03-27 21:36:29.608386,0
3523,vikram,You are useless,anger,negative,0.9,2,15,Twitter,2026-03-27 21:37:29.608386,1
3524,vikram,You are so stupid,anger,negative,0.86,3,17,Twitter,2026-03-27 21:38:29.608386,1
3525,meena,Good effort,neutral,neutral,0.06,0,11,Instagram,2026-03-27 21:39:29.608386,0
3526,sara,You are a loser,anger,negative,0.85,1,15,Instagram,2026-03-27 21:40:29.608386,1
3527,meena,You are so stupid,anger,negative,0.72,3,17,Instagram,2026-03-27 21:41:29.608386,1
3528,priya,Have a nice day,joy,positive,0.1,0,15,Twitter,2026-03-27 21:42:29.608386,0
3529,vikram,Shut up you fool,anger,negative,0.83,3,16,YouTube,2026-03-27 21:43:29.608386,1
3530,priya,Good effort,neutral,neutral,0.26,0,11,Twitter,2026-03-27 21:44:29.608386,0
3531,sara,You are a loser,anger,negative,0.91,2,15,YouTube,2026-03-27 21:45:29.608386,1
3532,rahul,Go away idiot,anger,negative,0.75,3,13,Twitter,2026-03-27 21:46:29.608386,1
3533,vikram,That's amazing,joy,neutral,0.21,0,14,Instagram,2026-03-27 21:47:29.608386,0
3534,rahul,That's amazing,joy,neutral,0.15,0,14,Twitter,2026-03-27 21:48:29.608386,0
3535,meena,Keep going,joy,positive,0.19,0,10,Instagram,2026-03-27 21:49:29.608386,0
3536,vikram,Shut up you fool,anger,negative,0.74,1,16,Instagram,2026-03-27 21:50:29.608386,1
3537,john,Have a nice day,joy,positive,0.01,0,15,Twitter,2026-03-27 21:51:29.608386,0
3538,priya,You are useless,anger,negative,0.94,2,15,Instagram,2026-03-27 21:52:29.608386,1
3539,sara,Shut up you fool,anger,negative,0.72,3,16,Twitter,2026-03-27 21:53:29.608386,1
3540,arjun,Keep going,joy,neutral,0.21,0,10,Twitter,2026-03-27 21:54:29.608386,0
3541,priya,That's amazing,neutral,positive,0.02,0,14,Instagram,2026-03-27 21:55:29.608386,0
3542,vikram,You are so stupid,anger,negative,0.91,3,17,Twitter,2026-03-27 21:56:29.608386,1
3543,rahul,Have a nice day,joy,neutral,0.29,0,15,Instagram,2026-03-27 21:57:29.608386,0
3544,meena,Have a nice day,joy,neutral,0.18,0,15,Twitter,2026-03-27 21:58:29.608386,0
3545,rahul,Good effort,neutral,neutral,0.07,0,11,Instagram,2026-03-27 21:59:29.608386,0
3546,priya,Have a nice day,joy,positive,0.11,0,15,Instagram,2026-03-27 22:00:29.608386,0
3547,john,That's amazing,joy,neutral,0.14,0,14,YouTube,2026-03-27 22:01:29.608386,0
3548,arjun,You are a loser,anger,negative,0.98,3,15,YouTube,2026-03-27 22:02:29.608386,1
3549,meena,Shut up you fool,anger,negative,0.75,1,16,Instagram,2026-03-27 22:03:29.608386,1
3550,meena,Great work!,neutral,positive,0.17,0,11,Instagram,2026-03-27 22:04:29.608386,0
3551,priya,Have a nice day,joy,positive,0.22,0,15,Instagram,2026-03-27 22:05:29.608386,0
3552,rahul,You are so stupid,anger,negative,0.73,2,17,Twitter,2026-03-27 22:06:29.608386,1
3553,john,Nobody likes you,anger,negative,0.79,2,16,Twitter,2026-03-27 22:07:29.608386,1
3554,sara,Nobody likes you,anger,negative,0.8,1,16,Instagram,2026-03-27 22:08:29.608386,1
3555,vikram,That's amazing,joy,positive,0.03,0,14,Twitter,2026-03-27 22:09:29.608386,0
3556,arjun,Well done,neutral,positive,0.19,0,9,YouTube,2026-03-27 22:10:29.608386,0
3557,vikram,Nobody likes you,anger,negative,0.95,2,16,Twitter,2026-03-27 22:11:29.608386,1
3558,vikram,Nobody likes you,anger,negative,0.84,2,16,Twitter,2026-03-27 22:12:29.608386,1
3559,john,Well done,joy,positive,0.18,0,9,YouTube,2026-03-27 22:13:29.608386,0
3560,rahul,Keep going,neutral,positive,0.16,0,10,Twitter,2026-03-27 22:14:29.608386,0
3561,meena,Good effort,joy,positive,0.04,0,11,Instagram,2026-03-27 22:15:29.608386,0
3562,sara,You are so stupid,anger,negative,0.75,3,17,Twitter,2026-03-27 22:16:29.608386,1
3563,arjun,Go away idiot,anger,negative,0.71,3,13,Instagram,2026-03-27 22:17:29.608386,1
3564,sara,Well done,joy,positive,0.03,0,9,Instagram,2026-03-27 22:18:29.608386,0
3565,arjun,Nobody likes you,anger,negative,0.93,2,16,YouTube,2026-03-27 22:19:29.608386,1
3566,john,Well done,neutral,positive,0.28,0,9,Instagram,2026-03-27 22:20:29.608386,0
3567,john,Good effort,joy,positive,0.14,0,11,Instagram,2026-03-27 22:21:29.608386,0
3568,anita,Well done,neutral,positive,0.2,0,9,YouTube,2026-03-27 22:22:29.608386,0
3569,meena,You are a loser,anger,negative,0.7,2,15,YouTube,2026-03-27 22:23:29.608386,1
3570,priya,You are so stupid,anger,negative,0.71,2,17,Instagram,2026-03-27 22:24:29.608386,1
3571,meena,Nobody likes you,anger,negative,0.94,3,16,YouTube,2026-03-27 22:25:29.608386,1
3572,priya,You are a loser,anger,negative,0.92,3,15,Twitter,2026-03-27 22:26:29.608386,1
3573,vikram,Shut up you fool,anger,negative,0.85,1,16,Twitter,2026-03-27 22:27:29.608386,1
3574,rahul,Go away idiot,anger,negative,0.85,3,13,Instagram,2026-03-27 22:28:29.608386,1
3575,priya,Great work!,neutral,positive,0.19,0,11,Instagram,2026-03-27 22:29:29.608386,0
3576,arjun,You are a loser,anger,negative,0.83,3,15,Instagram,2026-03-27 22:30:29.608386,1
3577,john,Shut up you fool,anger,negative,0.94,1,16,YouTube,2026-03-27 22:31:29.608386,1
3578,anita,Have a nice day,neutral,positive,0.09,0,15,Twitter,2026-03-27 22:32:29.608386,0
3579,anita,Great work!,joy,positive,0.17,0,11,Instagram,2026-03-27 22:33:29.608386,0
3580,sara,You are useless,anger,negative,0.97,2,15,Twitter,2026-03-27 22:34:29.608386,1
3581,anita,Great work!,joy,neutral,0.12,0,11,Twitter,2026-03-27 22:35:29.608386,0
3582,john,Great work!,neutral,neutral,0.03,0,11,YouTube,2026-03-27 22:36:29.608386,0
3583,vikram,Shut up you fool,anger,negative,0.75,1,16,Instagram,2026-03-27 22:37:29.608386,1
3584,arjun,You are so stupid,anger,negative,0.73,2,17,YouTube,2026-03-27 22:38:29.608386,1
3585,john,Nobody likes you,anger,negative,0.77,2,16,Instagram,2026-03-27 22:39:29.608386,1
3586,anita,Great work!,neutral,positive,0.18,0,11,Instagram,2026-03-27 22:40:29.608386,0
3587,arjun,Have a nice day,neutral,positive,0.12,0,15,Instagram,2026-03-27 22:41:29.608386,0
3588,meena,You are so stupid,anger,negative,0.87,3,17,YouTube,2026-03-27 22:42:29.608386,1
3589,rahul,Nobody likes you,anger,negative,0.83,2,16,Twitter,2026-03-27 22:43:29.608386,1
3590,meena,You are so stupid,anger,negative,0.74,1,17,Instagram,2026-03-27 22:44:29.608386,1
3591,sara,You are a loser,anger,negative,0.73,3,15,Twitter,2026-03-27 22:45:29.608386,1
3592,rahul,You are useless,anger,negative,0.75,2,15,Twitter,2026-03-27 22:46:29.608386,1
3593,anita,Keep going,neutral,neutral,0.24,0,10,YouTube,2026-03-27 22:47:29.608386,0
3594,rahul,Great work!,joy,positive,0.12,0,11,Twitter,2026-03-27 22:48:29.608386,0
3595,john,Nobody likes you,anger,negative,0.89,2,16,Twitter,2026-03-27 22:49:29.608386,1
3596,anita,You are a loser,anger,negative,0.98,2,15,YouTube,2026-03-27 22:50:29.608386,1
3597,vikram,That's amazing,joy,neutral,0.27,0,14,YouTube,2026-03-27 22:51:29.608386,0
3598,sara,Well done,joy,positive,0.23,0,9,Twitter,2026-03-27 22:52:29.608386,0
3599,john,Nobody likes you,anger,negative,0.82,2,16,Instagram,2026-03-27 22:53:29.608386,1
3600,arjun,Keep going,joy,neutral,0.26,0,10,YouTube,2026-03-27 22:54:29.608386,0
3601,priya,That's amazing,joy,neutral,0.13,0,14,Twitter,2026-03-27 22:55:29.608386,0
3602,meena,Great work!,neutral,positive,0.13,0,11,YouTube,2026-03-27 22:56:29.608386,0
3603,vikram,Well done,joy,neutral,0.24,0,9,Instagram,2026-03-27 22:57:29.608386,0
3604,vikram,You are so stupid,anger,negative,0.78,1,17,Twitter,2026-03-27 22:58:29.608386,1
3605,sara,Keep going,joy,positive,0.05,0,10,Instagram,2026-03-27 22:59:29.608386,0
3606,rahul,You are useless,anger,negative,0.72,2,15,Twitter,2026-03-27 23:00:29.608386,1
3607,arjun,Keep going,joy,positive,0.22,0,10,Instagram,2026-03-27 23:01:29.608386,0
3608,anita,Have a nice day,joy,positive,0.27,0,15,Twitter,2026-03-27 23:02:29.608386,0
3609,priya,That's amazing,joy,positive,0.01,0,14,Instagram,2026-03-27 23:03:29.608386,0
3610,arjun,You are so stupid,anger,negative,0.82,1,17,YouTube,2026-03-27 23:04:29.608386,1
3611,priya,Nobody likes you,anger,negative,0.98,1,16,YouTube,2026-03-27 23:05:29.608386,1
3612,john,That's amazing,joy,positive,0.17,0,14,Instagram,2026-03-27 23:06:29.608386,0
3613,rahul,Great work!,joy,neutral,0.1,0,11,YouTube,2026-03-27 23:07:29.608386,0
3614,anita,Good effort,neutral,neutral,0.16,0,11,Instagram,2026-03-27 23:08:29.608386,0
3615,meena,Go away idiot,anger,negative,0.89,2,13,YouTube,2026-03-27 23:09:29.608386,1
3616,vikram,You are so stupid,anger,negative,0.84,3,17,Instagram,2026-03-27 23:10:29.608386,1
3617,john,Well done,neutral,positive,0.26,0,9,YouTube,2026-03-27 23:11:29.608386,0
3618,rahul,Keep going,joy,positive,0.23,0,10,Instagram,2026-03-27 23:12:29.608386,0
3619,sara,Keep going,joy,neutral,0.19,0,10,Twitter,2026-03-27 23:13:29.608386,0
3620,vikram,Good effort,neutral,neutral,0.16,0,11,YouTube,2026-03-27 23:14:29.608386,0
3621,priya,Go away idiot,anger,negative,0.95,2,13,YouTube,2026-03-27 23:15:29.608386,1
3622,arjun,Shut up you fool,anger,negative,0.96,1,16,Instagram,2026-03-27 23:16:29.608386,1
3623,rahul,Keep going,neutral,positive,0.08,0,10,Twitter,2026-03-27 23:17:29.608386,0
3624,sara,Good effort,neutral,positive,0.02,0,11,YouTube,2026-03-27 23:18:29.608386,0
3625,sara,Go away idiot,anger,negative,0.71,1,13,Instagram,2026-03-27 23:19:29.608386,1
3626,anita,Have a nice day,neutral,positive,0.06,0,15,Instagram,2026-03-27 23:20:29.608386,0
3627,rahul,Great work!,joy,neutral,0.24,0,11,YouTube,2026-03-27 23:21:29.608386,0
3628,sara,Have a nice day,neutral,positive,0.1,0,15,YouTube,2026-03-27 23:22:29.608386,0
3629,meena,You are a loser,anger,negative,0.89,3,15,Twitter,2026-03-27 23:23:29.608386,1
3630,vikram,Nobody likes you,anger,negative,0.74,1,16,Instagram,2026-03-27 23:24:29.608386,1
3631,sara,Good effort,neutral,neutral,0.11,0,11,Instagram,2026-03-27 23:25:29.608386,0
3632,priya,Nobody likes you,anger,negative,0.82,3,16,Twitter,2026-03-27 23:26:29.608386,1
3633,arjun,Have a nice day,joy,neutral,0.12,0,15,Twitter,2026-03-27 23:27:29.608386,0
3634,john,You are useless,anger,negative,0.77,3,15,YouTube,2026-03-27 23:28:29.608386,1
3635,meena,Go away idiot,anger,negative,0.72,1,13,Instagram,2026-03-27 23:29:29.608386,1
3636,john,Have a nice day,neutral,neutral,0.06,0,15,YouTube,2026-03-27 23:30:29.608386,0
3637,arjun,Well done,joy,neutral,0.19,0,9,YouTube,2026-03-27 23:31:29.608386,0
3638,john,Shut up you fool,anger,negative,0.89,1,16,Twitter,2026-03-27 23:32:29.608386,1
3639,sara,You are a loser,anger,negative,0.8,2,15,Twitter,2026-03-27 23:33:29.608386,1
3640,sara,Well done,joy,neutral,0.13,0,9,YouTube,2026-03-27 23:34:29.608386,0
3641,meena,Go away idiot,anger,negative,0.71,1,13,YouTube,2026-03-27 23:35:29.608386,1
3642,meena,Have a nice day,joy,neutral,0.09,0,15,YouTube,2026-03-27 23:36:29.608386,0
3643,john,Shut up you fool,anger,negative,0.92,2,16,YouTube,2026-03-27 23:37:29.608386,1
3644,john,You are so stupid,anger,negative,0.9,1,17,Twitter,2026-03-27 23:38:29.608386,1
3645,anita,Great work!,joy,neutral,0.28,0,11,Twitter,2026-03-27 23:39:29.608386,0
3646,anita,Have a nice day,neutral,neutral,0.15,0,15,Instagram,2026-03-27 23:40:29.608386,0
3647,meena,You are so stupid,anger,negative,0.95,1,17,YouTube,2026-03-27 23:41:29.608386,1
3648,arjun,Great work!,joy,neutral,0.16,0,11,YouTube,2026-03-27 23:42:29.608386,0
3649,priya,You are useless,anger,negative,0.97,2,15,YouTube,2026-03-27 23:43:29.608386,1
3650,priya,Go away idiot,anger,negative,0.88,3,13,Twitter,2026-03-27 23:44:29.608386,1
3651,john,Go away idiot,anger,negative,0.91,3,13,YouTube,2026-03-27 23:45:29.608386,1
3652,meena,Shut up you fool,anger,negative,0.79,1,16,Twitter,2026-03-27 23:46:29.608386,1
3653,anita,Great work!,neutral,positive,0.11,0,11,YouTube,2026-03-27 23:47:29.608386,0
3654,anita,You are a loser,anger,negative,0.99,3,15,Instagram,2026-03-27 23:48:29.608386,1
3655,john,Have a nice day,joy,positive,0.1,0,15,YouTube,2026-03-27 23:49:29.608386,0
3656,rahul,You are useless,anger,negative,0.82,1,15,Twitter,2026-03-27 23:50:29.608386,1
3657,vikram,Nobody likes you,anger,negative,0.9,2,16,Twitter,2026-03-27 23:51:29.608386,1
3658,priya,Have a nice day,neutral,positive,0.06,0,15,Twitter,2026-03-27 23:52:29.608386,0
3659,sara,Go away idiot,anger,negative,0.86,1,13,YouTube,2026-03-27 23:53:29.608386,1
3660,meena,Nobody likes you,anger,negative,0.98,2,16,YouTube,2026-03-27 23:54:29.608386,1
3661,arjun,You are so stupid,anger,negative,0.93,3,17,YouTube,2026-03-27 23:55:29.608386,1
3662,sara,Keep going,neutral,neutral,0.19,0,10,Twitter,2026-03-27 23:56:29.608386,0
3663,rahul,That's amazing,joy,positive,0.18,0,14,Twitter,2026-03-27 23:57:29.608386,0
3664,priya,Good effort,neutral,neutral,0.08,0,11,Twitter,2026-03-27 23:58:29.608386,0
3665,vikram,Go away idiot,anger,negative,0.92,2,13,Twitter,2026-03-27 23:59:29.608386,1
3666,priya,Go away idiot,anger,negative,0.74,1,13,Twitter,2026-03-28 00:00:29.608386,1
3667,vikram,Have a nice day,neutral,positive,0.1,0,15,Twitter,2026-03-28 00:01:29.608386,0
3668,arjun,Keep going,neutral,neutral,0.04,0,10,Instagram,2026-03-28 00:02:29.608386,0
3669,john,Shut up you fool,anger,negative,0.76,1,16,Instagram,2026-03-28 00:03:29.608386,1
3670,priya,Well done,neutral,positive,0.21,0,9,YouTube,2026-03-28 00:04:29.608386,0
3671,rahul,Good effort,joy,positive,0.27,0,11,YouTube,2026-03-28 00:05:29.608386,0
3672,priya,You are so stupid,anger,negative,0.89,1,17,Twitter,2026-03-28 00:06:29.608386,1
3673,rahul,Well done,neutral,neutral,0.08,0,9,Instagram,2026-03-28 00:07:29.608386,0
3674,sara,Shut up you fool,anger,negative,0.7,1,16,YouTube,2026-03-28 00:08:29.608386,1
3675,meena,That's amazing,joy,positive,0.23,0,14,YouTube,2026-03-28 00:09:29.608386,0
3676,priya,That's amazing,joy,neutral,0.18,0,14,Twitter,2026-03-28 00:10:29.608386,0
3677,sara,You are useless,anger,negative,0.99,2,15,Twitter,2026-03-28 00:11:29.608386,1
3678,vikram,You are useless,anger,negative,0.83,1,15,Twitter,2026-03-28 00:12:29.608386,1
3679,rahul,Shut up you fool,anger,negative,0.91,1,16,Instagram,2026-03-28 00:13:29.608386,1
3680,priya,Go away idiot,anger,negative,0.73,1,13,Instagram,2026-03-28 00:14:29.608386,1
3681,priya,Have a nice day,joy,neutral,0.07,0,15,Instagram,2026-03-28 00:15:29.608386,0
3682,john,Keep going,neutral,neutral,0.06,0,10,Twitter,2026-03-28 00:16:29.608386,0
3683,anita,Great work!,joy,positive,0.22,0,11,YouTube,2026-03-28 00:17:29.608386,0
3684,arjun,You are a loser,anger,negative,1.0,1,15,Instagram,2026-03-28 00:18:29.608386,1
3685,arjun,Have a nice day,joy,neutral,0.2,0,15,YouTube,2026-03-28 00:19:29.608386,0
3686,anita,Keep going,joy,positive,0.06,0,10,YouTube,2026-03-28 00:20:29.608386,0
3687,sara,You are useless,anger,negative,0.91,2,15,Twitter,2026-03-28 00:21:29.608386,1
3688,vikram,You are a loser,anger,negative,0.84,1,15,YouTube,2026-03-28 00:22:29.608386,1
3689,sara,That's amazing,neutral,positive,0.22,0,14,Twitter,2026-03-28 00:23:29.608386,0
3690,vikram,You are so stupid,anger,negative,0.83,1,17,YouTube,2026-03-28 00:24:29.608386,1
3691,arjun,Keep going,joy,positive,0.01,0,10,YouTube,2026-03-28 00:25:29.608386,0
3692,vikram,You are so stupid,anger,negative,0.9,3,17,Instagram,2026-03-28 00:26:29.608386,1
3693,vikram,Nobody likes you,anger,negative,0.9,1,16,Twitter,2026-03-28 00:27:29.608386,1
3694,anita,That's amazing,neutral,neutral,0.0,0,14,Twitter,2026-03-28 00:28:29.608386,0
3695,sara,Keep going,neutral,positive,0.1,0,10,YouTube,2026-03-28 00:29:29.608386,0
3696,priya,That's amazing,neutral,neutral,0.27,0,14,Twitter,2026-03-28 00:30:29.608386,0
3697,sara,You are so stupid,anger,negative,0.75,3,17,Instagram,2026-03-28 00:31:29.608386,1
3698,rahul,Nobody likes you,anger,negative,0.99,2,16,YouTube,2026-03-28 00:32:29.608386,1
3699,rahul,Shut up you fool,anger,negative,0.71,2,16,YouTube,2026-03-28 00:33:29.608386,1
3700,john,Shut up you fool,anger,negative,0.71,1,16,Twitter,2026-03-28 00:34:29.608386,1
3701,arjun,Well done,neutral,neutral,0.26,0,9,Instagram,2026-03-28 00:35:29.608386,0
3702,vikram,You are a loser,anger,negative,0.95,3,15,Instagram,2026-03-28 00:36:29.608386,1
3703,vikram,Well done,joy,positive,0.19,0,9,YouTube,2026-03-28 00:37:29.608386,0
3704,priya,You are a loser,anger,negative,0.77,1,15,YouTube,2026-03-28 00:38:29.608386,1
3705,priya,Shut up you fool,anger,negative,0.76,2,16,YouTube,2026-03-28 00:39:29.608386,1
3706,meena,Great work!,neutral,neutral,0.14,0,11,Instagram,2026-03-28 00:40:29.608386,0
3707,sara,Have a nice day,joy,positive,0.05,0,15,Instagram,2026-03-28 00:41:29.608386,0
3708,anita,Good effort,neutral,neutral,0.17,0,11,Instagram,2026-03-28 00:42:29.608386,0
3709,john,That's amazing,joy,positive,0.13,0,14,YouTube,2026-03-28 00:43:29.608386,0
3710,vikram,You are useless,anger,negative,0.99,1,15,YouTube,2026-03-28 00:44:29.608386,1
3711,meena,Shut up you fool,anger,negative,0.79,2,16,Instagram,2026-03-28 00:45:29.608386,1
3712,priya,Keep going,neutral,positive,0.14,0,10,Twitter,2026-03-28 00:46:29.608386,0
3713,priya,Have a nice day,neutral,positive,0.23,0,15,Instagram,2026-03-28 00:47:29.608386,0
3714,arjun,Shut up you fool,anger,negative,0.83,3,16,YouTube,2026-03-28 00:48:29.608386,1
3715,priya,Well done,joy,positive,0.16,0,9,YouTube,2026-03-28 00:49:29.608386,0
3716,rahul,Go away idiot,anger,negative,0.94,1,13,Twitter,2026-03-28 00:50:29.608386,1
3717,meena,Nobody likes you,anger,negative,0.97,3,16,Instagram,2026-03-28 00:51:29.608386,1
3718,meena,Shut up you fool,anger,negative,0.98,2,16,Instagram,2026-03-28 00:52:29.608386,1
3719,vikram,That's amazing,joy,neutral,0.22,0,14,Instagram,2026-03-28 00:53:29.608386,0
3720,priya,You are a loser,anger,negative,0.72,2,15,YouTube,2026-03-28 00:54:29.608386,1
3721,rahul,Great work!,joy,neutral,0.14,0,11,Twitter,2026-03-28 00:55:29.608386,0
3722,sara,Great work!,joy,positive,0.09,0,11,Twitter,2026-03-28 00:56:29.608386,0
3723,priya,Keep going,neutral,neutral,0.19,0,10,Instagram,2026-03-28 00:57:29.608386,0
3724,priya,Keep going,neutral,positive,0.23,0,10,Instagram,2026-03-28 00:58:29.608386,0
3725,meena,Keep going,neutral,positive,0.26,0,10,Instagram,2026-03-28 00:59:29.608386,0
3726,sara,Nobody likes you,anger,negative,0.89,1,16,YouTube,2026-03-28 01:00:29.608386,1
3727,sara,Go away idiot,anger,negative,0.84,3,13,Twitter,2026-03-28 01:01:29.608386,1
3728,rahul,You are a loser,anger,negative,0.81,2,15,YouTube,2026-03-28 01:02:29.608386,1
3729,arjun,Have a nice day,joy,positive,0.17,0,15,YouTube,2026-03-28 01:03:29.608386,0
3730,priya,You are so stupid,anger,negative,0.9,2,17,Twitter,2026-03-28 01:04:29.608386,1
3731,sara,Good effort,neutral,neutral,0.22,0,11,Instagram,2026-03-28 01:05:29.608386,0
3732,sara,Well done,joy,positive,0.17,0,9,Twitter,2026-03-28 01:06:29.608386,0
3733,meena,Great work!,joy,neutral,0.13,0,11,Instagram,2026-03-28 01:07:29.608386,0
3734,meena,You are a loser,anger,negative,0.77,2,15,Instagram,2026-03-28 01:08:29.608386,1
3735,sara,Have a nice day,neutral,positive,0.04,0,15,Instagram,2026-03-28 01:09:29.608386,0
3736,arjun,Keep going,neutral,positive,0.16,0,10,YouTube,2026-03-28 01:10:29.608386,0
3737,rahul,Great work!,joy,neutral,0.06,0,11,Twitter,2026-03-28 01:11:29.608386,0
3738,anita,Keep going,neutral,positive,0.06,0,10,Twitter,2026-03-28 01:12:29.608386,0
3739,arjun,Go away idiot,anger,negative,0.8,2,13,YouTube,2026-03-28 01:13:29.608386,1
3740,rahul,Go away idiot,anger,negative,0.86,2,13,Twitter,2026-03-28 01:14:29.608386,1
3741,vikram,Well done,neutral,positive,0.05,0,9,Instagram,2026-03-28 01:15:29.608386,0
3742,sara,You are useless,anger,negative,0.9,1,15,Twitter,2026-03-28 01:16:29.608386,1
3743,anita,Great work!,joy,neutral,0.04,0,11,Twitter,2026-03-28 01:17:29.608386,0
3744,anita,Shut up you fool,anger,negative,0.91,1,16,Instagram,2026-03-28 01:18:29.608386,1
3745,priya,Shut up you fool,anger,negative,0.86,3,16,YouTube,2026-03-28 01:19:29.608386,1
3746,meena,Well done,joy,positive,0.03,0,9,Instagram,2026-03-28 01:20:29.608386,0
3747,rahul,Great work!,neutral,neutral,0.24,0,11,YouTube,2026-03-28 01:21:29.608386,0
3748,priya,Shut up you fool,anger,negative,0.81,1,16,Twitter,2026-03-28 01:22:29.608386,1
3749,sara,Go away idiot,anger,negative,0.98,1,13,Instagram,2026-03-28 01:23:29.608386,1
3750,john,That's amazing,joy,neutral,0.01,0,14,Instagram,2026-03-28 01:24:29.608386,0
3751,rahul,Shut up you fool,anger,negative,0.96,3,16,Instagram,2026-03-28 01:25:29.608386,1
3752,sara,Good effort,neutral,positive,0.12,0,11,YouTube,2026-03-28 01:26:29.608386,0
3753,priya,That's amazing,joy,neutral,0.08,0,14,Twitter,2026-03-28 01:27:29.608386,0
3754,john,You are so stupid,anger,negative,0.84,2,17,YouTube,2026-03-28 01:28:29.608386,1
3755,anita,You are a loser,anger,negative,0.74,2,15,Twitter,2026-03-28 01:29:29.608386,1
3756,arjun,Shut up you fool,anger,negative,0.8,1,16,Instagram,2026-03-28 01:30:29.608386,1
3757,vikram,Go away idiot,anger,negative,0.8,2,13,Instagram,2026-03-28 01:31:29.608386,1
3758,meena,You are a loser,anger,negative,0.86,1,15,Instagram,2026-03-28 01:32:29.608386,1
3759,priya,You are a loser,anger,negative,0.89,3,15,YouTube,2026-03-28 01:33:29.608386,1
3760,vikram,Go away idiot,anger,negative,0.86,2,13,Twitter,2026-03-28 01:34:29.608386,1
3761,john,Great work!,neutral,positive,0.07,0,11,Instagram,2026-03-28 01:35:29.608386,0
3762,sara,You are useless,anger,negative,0.73,1,15,Instagram,2026-03-28 01:36:29.608386,1
3763,priya,Nobody likes you,anger,negative,0.8,1,16,YouTube,2026-03-28 01:37:29.608386,1
3764,john,Go away idiot,anger,negative,0.94,2,13,Twitter,2026-03-28 01:38:29.608386,1
3765,john,Keep going,neutral,neutral,0.21,0,10,Instagram,2026-03-28 01:39:29.608386,0
3766,anita,Have a nice day,joy,neutral,0.12,0,15,Twitter,2026-03-28 01:40:29.608386,0
3767,vikram,You are useless,anger,negative,0.92,3,15,Twitter,2026-03-28 01:41:29.608386,1
3768,meena,That's amazing,neutral,neutral,0.22,0,14,Twitter,2026-03-28 01:42:29.608386,0
3769,priya,Well done,joy,positive,0.07,0,9,YouTube,2026-03-28 01:43:29.608386,0
3770,vikram,Have a nice day,joy,neutral,0.2,0,15,Instagram,2026-03-28 01:44:29.608386,0
3771,vikram,Shut up you fool,anger,negative,0.81,3,16,YouTube,2026-03-28 01:45:29.608386,1
3772,vikram,Shut up you fool,anger,negative,0.97,3,16,Instagram,2026-03-28 01:46:29.608386,1
3773,sara,You are useless,anger,negative,0.88,3,15,Twitter,2026-03-28 01:47:29.608386,1
3774,vikram,Go away idiot,anger,negative,0.71,3,13,Twitter,2026-03-28 01:48:29.608386,1
3775,john,Good effort,joy,positive,0.01,0,11,Twitter,2026-03-28 01:49:29.608386,0
3776,arjun,Shut up you fool,anger,negative,0.8,1,16,YouTube,2026-03-28 01:50:29.608386,1
3777,priya,Good effort,neutral,positive,0.18,0,11,Twitter,2026-03-28 01:51:29.608386,0
3778,john,Well done,joy,neutral,0.07,0,9,Twitter,2026-03-28 01:52:29.608386,0
3779,anita,Go away idiot,anger,negative,0.94,1,13,YouTube,2026-03-28 01:53:29.608386,1
3780,sara,You are a loser,anger,negative,0.83,1,15,Twitter,2026-03-28 01:54:29.608386,1
3781,sara,Shut up you fool,anger,negative,0.86,1,16,Instagram,2026-03-28 01:55:29.608386,1
3782,anita,Nobody likes you,anger,negative,0.86,2,16,Twitter,2026-03-28 01:56:29.608386,1
3783,vikram,That's amazing,joy,neutral,0.02,0,14,YouTube,2026-03-28 01:57:29.608386,0
3784,rahul,Have a nice day,neutral,positive,0.15,0,15,Twitter,2026-03-28 01:58:29.608386,0
3785,vikram,Good effort,neutral,neutral,0.06,0,11,YouTube,2026-03-28 01:59:29.608386,0
3786,priya,Nobody likes you,anger,negative,0.89,1,16,Instagram,2026-03-28 02:00:29.608386,1
3787,rahul,You are a loser,anger,negative,0.73,1,15,YouTube,2026-03-28 02:01:29.608386,1
3788,priya,You are so stupid,anger,negative,0.95,1,17,Twitter,2026-03-28 02:02:29.608386,1
3789,vikram,You are so stupid,anger,negative,0.77,1,17,Twitter,2026-03-28 02:03:29.608386,1
3790,rahul,Good effort,neutral,positive,0.26,0,11,Twitter,2026-03-28 02:04:29.608386,0
3791,vikram,Nobody likes you,anger,negative,0.81,2,16,Twitter,2026-03-28 02:05:29.608386,1
3792,priya,That's amazing,joy,neutral,0.15,0,14,Twitter,2026-03-28 02:06:29.608386,0
3793,priya,Go away idiot,anger,negative,0.91,2,13,Instagram,2026-03-28 02:07:29.608386,1
3794,sara,You are so stupid,anger,negative,0.82,2,17,YouTube,2026-03-28 02:08:29.608386,1
3795,meena,You are a loser,anger,negative,0.71,1,15,Instagram,2026-03-28 02:09:29.608386,1
3796,john,Good effort,neutral,positive,0.11,0,11,YouTube,2026-03-28 02:10:29.608386,0
3797,priya,You are useless,anger,negative,0.84,2,15,Instagram,2026-03-28 02:11:29.608386,1
3798,meena,Well done,joy,neutral,0.16,0,9,YouTube,2026-03-28 02:12:29.608386,0
3799,anita,You are so stupid,anger,negative,0.72,1,17,Instagram,2026-03-28 02:13:29.608386,1
3800,vikram,Good effort,neutral,neutral,0.19,0,11,Twitter,2026-03-28 02:14:29.608386,0
3801,sara,You are a loser,anger,negative,0.84,2,15,Twitter,2026-03-28 02:15:29.608386,1
3802,rahul,Have a nice day,neutral,neutral,0.06,0,15,Twitter,2026-03-28 02:16:29.608386,0
3803,john,That's amazing,neutral,neutral,0.16,0,14,YouTube,2026-03-28 02:17:29.608386,0
3804,sara,Good effort,joy,positive,0.16,0,11,Twitter,2026-03-28 02:18:29.608386,0
3805,vikram,You are a loser,anger,negative,0.87,3,15,Twitter,2026-03-28 02:19:29.608386,1
3806,meena,Shut up you fool,anger,negative,0.72,3,16,Twitter,2026-03-28 02:20:29.608386,1
3807,priya,Shut up you fool,anger,negative,0.71,3,16,YouTube,2026-03-28 02:21:29.608386,1
3808,anita,Great work!,neutral,neutral,0.17,0,11,YouTube,2026-03-28 02:22:29.608386,0
3809,meena,You are a loser,anger,negative,0.92,1,15,Twitter,2026-03-28 02:23:29.608386,1
3810,rahul,Well done,joy,neutral,0.03,0,9,Twitter,2026-03-28 02:24:29.608386,0
3811,priya,That's amazing,neutral,positive,0.12,0,14,Instagram,2026-03-28 02:25:29.608386,0
3812,sara,Have a nice day,neutral,neutral,0.11,0,15,Twitter,2026-03-28 02:26:29.608386,0
3813,sara,Go away idiot,anger,negative,0.7,2,13,Instagram,2026-03-28 02:27:29.608386,1
3814,sara,Go away idiot,anger,negative,0.97,1,13,Instagram,2026-03-28 02:28:29.608386,1
3815,arjun,Good effort,joy,neutral,0.03,0,11,Twitter,2026-03-28 02:29:29.608386,0
3816,rahul,That's amazing,joy,positive,0.28,0,14,YouTube,2026-03-28 02:30:29.608386,0
3817,anita,Good effort,neutral,positive,0.07,0,11,YouTube,2026-03-28 02:31:29.608386,0
3818,john,You are a loser,anger,negative,0.92,3,15,Twitter,2026-03-28 02:32:29.608386,1
3819,sara,Good effort,neutral,positive,0.1,0,11,Instagram,2026-03-28 02:33:29.608386,0
3820,vikram,Have a nice day,neutral,positive,0.25,0,15,Instagram,2026-03-28 02:34:29.608386,0
3821,anita,Keep going,neutral,positive,0.2,0,10,Instagram,2026-03-28 02:35:29.608386,0
3822,vikram,Good effort,joy,positive,0.09,0,11,Instagram,2026-03-28 02:36:29.608386,0
3823,priya,Keep going,joy,positive,0.13,0,10,Instagram,2026-03-28 02:37:29.608386,0
3824,meena,You are useless,anger,negative,0.8,2,15,Twitter,2026-03-28 02:38:29.608386,1
3825,meena,That's amazing,joy,neutral,0.29,0,14,YouTube,2026-03-28 02:39:29.608386,0
3826,meena,Keep going,joy,neutral,0.21,0,10,YouTube,2026-03-28 02:40:29.608386,0
3827,sara,Have a nice day,neutral,neutral,0.1,0,15,Instagram,2026-03-28 02:41:29.608386,0
3828,meena,You are so stupid,anger,negative,0.88,2,17,YouTube,2026-03-28 02:42:29.608386,1
3829,anita,Keep going,joy,neutral,0.13,0,10,Instagram,2026-03-28 02:43:29.608386,0
3830,vikram,Good effort,neutral,positive,0.06,0,11,Instagram,2026-03-28 02:44:29.608386,0
3831,rahul,Well done,neutral,neutral,0.26,0,9,Instagram,2026-03-28 02:45:29.608386,0
3832,vikram,That's amazing,neutral,neutral,0.04,0,14,Twitter,2026-03-28 02:46:29.608386,0
3833,john,You are a loser,anger,negative,0.78,3,15,Instagram,2026-03-28 02:47:29.608386,1
3834,meena,Great work!,neutral,positive,0.15,0,11,Twitter,2026-03-28 02:48:29.608386,0
3835,meena,Nobody likes you,anger,negative,0.84,2,16,Twitter,2026-03-28 02:49:29.608386,1
3836,priya,Great work!,neutral,neutral,0.21,0,11,YouTube,2026-03-28 02:50:29.608386,0
3837,sara,Great work!,joy,neutral,0.25,0,11,YouTube,2026-03-28 02:51:29.608386,0
3838,anita,You are so stupid,anger,negative,1.0,1,17,YouTube,2026-03-28 02:52:29.608386,1
3839,meena,Keep going,joy,positive,0.02,0,10,YouTube,2026-03-28 02:53:29.608386,0
3840,sara,You are so stupid,anger,negative,0.75,2,17,YouTube,2026-03-28 02:54:29.608386,1
3841,meena,You are useless,anger,negative,0.9,2,15,YouTube,2026-03-28 02:55:29.608386,1
3842,sara,Great work!,neutral,neutral,0.16,0,11,Instagram,2026-03-28 02:56:29.608386,0
3843,sara,Nobody likes you,anger,negative,0.82,3,16,YouTube,2026-03-28 02:57:29.608386,1
3844,meena,Have a nice day,neutral,neutral,0.05,0,15,YouTube,2026-03-28 02:58:29.608386,0
3845,john,You are useless,anger,negative,0.94,3,15,YouTube,2026-03-28 02:59:29.608386,1
3846,anita,Good effort,neutral,neutral,0.19,0,11,YouTube,2026-03-28 03:00:29.608386,0
3847,rahul,You are useless,anger,negative,0.84,1,15,Twitter,2026-03-28 03:01:29.608386,1
3848,anita,Go away idiot,anger,negative,0.93,1,13,Twitter,2026-03-28 03:02:29.608386,1
3849,john,Nobody likes you,anger,negative,0.97,1,16,YouTube,2026-03-28 03:03:29.608386,1
3850,john,Nobody likes you,anger,negative,0.91,2,16,Instagram,2026-03-28 03:04:29.608386,1
3851,meena,Good effort,neutral,positive,0.18,0,11,Instagram,2026-03-28 03:05:29.608386,0
3852,vikram,Well done,neutral,neutral,0.11,0,9,Twitter,2026-03-28 03:06:29.608386,0
3853,arjun,You are a loser,anger,negative,0.84,3,15,YouTube,2026-03-28 03:07:29.608386,1
3854,meena,Go away idiot,anger,negative,0.81,1,13,Instagram,2026-03-28 03:08:29.608386,1
3855,sara,Good effort,joy,neutral,0.1,0,11,Twitter,2026-03-28 03:09:29.608386,0
3856,john,Go away idiot,anger,negative,0.96,1,13,YouTube,2026-03-28 03:10:29.608386,1
3857,anita,That's amazing,neutral,neutral,0.12,0,14,Twitter,2026-03-28 03:11:29.608386,0
3858,rahul,Nobody likes you,anger,negative,0.84,2,16,Instagram,2026-03-28 03:12:29.608386,1
3859,vikram,You are useless,anger,negative,0.75,1,15,YouTube,2026-03-28 03:13:29.608386,1
3860,john,Nobody likes you,anger,negative,0.72,1,16,YouTube,2026-03-28 03:14:29.608386,1
3861,meena,Keep going,joy,neutral,0.02,0,10,YouTube,2026-03-28 03:15:29.608386,0
3862,rahul,Go away idiot,anger,negative,0.97,2,13,Instagram,2026-03-28 03:16:29.608386,1
3863,john,Well done,neutral,positive,0.16,0,9,YouTube,2026-03-28 03:17:29.608386,0
3864,arjun,Go away idiot,anger,negative,0.89,2,13,Twitter,2026-03-28 03:18:29.608386,1
3865,meena,Well done,neutral,positive,0.13,0,9,Twitter,2026-03-28 03:19:29.608386,0
3866,sara,That's amazing,neutral,neutral,0.29,0,14,YouTube,2026-03-28 03:20:29.608386,0
3867,anita,Go away idiot,anger,negative,1.0,1,13,Instagram,2026-03-28 03:21:29.608386,1
3868,arjun,That's amazing,joy,positive,0.1,0,14,YouTube,2026-03-28 03:22:29.608386,0
3869,anita,Shut up you fool,anger,negative,0.73,3,16,Twitter,2026-03-28 03:23:29.608386,1
3870,arjun,Great work!,joy,neutral,0.13,0,11,Instagram,2026-03-28 03:24:29.608386,0
3871,anita,Go away idiot,anger,negative,0.96,1,13,Instagram,2026-03-28 03:25:29.608386,1
3872,meena,Have a nice day,neutral,positive,0.2,0,15,Twitter,2026-03-28 03:26:29.608386,0
3873,rahul,Have a nice day,neutral,positive,0.1,0,15,YouTube,2026-03-28 03:27:29.608386,0
3874,priya,Well done,neutral,neutral,0.07,0,9,Instagram,2026-03-28 03:28:29.608386,0
3875,vikram,Keep going,joy,positive,0.21,0,10,YouTube,2026-03-28 03:29:29.608386,0
3876,rahul,That's amazing,joy,positive,0.06,0,14,Instagram,2026-03-28 03:30:29.608386,0
3877,john,You are useless,anger,negative,0.76,1,15,Twitter,2026-03-28 03:31:29.608386,1
3878,priya,Good effort,joy,neutral,0.05,0,11,YouTube,2026-03-28 03:32:29.608386,0
3879,arjun,You are so stupid,anger,negative,0.92,1,17,Instagram,2026-03-28 03:33:29.608386,1
3880,priya,That's amazing,neutral,neutral,0.26,0,14,Instagram,2026-03-28 03:34:29.608386,0
3881,vikram,You are a loser,anger,negative,0.72,1,15,Twitter,2026-03-28 03:35:29.608386,1
3882,sara,Good effort,joy,neutral,0.21,0,11,Instagram,2026-03-28 03:36:29.608386,0
3883,anita,Keep going,joy,positive,0.28,0,10,YouTube,2026-03-28 03:37:29.608386,0
3884,meena,Great work!,neutral,positive,0.25,0,11,Instagram,2026-03-28 03:38:29.608386,0
3885,john,Great work!,joy,neutral,0.08,0,11,Twitter,2026-03-28 03:39:29.608386,0
3886,vikram,Great work!,joy,positive,0.23,0,11,Twitter,2026-03-28 03:40:29.608386,0
3887,rahul,Good effort,neutral,neutral,0.11,0,11,Twitter,2026-03-28 03:41:29.608386,0
3888,priya,Have a nice day,neutral,positive,0.07,0,15,Instagram,2026-03-28 03:42:29.608386,0
3889,vikram,Good effort,neutral,neutral,0.17,0,11,Twitter,2026-03-28 03:43:29.608386,0
3890,meena,Nobody likes you,anger,negative,0.86,2,16,Instagram,2026-03-28 03:44:29.608386,1
3891,john,Well done,joy,neutral,0.03,0,9,Twitter,2026-03-28 03:45:29.608386,0
3892,vikram,That's amazing,joy,positive,0.09,0,14,YouTube,2026-03-28 03:46:29.608386,0
3893,priya,Go away idiot,anger,negative,0.99,3,13,Instagram,2026-03-28 03:47:29.608386,1
3894,priya,Keep going,neutral,positive,0.08,0,10,Twitter,2026-03-28 03:48:29.608386,0
3895,rahul,Go away idiot,anger,negative,0.84,3,13,Instagram,2026-03-28 03:49:29.608386,1
3896,arjun,You are so stupid,anger,negative,0.9,1,17,Twitter,2026-03-28 03:50:29.608386,1
3897,sara,You are so stupid,anger,negative,0.95,1,17,Instagram,2026-03-28 03:51:29.608386,1
3898,vikram,Shut up you fool,anger,negative,0.82,3,16,YouTube,2026-03-28 03:52:29.608386,1
3899,rahul,Great work!,neutral,positive,0.12,0,11,YouTube,2026-03-28 03:53:29.608386,0
3900,arjun,You are a loser,anger,negative,0.93,1,15,Twitter,2026-03-28 03:54:29.608386,1
3901,rahul,You are a loser,anger,negative,0.81,1,15,YouTube,2026-03-28 03:55:29.608386,1
3902,rahul,Go away idiot,anger,negative,0.84,3,13,Twitter,2026-03-28 03:56:29.608386,1
3903,john,Great work!,joy,positive,0.06,0,11,Twitter,2026-03-28 03:57:29.608386,0
3904,anita,You are so stupid,anger,negative,0.85,2,17,Twitter,2026-03-28 03:58:29.608386,1
3905,anita,Have a nice day,joy,positive,0.19,0,15,YouTube,2026-03-28 03:59:29.608386,0
3906,arjun,You are so stupid,anger,negative,0.99,3,17,Instagram,2026-03-28 04:00:29.608386,1
3907,meena,Keep going,joy,positive,0.02,0,10,YouTube,2026-03-28 04:01:29.608386,0
3908,sara,Well done,neutral,positive,0.06,0,9,Twitter,2026-03-28 04:02:29.608386,0
3909,sara,Well done,neutral,neutral,0.1,0,9,Twitter,2026-03-28 04:03:29.608386,0
3910,anita,Well done,neutral,positive,0.22,0,9,Twitter,2026-03-28 04:04:29.608386,0
3911,rahul,That's amazing,neutral,neutral,0.14,0,14,Twitter,2026-03-28 04:05:29.608386,0
3912,rahul,Great work!,neutral,positive,0.17,0,11,Twitter,2026-03-28 04:06:29.608386,0
3913,sara,Have a nice day,joy,neutral,0.3,0,15,YouTube,2026-03-28 04:07:29.608386,0
3914,vikram,That's amazing,joy,neutral,0.21,0,14,YouTube,2026-03-28 04:08:29.608386,0
3915,vikram,Good effort,neutral,positive,0.03,0,11,Instagram,2026-03-28 04:09:29.608386,0
3916,anita,Keep going,joy,positive,0.25,0,10,Twitter,2026-03-28 04:10:29.608386,0
3917,meena,You are a loser,anger,negative,0.96,1,15,Twitter,2026-03-28 04:11:29.608386,1
3918,arjun,Shut up you fool,anger,negative,0.92,2,16,Instagram,2026-03-28 04:12:29.608386,1
3919,rahul,Shut up you fool,anger,negative,0.87,2,16,Twitter,2026-03-28 04:13:29.608386,1
3920,rahul,Go away idiot,anger,negative,0.97,3,13,Instagram,2026-03-28 04:14:29.608386,1
3921,anita,Great work!,neutral,neutral,0.29,0,11,Twitter,2026-03-28 04:15:29.608386,0
3922,rahul,Nobody likes you,anger,negative,0.74,1,16,YouTube,2026-03-28 04:16:29.608386,1
3923,anita,Keep going,neutral,positive,0.17,0,10,YouTube,2026-03-28 04:17:29.608386,0
3924,john,Have a nice day,joy,neutral,0.26,0,15,Twitter,2026-03-28 04:18:29.608386,0
3925,priya,Go away idiot,anger,negative,0.97,2,13,Twitter,2026-03-28 04:19:29.608386,1
3926,anita,That's amazing,neutral,neutral,0.26,0,14,Instagram,2026-03-28 04:20:29.608386,0
3927,sara,Have a nice day,joy,neutral,0.29,0,15,Twitter,2026-03-28 04:21:29.608386,0
3928,sara,Great work!,joy,neutral,0.07,0,11,Twitter,2026-03-28 04:22:29.608386,0
3929,priya,You are so stupid,anger,negative,0.71,3,17,Twitter,2026-03-28 04:23:29.608386,1
3930,priya,You are so stupid,anger,negative,0.74,3,17,YouTube,2026-03-28 04:24:29.608386,1
3931,arjun,You are useless,anger,negative,0.8,3,15,YouTube,2026-03-28 04:25:29.608386,1
3932,anita,You are useless,anger,negative,0.83,2,15,YouTube,2026-03-28 04:26:29.608386,1
3933,priya,You are useless,anger,negative,0.73,1,15,Twitter,2026-03-28 04:27:29.608386,1
3934,priya,Keep going,joy,neutral,0.08,0,10,YouTube,2026-03-28 04:28:29.608386,0
3935,john,Nobody likes you,anger,negative,0.88,3,16,YouTube,2026-03-28 04:29:29.608386,1
3936,meena,You are so stupid,anger,negative,0.77,2,17,Instagram,2026-03-28 04:30:29.608386,1
3937,vikram,Great work!,neutral,neutral,0.15,0,11,YouTube,2026-03-28 04:31:29.608386,0
3938,priya,Keep going,neutral,neutral,0.18,0,10,Twitter,2026-03-28 04:32:29.608386,0
3939,arjun,Good effort,joy,neutral,0.29,0,11,YouTube,2026-03-28 04:33:29.608386,0
3940,sara,Go away idiot,anger,negative,0.99,1,13,Instagram,2026-03-28 04:34:29.608386,1
3941,priya,You are useless,anger,negative,0.89,2,15,Twitter,2026-03-28 04:35:29.608386,1
3942,arjun,Nobody likes you,anger,negative,0.82,3,16,Twitter,2026-03-28 04:36:29.608386,1
3943,arjun,You are useless,anger,negative,0.96,1,15,Instagram,2026-03-28 04:37:29.608386,1
3944,anita,Nobody likes you,anger,negative,0.97,2,16,Instagram,2026-03-28 04:38:29.608386,1
3945,john,Have a nice day,joy,positive,0.11,0,15,Instagram,2026-03-28 04:39:29.608386,0
3946,sara,You are useless,anger,negative,0.9,3,15,Instagram,2026-03-28 04:40:29.608386,1
3947,arjun,Great work!,joy,positive,0.29,0,11,YouTube,2026-03-28 04:41:29.608386,0
3948,meena,That's amazing,joy,neutral,0.22,0,14,Instagram,2026-03-28 04:42:29.608386,0
3949,john,Have a nice day,neutral,neutral,0.09,0,15,Instagram,2026-03-28 04:43:29.608386,0
3950,meena,That's amazing,neutral,neutral,0.2,0,14,Twitter,2026-03-28 04:44:29.608386,0
3951,john,That's amazing,joy,positive,0.04,0,14,Twitter,2026-03-28 04:45:29.608386,0
3952,meena,Go away idiot,anger,negative,0.99,1,13,Twitter,2026-03-28 04:46:29.608386,1
3953,anita,Go away idiot,anger,negative,0.75,2,13,YouTube,2026-03-28 04:47:29.608386,1
3954,rahul,Go away idiot,anger,negative,0.88,1,13,YouTube,2026-03-28 04:48:29.608386,1
3955,arjun,Good effort,neutral,neutral,0.16,0,11,Twitter,2026-03-28 04:49:29.608386,0
3956,vikram,That's amazing,joy,positive,0.29,0,14,Instagram,2026-03-28 04:50:29.608386,0
3957,vikram,Nobody likes you,anger,negative,0.88,1,16,Instagram,2026-03-28 04:51:29.608386,1
3958,john,Great work!,neutral,neutral,0.11,0,11,Twitter,2026-03-28 04:52:29.608386,0
3959,sara,Nobody likes you,anger,negative,0.73,3,16,Instagram,2026-03-28 04:53:29.608386,1
3960,anita,Shut up you fool,anger,negative,0.95,2,16,YouTube,2026-03-28 04:54:29.608386,1
3961,arjun,Go away idiot,anger,negative,0.74,1,13,YouTube,2026-03-28 04:55:29.608386,1
3962,rahul,Have a nice day,neutral,positive,0.1,0,15,Twitter,2026-03-28 04:56:29.608386,0
3963,anita,Shut up you fool,anger,negative,0.9,3,16,Instagram,2026-03-28 04:57:29.608386,1
3964,sara,Shut up you fool,anger,negative,0.78,3,16,Instagram,2026-03-28 04:58:29.608386,1
3965,anita,Good effort,joy,positive,0.27,0,11,YouTube,2026-03-28 04:59:29.608386,0
3966,sara,Keep going,neutral,neutral,0.21,0,10,Instagram,2026-03-28 05:00:29.608386,0
3967,rahul,You are so stupid,anger,negative,0.99,2,17,Twitter,2026-03-28 05:01:29.608386,1
3968,sara,Keep going,joy,neutral,0.16,0,10,Twitter,2026-03-28 05:02:29.608386,0
3969,arjun,Good effort,joy,neutral,0.22,0,11,Instagram,2026-03-28 05:03:29.608386,0
3970,anita,Shut up you fool,anger,negative,0.73,3,16,Instagram,2026-03-28 05:04:29.608386,1
3971,anita,Nobody likes you,anger,negative,0.89,3,16,YouTube,2026-03-28 05:05:29.608386,1
3972,arjun,Keep going,neutral,neutral,0.09,0,10,YouTube,2026-03-28 05:06:29.608386,0
3973,priya,Nobody likes you,anger,negative,0.96,2,16,Instagram,2026-03-28 05:07:29.608386,1
3974,john,You are so stupid,anger,negative,0.96,3,17,Instagram,2026-03-28 05:08:29.608386,1
3975,anita,That's amazing,neutral,neutral,0.06,0,14,Twitter,2026-03-28 05:09:29.608386,0
3976,sara,Shut up you fool,anger,negative,0.83,1,16,Twitter,2026-03-28 05:10:29.608386,1
3977,sara,Shut up you fool,anger,negative,0.99,3,16,Instagram,2026-03-28 05:11:29.608386,1
3978,sara,Shut up you fool,anger,negative,1.0,3,16,Twitter,2026-03-28 05:12:29.608386,1
3979,anita,Have a nice day,neutral,positive,0.05,0,15,Instagram,2026-03-28 05:13:29.608386,0
3980,arjun,You are so stupid,anger,negative,0.72,2,17,YouTube,2026-03-28 05:14:29.608386,1
3981,priya,Have a nice day,neutral,positive,0.19,0,15,Twitter,2026-03-28 05:15:29.608386,0
3982,anita,Go away idiot,anger,negative,0.74,3,13,Instagram,2026-03-28 05:16:29.608386,1
3983,meena,That's amazing,joy,neutral,0.09,0,14,YouTube,2026-03-28 05:17:29.608386,0
3984,vikram,Go away idiot,anger,negative,0.74,3,13,Twitter,2026-03-28 05:18:29.608386,1
3985,meena,Good effort,neutral,neutral,0.13,0,11,YouTube,2026-03-28 05:19:29.608386,0
3986,sara,Shut up you fool,anger,negative,0.93,3,16,Instagram,2026-03-28 05:20:29.608386,1
3987,arjun,That's amazing,neutral,positive,0.02,0,14,YouTube,2026-03-28 05:21:29.608386,0
3988,john,Have a nice day,neutral,positive,0.29,0,15,Twitter,2026-03-28 05:22:29.608386,0
3989,arjun,Great work!,neutral,neutral,0.03,0,11,YouTube,2026-03-28 05:23:29.608386,0
3990,john,You are a loser,anger,negative,0.9,3,15,YouTube,2026-03-28 05:24:29.608386,1
3991,anita,Great work!,neutral,neutral,0.23,0,11,YouTube,2026-03-28 05:25:29.608386,0
3992,arjun,Have a nice day,joy,positive,0.25,0,15,Instagram,2026-03-28 05:26:29.608386,0
3993,vikram,Good effort,neutral,positive,0.01,0,11,Instagram,2026-03-28 05:27:29.608386,0
3994,meena,Shut up you fool,anger,negative,0.82,1,16,Twitter,2026-03-28 05:28:29.608386,1
3995,arjun,You are so stupid,anger,negative,0.78,3,17,Instagram,2026-03-28 05:29:29.608386,1
3996,john,Great work!,neutral,neutral,0.01,0,11,Twitter,2026-03-28 05:30:29.608386,0
3997,rahul,You are useless,anger,negative,0.72,2,15,YouTube,2026-03-28 05:31:29.608386,1
3998,meena,You are a loser,anger,negative,0.78,3,15,YouTube,2026-03-28 05:32:29.608386,1
3999,rahul,Good effort,neutral,neutral,0.02,0,11,Instagram,2026-03-28 05:33:29.608386,0
4000,priya,Nobody likes you,anger,negative,0.92,1,16,Instagram,2026-03-28 05:34:29.608386,1
4001,anita,Well done,neutral,positive,0.14,0,9,YouTube,2026-03-28 05:35:29.608386,0
4002,vikram,Have a nice day,neutral,neutral,0.27,0,15,Instagram,2026-03-28 05:36:29.608386,0
4003,meena,Well done,joy,positive,0.12,0,9,Instagram,2026-03-28 05:37:29.608386,0
4004,vikram,Well done,neutral,neutral,0.28,0,9,YouTube,2026-03-28 05:38:29.608386,0
4005,sara,Have a nice day,joy,positive,0.18,0,15,YouTube,2026-03-28 05:39:29.608386,0
4006,vikram,Good effort,neutral,neutral,0.21,0,11,YouTube,2026-03-28 05:40:29.608386,0
4007,anita,Well done,joy,neutral,0.28,0,9,YouTube,2026-03-28 05:41:29.608386,0
4008,vikram,Great work!,joy,neutral,0.07,0,11,Twitter,2026-03-28 05:42:29.608386,0
4009,sara,Nobody likes you,anger,negative,0.71,2,16,YouTube,2026-03-28 05:43:29.608386,1
4010,priya,Great work!,neutral,neutral,0.15,0,11,Instagram,2026-03-28 05:44:29.608386,0
4011,rahul,That's amazing,joy,neutral,0.22,0,14,Twitter,2026-03-28 05:45:29.608386,0
4012,rahul,Go away idiot,anger,negative,0.87,2,13,YouTube,2026-03-28 05:46:29.608386,1
4013,priya,Go away idiot,anger,negative,0.84,1,13,YouTube,2026-03-28 05:47:29.608386,1
4014,rahul,You are a loser,anger,negative,0.8,2,15,YouTube,2026-03-28 05:48:29.608386,1
4015,arjun,Go away idiot,anger,negative,0.71,3,13,YouTube,2026-03-28 05:49:29.608386,1
4016,vikram,Go away idiot,anger,negative,0.72,3,13,Twitter,2026-03-28 05:50:29.608386,1
4017,vikram,Keep going,neutral,neutral,0.08,0,10,Instagram,2026-03-28 05:51:29.608386,0
4018,meena,Keep going,joy,neutral,0.15,0,10,Instagram,2026-03-28 05:52:29.608386,0
4019,sara,Good effort,joy,positive,0.21,0,11,Instagram,2026-03-28 05:53:29.608386,0
4020,vikram,Keep going,neutral,neutral,0.2,0,10,Instagram,2026-03-28 05:54:29.608386,0
4021,meena,Shut up you fool,anger,negative,0.8,2,16,Twitter,2026-03-28 05:55:29.608386,1
4022,arjun,Well done,joy,neutral,0.06,0,9,YouTube,2026-03-28 05:56:29.608386,0
4023,john,Good effort,joy,neutral,0.2,0,11,Twitter,2026-03-28 05:57:29.608386,0
4024,arjun,You are so stupid,anger,negative,0.73,3,17,YouTube,2026-03-28 05:58:29.608386,1
4025,sara,Keep going,joy,neutral,0.15,0,10,YouTube,2026-03-28 05:59:29.608386,0
4026,priya,Good effort,joy,positive,0.04,0,11,YouTube,2026-03-28 06:00:29.608386,0
4027,priya,You are useless,anger,negative,0.88,3,15,Instagram,2026-03-28 06:01:29.608386,1
4028,arjun,Go away idiot,anger,negative,0.72,1,13,Twitter,2026-03-28 06:02:29.608386,1
4029,john,Go away idiot,anger,negative,0.84,1,13,Instagram,2026-03-28 06:03:29.608386,1
4030,rahul,That's amazing,neutral,positive,0.29,0,14,Twitter,2026-03-28 06:04:29.608386,0
4031,priya,Well done,neutral,neutral,0.21,0,9,YouTube,2026-03-28 06:05:29.608386,0
4032,anita,Have a nice day,joy,positive,0.05,0,15,YouTube,2026-03-28 06:06:29.608386,0
4033,vikram,You are so stupid,anger,negative,0.8,1,17,Instagram,2026-03-28 06:07:29.608386,1
4034,sara,Great work!,joy,positive,0.11,0,11,Instagram,2026-03-28 06:08:29.608386,0
4035,sara,You are so stupid,anger,negative,0.83,2,17,Twitter,2026-03-28 06:09:29.608386,1
4036,rahul,You are useless,anger,negative,0.83,3,15,Instagram,2026-03-28 06:10:29.608386,1
4037,priya,Good effort,neutral,positive,0.22,0,11,Twitter,2026-03-28 06:11:29.608386,0
4038,rahul,You are a loser,anger,negative,0.71,3,15,YouTube,2026-03-28 06:12:29.608386,1
4039,john,You are so stupid,anger,negative,0.85,2,17,YouTube,2026-03-28 06:13:29.608386,1
4040,vikram,You are a loser,anger,negative,0.73,2,15,Instagram,2026-03-28 06:14:29.608386,1
4041,meena,Nobody likes you,anger,negative,0.86,2,16,YouTube,2026-03-28 06:15:29.608386,1
4042,priya,Well done,neutral,positive,0.05,0,9,YouTube,2026-03-28 06:16:29.608386,0
4043,sara,Good effort,joy,positive,0.18,0,11,YouTube,2026-03-28 06:17:29.608386,0
4044,vikram,Nobody likes you,anger,negative,0.93,1,16,Twitter,2026-03-28 06:18:29.608386,1
4045,priya,Have a nice day,joy,positive,0.15,0,15,Instagram,2026-03-28 06:19:29.608386,0
4046,arjun,Shut up you fool,anger,negative,0.96,1,16,YouTube,2026-03-28 06:20:29.608386,1
4047,sara,Nobody likes you,anger,negative,0.7,1,16,Twitter,2026-03-28 06:21:29.608386,1
4048,priya,Go away idiot,anger,negative,0.84,3,13,YouTube,2026-03-28 06:22:29.608386,1
4049,arjun,Nobody likes you,anger,negative,0.99,1,16,Twitter,2026-03-28 06:23:29.608386,1
4050,rahul,Shut up you fool,anger,negative,0.92,2,16,YouTube,2026-03-28 06:24:29.608386,1
4051,arjun,You are useless,anger,negative,1.0,1,15,Twitter,2026-03-28 06:25:29.608386,1
4052,meena,Good effort,neutral,positive,0.13,0,11,Twitter,2026-03-28 06:26:29.608386,0
4053,sara,That's amazing,neutral,positive,0.01,0,14,YouTube,2026-03-28 06:27:29.608386,0
4054,priya,Nobody likes you,anger,negative,0.7,3,16,Twitter,2026-03-28 06:28:29.608386,1
4055,rahul,Shut up you fool,anger,negative,0.76,3,16,Twitter,2026-03-28 06:29:29.608386,1
4056,rahul,You are a loser,anger,negative,0.94,1,15,Instagram,2026-03-28 06:30:29.608386,1
4057,arjun,Nobody likes you,anger,negative,0.85,1,16,Twitter,2026-03-28 06:31:29.608386,1
4058,priya,Great work!,neutral,positive,0.17,0,11,Instagram,2026-03-28 06:32:29.608386,0
4059,vikram,Go away idiot,anger,negative,0.75,3,13,YouTube,2026-03-28 06:33:29.608386,1
4060,arjun,Nobody likes you,anger,negative,0.73,3,16,Twitter,2026-03-28 06:34:29.608386,1
4061,priya,You are so stupid,anger,negative,0.75,3,17,YouTube,2026-03-28 06:35:29.608386,1
4062,john,You are useless,anger,negative,0.85,1,15,Twitter,2026-03-28 06:36:29.608386,1
4063,anita,Keep going,joy,positive,0.24,0,10,YouTube,2026-03-28 06:37:29.608386,0
4064,meena,You are useless,anger,negative,0.82,3,15,Instagram,2026-03-28 06:38:29.608386,1
4065,meena,Have a nice day,neutral,positive,0.09,0,15,Twitter,2026-03-28 06:39:29.608386,0
4066,john,Go away idiot,anger,negative,0.73,2,13,Instagram,2026-03-28 06:40:29.608386,1
4067,priya,Great work!,neutral,neutral,0.23,0,11,YouTube,2026-03-28 06:41:29.608386,0
4068,sara,You are a loser,anger,negative,0.83,2,15,Instagram,2026-03-28 06:42:29.608386,1
4069,priya,Well done,neutral,positive,0.25,0,9,Twitter,2026-03-28 06:43:29.608386,0
4070,priya,You are so stupid,anger,negative,0.85,2,17,YouTube,2026-03-28 06:44:29.608386,1
4071,sara,Nobody likes you,anger,negative,0.92,2,16,Twitter,2026-03-28 06:45:29.608386,1
4072,anita,You are a loser,anger,negative,0.79,2,15,Twitter,2026-03-28 06:46:29.608386,1
4073,sara,Keep going,neutral,positive,0.28,0,10,YouTube,2026-03-28 06:47:29.608386,0
4074,vikram,Shut up you fool,anger,negative,0.82,2,16,YouTube,2026-03-28 06:48:29.608386,1
4075,sara,Nobody likes you,anger,negative,0.78,1,16,YouTube,2026-03-28 06:49:29.608386,1
4076,priya,Nobody likes you,anger,negative,0.97,1,16,YouTube,2026-03-28 06:50:29.608386,1
4077,arjun,Keep going,neutral,neutral,0.18,0,10,YouTube,2026-03-28 06:51:29.608386,0
4078,sara,Keep going,neutral,neutral,0.14,0,10,Instagram,2026-03-28 06:52:29.608386,0
4079,rahul,Great work!,joy,positive,0.16,0,11,Twitter,2026-03-28 06:53:29.608386,0
4080,meena,Great work!,joy,positive,0.24,0,11,Instagram,2026-03-28 06:54:29.608386,0
4081,anita,You are useless,anger,negative,0.79,2,15,Twitter,2026-03-28 06:55:29.608386,1
4082,rahul,You are a loser,anger,negative,0.83,1,15,Instagram,2026-03-28 06:56:29.608386,1
4083,anita,Great work!,neutral,neutral,0.05,0,11,Instagram,2026-03-28 06:57:29.608386,0
4084,arjun,You are a loser,anger,negative,0.92,2,15,Twitter,2026-03-28 06:58:29.608386,1
4085,john,Great work!,neutral,neutral,0.14,0,11,YouTube,2026-03-28 06:59:29.608386,0
4086,anita,You are so stupid,anger,negative,0.98,2,17,YouTube,2026-03-28 07:00:29.608386,1
4087,rahul,Keep going,joy,positive,0.08,0,10,Twitter,2026-03-28 07:01:29.608386,0
4088,sara,That's amazing,joy,positive,0.09,0,14,Twitter,2026-03-28 07:02:29.608386,0
4089,john,Go away idiot,anger,negative,0.83,2,13,Twitter,2026-03-28 07:03:29.608386,1
4090,sara,Nobody likes you,anger,negative,0.79,3,16,Instagram,2026-03-28 07:04:29.608386,1
4091,rahul,Keep going,neutral,neutral,0.26,0,10,Instagram,2026-03-28 07:05:29.608386,0
4092,anita,Go away idiot,anger,negative,0.87,3,13,Instagram,2026-03-28 07:06:29.608386,1
4093,vikram,Nobody likes you,anger,negative,0.8,1,16,Instagram,2026-03-28 07:07:29.608386,1
4094,rahul,Great work!,joy,positive,0.03,0,11,Instagram,2026-03-28 07:08:29.608386,0
4095,anita,Have a nice day,neutral,positive,0.16,0,15,Twitter,2026-03-28 07:09:29.608386,0
4096,arjun,Keep going,joy,neutral,0.2,0,10,Twitter,2026-03-28 07:10:29.608386,0
4097,sara,Great work!,neutral,neutral,0.23,0,11,YouTube,2026-03-28 07:11:29.608386,0
4098,meena,Go away idiot,anger,negative,0.81,2,13,YouTube,2026-03-28 07:12:29.608386,1
4099,arjun,Nobody likes you,anger,negative,0.77,3,16,Instagram,2026-03-28 07:13:29.608386,1
4100,john,You are useless,anger,negative,0.86,2,15,Instagram,2026-03-28 07:14:29.608386,1
4101,anita,You are a loser,anger,negative,0.78,2,15,Instagram,2026-03-28 07:15:29.608386,1
4102,john,That's amazing,joy,neutral,0.13,0,14,YouTube,2026-03-28 07:16:29.608386,0
4103,priya,Have a nice day,joy,positive,0.21,0,15,YouTube,2026-03-28 07:17:29.608386,0
4104,rahul,You are useless,anger,negative,0.85,2,15,Twitter,2026-03-28 07:18:29.608386,1
4105,arjun,Nobody likes you,anger,negative,0.9,1,16,YouTube,2026-03-28 07:19:29.608386,1
4106,meena,Nobody likes you,anger,negative,0.91,3,16,YouTube,2026-03-28 07:20:29.608386,1
4107,meena,You are useless,anger,negative,0.79,2,15,YouTube,2026-03-28 07:21:29.608386,1
4108,arjun,Good effort,neutral,neutral,0.16,0,11,Instagram,2026-03-28 07:22:29.608386,0
4109,priya,Well done,neutral,positive,0.02,0,9,Instagram,2026-03-28 07:23:29.608386,0
4110,anita,Keep going,joy,neutral,0.01,0,10,YouTube,2026-03-28 07:24:29.608386,0
4111,anita,That's amazing,joy,neutral,0.23,0,14,YouTube,2026-03-28 07:25:29.608386,0
4112,anita,Nobody likes you,anger,negative,0.83,3,16,Twitter,2026-03-28 07:26:29.608386,1
4113,meena,Great work!,joy,positive,0.13,0,11,Twitter,2026-03-28 07:27:29.608386,0
4114,arjun,Great work!,neutral,neutral,0.07,0,11,Instagram,2026-03-28 07:28:29.608386,0
4115,sara,That's amazing,joy,positive,0.07,0,14,YouTube,2026-03-28 07:29:29.608386,0
4116,vikram,Well done,joy,neutral,0.22,0,9,Twitter,2026-03-28 07:30:29.608386,0
4117,meena,Shut up you fool,anger,negative,0.79,1,16,Twitter,2026-03-28 07:31:29.608386,1
4118,meena,That's amazing,joy,positive,0.2,0,14,YouTube,2026-03-28 07:32:29.608386,0
4119,vikram,Nobody likes you,anger,negative,0.87,3,16,Twitter,2026-03-28 07:33:29.608386,1
4120,arjun,Have a nice day,neutral,neutral,0.27,0,15,Twitter,2026-03-28 07:34:29.608386,0
4121,vikram,Good effort,neutral,positive,0.08,0,11,Instagram,2026-03-28 07:35:29.608386,0
4122,meena,You are so stupid,anger,negative,0.96,2,17,Twitter,2026-03-28 07:36:29.608386,1
4123,meena,Good effort,joy,positive,0.05,0,11,Instagram,2026-03-28 07:37:29.608386,0
4124,sara,Great work!,neutral,neutral,0.17,0,11,Twitter,2026-03-28 07:38:29.608386,0
4125,rahul,Nobody likes you,anger,negative,0.81,1,16,YouTube,2026-03-28 07:39:29.608386,1
4126,sara,Nobody likes you,anger,negative,0.87,3,16,Instagram,2026-03-28 07:40:29.608386,1
4127,priya,You are a loser,anger,negative,0.75,1,15,YouTube,2026-03-28 07:41:29.608386,1
4128,john,You are useless,anger,negative,0.93,2,15,YouTube,2026-03-28 07:42:29.608386,1
4129,john,Well done,neutral,positive,0.09,0,9,Instagram,2026-03-28 07:43:29.608386,0
4130,arjun,Keep going,neutral,positive,0.16,0,10,Instagram,2026-03-28 07:44:29.608386,0
4131,rahul,Great work!,joy,positive,0.17,0,11,Twitter,2026-03-28 07:45:29.608386,0
4132,arjun,Well done,neutral,neutral,0.28,0,9,Instagram,2026-03-28 07:46:29.608386,0
4133,meena,Have a nice day,joy,neutral,0.07,0,15,Twitter,2026-03-28 07:47:29.608386,0
4134,meena,Great work!,neutral,positive,0.04,0,11,Instagram,2026-03-28 07:48:29.608386,0
4135,meena,Shut up you fool,anger,negative,0.82,2,16,YouTube,2026-03-28 07:49:29.608386,1
4136,sara,Go away idiot,anger,negative,0.98,3,13,Instagram,2026-03-28 07:50:29.608386,1
4137,rahul,That's amazing,neutral,neutral,0.28,0,14,Twitter,2026-03-28 07:51:29.608386,0
4138,priya,Well done,joy,neutral,0.16,0,9,Twitter,2026-03-28 07:52:29.608386,0
4139,vikram,Good effort,neutral,neutral,0.09,0,11,YouTube,2026-03-28 07:53:29.608386,0
4140,rahul,Well done,joy,neutral,0.21,0,9,Instagram,2026-03-28 07:54:29.608386,0
4141,vikram,Shut up you fool,anger,negative,0.94,2,16,YouTube,2026-03-28 07:55:29.608386,1
4142,sara,Have a nice day,joy,positive,0.02,0,15,YouTube,2026-03-28 07:56:29.608386,0
4143,sara,Shut up you fool,anger,negative,0.92,3,16,Instagram,2026-03-28 07:57:29.608386,1
4144,anita,Go away idiot,anger,negative,0.91,3,13,Instagram,2026-03-28 07:58:29.608386,1
4145,sara,Have a nice day,joy,neutral,0.06,0,15,Instagram,2026-03-28 07:59:29.608386,0
4146,sara,Go away idiot,anger,negative,0.97,3,13,YouTube,2026-03-28 08:00:29.608386,1
4147,vikram,You are useless,anger,negative,0.76,3,15,Instagram,2026-03-28 08:01:29.608386,1
4148,john,Keep going,joy,positive,0.18,0,10,YouTube,2026-03-28 08:02:29.608386,0
4149,priya,Shut up you fool,anger,negative,0.94,1,16,Twitter,2026-03-28 08:03:29.608386,1
4150,rahul,Go away idiot,anger,negative,0.79,3,13,Twitter,2026-03-28 08:04:29.608386,1
4151,rahul,Good effort,neutral,positive,0.14,0,11,Instagram,2026-03-28 08:05:29.608386,0
4152,rahul,Have a nice day,neutral,neutral,0.26,0,15,YouTube,2026-03-28 08:06:29.608386,0
4153,anita,Shut up you fool,anger,negative,0.85,3,16,Instagram,2026-03-28 08:07:29.608386,1
4154,vikram,That's amazing,neutral,positive,0.23,0,14,Instagram,2026-03-28 08:08:29.608386,0
4155,sara,You are a loser,anger,negative,0.8,2,15,Instagram,2026-03-28 08:09:29.608386,1
4156,anita,Great work!,neutral,neutral,0.2,0,11,YouTube,2026-03-28 08:10:29.608386,0
4157,meena,You are useless,anger,negative,0.71,1,15,Twitter,2026-03-28 08:11:29.608386,1
4158,anita,Well done,neutral,neutral,0.01,0,9,YouTube,2026-03-28 08:12:29.608386,0
4159,arjun,Keep going,neutral,positive,0.18,0,10,Instagram,2026-03-28 08:13:29.608386,0
4160,vikram,That's amazing,joy,positive,0.14,0,14,YouTube,2026-03-28 08:14:29.608386,0
4161,priya,Go away idiot,anger,negative,0.87,3,13,Twitter,2026-03-28 08:15:29.608386,1
4162,arjun,Shut up you fool,anger,negative,0.87,3,16,Twitter,2026-03-28 08:16:29.608386,1
4163,anita,Shut up you fool,anger,negative,0.71,3,16,Twitter,2026-03-28 08:17:29.608386,1
4164,priya,That's amazing,joy,neutral,0.19,0,14,Twitter,2026-03-28 08:18:29.608386,0
4165,priya,Well done,neutral,positive,0.23,0,9,Instagram,2026-03-28 08:19:29.608386,0
4166,john,Nobody likes you,anger,negative,0.74,3,16,Instagram,2026-03-28 08:20:29.608386,1
4167,arjun,Have a nice day,neutral,positive,0.18,0,15,YouTube,2026-03-28 08:21:29.608386,0
4168,vikram,Keep going,neutral,positive,0.14,0,10,YouTube,2026-03-28 08:22:29.608386,0
4169,anita,Keep going,neutral,positive,0.04,0,10,Instagram,2026-03-28 08:23:29.608386,0
4170,sara,Shut up you fool,anger,negative,0.73,3,16,Instagram,2026-03-28 08:24:29.608386,1
4171,vikram,Good effort,joy,neutral,0.03,0,11,Twitter,2026-03-28 08:25:29.608386,0
4172,sara,Shut up you fool,anger,negative,0.83,1,16,Instagram,2026-03-28 08:26:29.608386,1
4173,john,That's amazing,neutral,positive,0.07,0,14,YouTube,2026-03-28 08:27:29.608386,0
4174,sara,Have a nice day,neutral,neutral,0.07,0,15,Instagram,2026-03-28 08:28:29.608386,0
4175,priya,You are useless,anger,negative,0.78,1,15,YouTube,2026-03-28 08:29:29.608386,1
4176,rahul,Great work!,neutral,neutral,0.02,0,11,YouTube,2026-03-28 08:30:29.608386,0
4177,meena,Good effort,joy,positive,0.22,0,11,Instagram,2026-03-28 08:31:29.608386,0
4178,anita,Keep going,joy,positive,0.19,0,10,YouTube,2026-03-28 08:32:29.608386,0
4179,arjun,Have a nice day,joy,neutral,0.04,0,15,Instagram,2026-03-28 08:33:29.608386,0
4180,vikram,You are so stupid,anger,negative,0.9,3,17,YouTube,2026-03-28 08:34:29.608386,1
4181,sara,That's amazing,neutral,positive,0.06,0,14,Twitter,2026-03-28 08:35:29.608386,0
4182,meena,Keep going,neutral,neutral,0.26,0,10,Twitter,2026-03-28 08:36:29.608386,0
4183,sara,That's amazing,joy,positive,0.21,0,14,Instagram,2026-03-28 08:37:29.608386,0
4184,john,That's amazing,neutral,positive,0.02,0,14,Instagram,2026-03-28 08:38:29.608386,0
4185,sara,Keep going,neutral,neutral,0.07,0,10,Instagram,2026-03-28 08:39:29.608386,0
4186,sara,Well done,joy,neutral,0.27,0,9,Instagram,2026-03-28 08:40:29.608386,0
4187,john,Great work!,joy,neutral,0.18,0,11,Instagram,2026-03-28 08:41:29.608386,0
4188,anita,That's amazing,joy,neutral,0.1,0,14,Twitter,2026-03-28 08:42:29.608386,0
4189,anita,You are useless,anger,negative,0.73,2,15,YouTube,2026-03-28 08:43:29.608386,1
4190,rahul,Go away idiot,anger,negative,0.84,3,13,Twitter,2026-03-28 08:44:29.608386,1
4191,meena,Shut up you fool,anger,negative,0.71,1,16,Instagram,2026-03-28 08:45:29.608386,1
4192,sara,Have a nice day,neutral,positive,0.18,0,15,Instagram,2026-03-28 08:46:29.608386,0
4193,vikram,Go away idiot,anger,negative,0.89,2,13,YouTube,2026-03-28 08:47:29.608386,1
4194,sara,Nobody likes you,anger,negative,0.84,1,16,Twitter,2026-03-28 08:48:29.608386,1
4195,arjun,Shut up you fool,anger,negative,0.77,1,16,Twitter,2026-03-28 08:49:29.608386,1
4196,rahul,You are a loser,anger,negative,0.73,2,15,Twitter,2026-03-28 08:50:29.608386,1
4197,anita,You are a loser,anger,negative,0.7,2,15,Twitter,2026-03-28 08:51:29.608386,1
4198,rahul,You are a loser,anger,negative,0.99,1,15,Twitter,2026-03-28 08:52:29.608386,1
4199,priya,You are useless,anger,negative,0.75,1,15,Instagram,2026-03-28 08:53:29.608386,1
4200,anita,Shut up you fool,anger,negative,0.77,3,16,Twitter,2026-03-28 08:54:29.608386,1
4201,meena,Well done,joy,neutral,0.17,0,9,YouTube,2026-03-28 08:55:29.608386,0
4202,meena,Nobody likes you,anger,negative,0.84,3,16,YouTube,2026-03-28 08:56:29.608386,1
4203,sara,You are a loser,anger,negative,0.96,2,15,Instagram,2026-03-28 08:57:29.608386,1
4204,anita,Go away idiot,anger,negative,0.97,1,13,YouTube,2026-03-28 08:58:29.608386,1
4205,arjun,You are so stupid,anger,negative,0.89,1,17,Instagram,2026-03-28 08:59:29.608386,1
4206,sara,Go away idiot,anger,negative,0.99,1,13,Twitter,2026-03-28 09:00:29.608386,1
4207,priya,Shut up you fool,anger,negative,0.77,3,16,Instagram,2026-03-28 09:01:29.608386,1
4208,arjun,Good effort,neutral,positive,0.16,0,11,YouTube,2026-03-28 09:02:29.608386,0
4209,arjun,You are so stupid,anger,negative,0.76,1,17,YouTube,2026-03-28 09:03:29.608386,1
4210,anita,Good effort,neutral,neutral,0.19,0,11,Twitter,2026-03-28 09:04:29.608386,0
4211,rahul,Good effort,neutral,positive,0.08,0,11,Twitter,2026-03-28 09:05:29.608386,0
4212,priya,Go away idiot,anger,negative,0.82,3,13,Twitter,2026-03-28 09:06:29.608386,1
4213,priya,Well done,neutral,neutral,0.04,0,9,Instagram,2026-03-28 09:07:29.608386,0
4214,anita,Good effort,joy,neutral,0.06,0,11,Instagram,2026-03-28 09:08:29.608386,0
4215,vikram,You are useless,anger,negative,0.94,3,15,Instagram,2026-03-28 09:09:29.608386,1
4216,priya,Good effort,joy,positive,0.06,0,11,Twitter,2026-03-28 09:10:29.608386,0
4217,john,Good effort,joy,neutral,0.23,0,11,Instagram,2026-03-28 09:11:29.608386,0
4218,arjun,Go away idiot,anger,negative,0.93,3,13,YouTube,2026-03-28 09:12:29.608386,1
4219,john,Go away idiot,anger,negative,0.97,2,13,Instagram,2026-03-28 09:13:29.608386,1
4220,anita,Great work!,joy,neutral,0.3,0,11,Instagram,2026-03-28 09:14:29.608386,0
4221,anita,You are so stupid,anger,negative,0.8,3,17,YouTube,2026-03-28 09:15:29.608386,1
4222,rahul,That's amazing,joy,neutral,0.15,0,14,Instagram,2026-03-28 09:16:29.608386,0
4223,anita,You are a loser,anger,negative,0.72,1,15,Twitter,2026-03-28 09:17:29.608386,1
4224,rahul,Nobody likes you,anger,negative,0.84,2,16,Instagram,2026-03-28 09:18:29.608386,1
4225,meena,You are so stupid,anger,negative,0.8,2,17,Instagram,2026-03-28 09:19:29.608386,1
4226,anita,You are so stupid,anger,negative,0.84,1,17,Instagram,2026-03-28 09:20:29.608386,1
4227,meena,You are a loser,anger,negative,0.71,3,15,YouTube,2026-03-28 09:21:29.608386,1
4228,vikram,Good effort,neutral,positive,0.26,0,11,Instagram,2026-03-28 09:22:29.608386,0
4229,sara,Have a nice day,neutral,neutral,0.08,0,15,Twitter,2026-03-28 09:23:29.608386,0
4230,anita,That's amazing,joy,neutral,0.16,0,14,YouTube,2026-03-28 09:24:29.608386,0
4231,arjun,Have a nice day,neutral,positive,0.24,0,15,Instagram,2026-03-28 09:25:29.608386,0
4232,john,You are useless,anger,negative,0.78,3,15,Twitter,2026-03-28 09:26:29.608386,1
4233,sara,Nobody likes you,anger,negative,0.95,2,16,Instagram,2026-03-28 09:27:29.608386,1
4234,vikram,Go away idiot,anger,negative,0.71,1,13,Instagram,2026-03-28 09:28:29.608386,1
4235,vikram,That's amazing,joy,positive,0.16,0,14,Instagram,2026-03-28 09:29:29.608386,0
4236,meena,Nobody likes you,anger,negative,0.97,2,16,Twitter,2026-03-28 09:30:29.608386,1
4237,priya,Good effort,joy,positive,0.25,0,11,YouTube,2026-03-28 09:31:29.608386,0
4238,anita,Have a nice day,neutral,positive,0.23,0,15,Instagram,2026-03-28 09:32:29.608386,0
4239,anita,Great work!,joy,positive,0.11,0,11,YouTube,2026-03-28 09:33:29.608386,0
4240,rahul,You are useless,anger,negative,0.81,2,15,Instagram,2026-03-28 09:34:29.608386,1
4241,sara,You are a loser,anger,negative,0.8,1,15,YouTube,2026-03-28 09:35:29.608386,1
4242,john,Good effort,neutral,neutral,0.2,0,11,Instagram,2026-03-28 09:36:29.608386,0
4243,sara,You are so stupid,anger,negative,0.83,3,17,Instagram,2026-03-28 09:37:29.608386,1
4244,vikram,Have a nice day,neutral,neutral,0.28,0,15,Instagram,2026-03-28 09:38:29.608386,0
4245,anita,Nobody likes you,anger,negative,0.98,2,16,Twitter,2026-03-28 09:39:29.608386,1
4246,rahul,Go away idiot,anger,negative,0.83,2,13,Twitter,2026-03-28 09:40:29.608386,1
4247,sara,Good effort,joy,positive,0.29,0,11,Twitter,2026-03-28 09:41:29.608386,0
4248,arjun,Shut up you fool,anger,negative,0.82,1,16,Twitter,2026-03-28 09:42:29.608386,1
4249,anita,Go away idiot,anger,negative,0.91,2,13,Instagram,2026-03-28 09:43:29.608386,1
4250,arjun,Go away idiot,anger,negative,0.74,3,13,Twitter,2026-03-28 09:44:29.608386,1
4251,anita,You are useless,anger,negative,0.74,2,15,YouTube,2026-03-28 09:45:29.608386,1
4252,priya,You are a loser,anger,negative,0.95,3,15,Twitter,2026-03-28 09:46:29.608386,1
4253,vikram,You are useless,anger,negative,0.88,1,15,Twitter,2026-03-28 09:47:29.608386,1
4254,priya,Keep going,joy,neutral,0.13,0,10,Twitter,2026-03-28 09:48:29.608386,0
4255,anita,Nobody likes you,anger,negative,0.74,2,16,Twitter,2026-03-28 09:49:29.608386,1
4256,meena,Good effort,joy,positive,0.28,0,11,Twitter,2026-03-28 09:50:29.608386,0
4257,anita,Have a nice day,joy,positive,0.02,0,15,YouTube,2026-03-28 09:51:29.608386,0
4258,meena,Nobody likes you,anger,negative,0.9,1,16,Twitter,2026-03-28 09:52:29.608386,1
4259,anita,You are a loser,anger,negative,0.99,3,15,Instagram,2026-03-28 09:53:29.608386,1
4260,rahul,Have a nice day,joy,neutral,0.25,0,15,Twitter,2026-03-28 09:54:29.608386,0
4261,vikram,Good effort,neutral,neutral,0.14,0,11,Twitter,2026-03-28 09:55:29.608386,0
4262,vikram,Nobody likes you,anger,negative,0.93,1,16,Instagram,2026-03-28 09:56:29.608386,1
4263,john,That's amazing,neutral,positive,0.14,0,14,YouTube,2026-03-28 09:57:29.608386,0
4264,rahul,That's amazing,neutral,positive,0.23,0,14,Twitter,2026-03-28 09:58:29.608386,0
4265,anita,That's amazing,joy,positive,0.16,0,14,Instagram,2026-03-28 09:59:29.608386,0
4266,priya,Nobody likes you,anger,negative,0.96,3,16,YouTube,2026-03-28 10:00:29.608386,1
4267,vikram,You are so stupid,anger,negative,0.85,3,17,Instagram,2026-03-28 10:01:29.608386,1
4268,john,Good effort,joy,positive,0.07,0,11,YouTube,2026-03-28 10:02:29.608386,0
4269,arjun,Go away idiot,anger,negative,0.78,2,13,Instagram,2026-03-28 10:03:29.608386,1
4270,rahul,You are useless,anger,negative,0.92,3,15,Twitter,2026-03-28 10:04:29.608386,1
4271,vikram,You are so stupid,anger,negative,0.95,1,17,YouTube,2026-03-28 10:05:29.608386,1
4272,arjun,You are so stupid,anger,negative,0.73,1,17,Twitter,2026-03-28 10:06:29.608386,1
4273,meena,Good effort,joy,neutral,0.0,0,11,YouTube,2026-03-28 10:07:29.608386,0
4274,john,Go away idiot,anger,negative,0.9,3,13,Instagram,2026-03-28 10:08:29.608386,1
4275,sara,That's amazing,neutral,positive,0.2,0,14,YouTube,2026-03-28 10:09:29.608386,0
4276,john,You are a loser,anger,negative,0.97,3,15,Instagram,2026-03-28 10:10:29.608386,1
4277,priya,Have a nice day,neutral,neutral,0.03,0,15,YouTube,2026-03-28 10:11:29.608386,0
4278,rahul,Have a nice day,joy,positive,0.22,0,15,YouTube,2026-03-28 10:12:29.608386,0
4279,rahul,Nobody likes you,anger,negative,0.85,1,16,Twitter,2026-03-28 10:13:29.608386,1
4280,john,Good effort,neutral,neutral,0.01,0,11,Instagram,2026-03-28 10:14:29.608386,0
4281,arjun,Great work!,joy,neutral,0.01,0,11,YouTube,2026-03-28 10:15:29.608386,0
4282,meena,That's amazing,joy,neutral,0.2,0,14,YouTube,2026-03-28 10:16:29.608386,0
4283,sara,Have a nice day,joy,neutral,0.03,0,15,Twitter,2026-03-28 10:17:29.608386,0
4284,meena,Have a nice day,joy,positive,0.12,0,15,Instagram,2026-03-28 10:18:29.608386,0
4285,john,You are a loser,anger,negative,0.93,2,15,Twitter,2026-03-28 10:19:29.608386,1
4286,arjun,You are useless,anger,negative,0.87,3,15,Instagram,2026-03-28 10:20:29.608386,1
4287,meena,Shut up you fool,anger,negative,0.97,2,16,Instagram,2026-03-28 10:21:29.608386,1
4288,arjun,Good effort,joy,neutral,0.23,0,11,YouTube,2026-03-28 10:22:29.608386,0
4289,john,Have a nice day,joy,neutral,0.01,0,15,Twitter,2026-03-28 10:23:29.608386,0
4290,meena,You are a loser,anger,negative,0.89,2,15,Instagram,2026-03-28 10:24:29.608386,1
4291,john,Have a nice day,neutral,neutral,0.06,0,15,Twitter,2026-03-28 10:25:29.608386,0
4292,vikram,You are a loser,anger,negative,0.8,2,15,YouTube,2026-03-28 10:26:29.608386,1
4293,sara,You are so stupid,anger,negative,0.86,1,17,YouTube,2026-03-28 10:27:29.608386,1
4294,john,Well done,neutral,positive,0.04,0,9,YouTube,2026-03-28 10:28:29.608386,0
4295,arjun,Go away idiot,anger,negative,0.74,2,13,Twitter,2026-03-28 10:29:29.608386,1
4296,john,Good effort,joy,neutral,0.21,0,11,Twitter,2026-03-28 10:30:29.608386,0
4297,anita,You are a loser,anger,negative,0.73,3,15,Instagram,2026-03-28 10:31:29.608386,1
4298,john,You are so stupid,anger,negative,0.98,2,17,YouTube,2026-03-28 10:32:29.608386,1
4299,arjun,Go away idiot,anger,negative,0.86,1,13,Twitter,2026-03-28 10:33:29.608386,1
4300,arjun,You are useless,anger,negative,0.78,3,15,Twitter,2026-03-28 10:34:29.608386,1
4301,sara,You are a loser,anger,negative,0.88,2,15,Instagram,2026-03-28 10:35:29.608386,1
4302,rahul,You are a loser,anger,negative,0.99,2,15,Instagram,2026-03-28 10:36:29.608386,1
4303,anita,Nobody likes you,anger,negative,0.86,1,16,YouTube,2026-03-28 10:37:29.608386,1
4304,john,Great work!,joy,positive,0.19,0,11,Twitter,2026-03-28 10:38:29.608386,0
4305,meena,Nobody likes you,anger,negative,0.96,1,16,Instagram,2026-03-28 10:39:29.608386,1
4306,john,Go away idiot,anger,negative,0.89,1,13,Instagram,2026-03-28 10:40:29.608386,1
4307,anita,You are a loser,anger,negative,0.86,2,15,Instagram,2026-03-28 10:41:29.608386,1
4308,vikram,That's amazing,joy,neutral,0.13,0,14,Twitter,2026-03-28 10:42:29.608386,0
4309,priya,Go away idiot,anger,negative,1.0,1,13,YouTube,2026-03-28 10:43:29.608386,1
4310,vikram,Shut up you fool,anger,negative,0.76,3,16,YouTube,2026-03-28 10:44:29.608386,1
4311,rahul,Keep going,neutral,positive,0.24,0,10,Instagram,2026-03-28 10:45:29.608386,0
4312,sara,You are so stupid,anger,negative,0.76,2,17,YouTube,2026-03-28 10:46:29.608386,1
4313,arjun,That's amazing,neutral,neutral,0.07,0,14,Instagram,2026-03-28 10:47:29.608386,0
4314,vikram,Go away idiot,anger,negative,0.72,3,13,YouTube,2026-03-28 10:48:29.608386,1
4315,john,Go away idiot,anger,negative,0.83,1,13,YouTube,2026-03-28 10:49:29.608386,1
4316,anita,Go away idiot,anger,negative,0.72,1,13,YouTube,2026-03-28 10:50:29.608386,1
4317,arjun,Nobody likes you,anger,negative,0.83,3,16,Instagram,2026-03-28 10:51:29.608386,1
4318,john,You are so stupid,anger,negative,0.88,2,17,YouTube,2026-03-28 10:52:29.608386,1
4319,priya,That's amazing,joy,neutral,0.18,0,14,Instagram,2026-03-28 10:53:29.608386,0
4320,anita,Great work!,joy,neutral,0.23,0,11,Twitter,2026-03-28 10:54:29.608386,0
4321,meena,Have a nice day,neutral,positive,0.1,0,15,Instagram,2026-03-28 10:55:29.608386,0
4322,john,Good effort,neutral,positive,0.23,0,11,Instagram,2026-03-28 10:56:29.608386,0
4323,vikram,That's amazing,joy,neutral,0.2,0,14,Twitter,2026-03-28 10:57:29.608386,0
4324,arjun,You are a loser,anger,negative,0.74,3,15,Twitter,2026-03-28 10:58:29.608386,1
4325,anita,That's amazing,neutral,positive,0.08,0,14,Instagram,2026-03-28 10:59:29.608386,0
4326,arjun,Keep going,neutral,positive,0.11,0,10,YouTube,2026-03-28 11:00:29.608386,0
4327,rahul,Great work!,neutral,positive,0.19,0,11,Twitter,2026-03-28 11:01:29.608386,0
4328,vikram,You are a loser,anger,negative,0.8,1,15,Twitter,2026-03-28 11:02:29.608386,1
4329,vikram,Good effort,joy,positive,0.27,0,11,YouTube,2026-03-28 11:03:29.608386,0
4330,meena,You are useless,anger,negative,0.79,1,15,YouTube,2026-03-28 11:04:29.608386,1
4331,rahul,Nobody likes you,anger,negative,0.76,2,16,Instagram,2026-03-28 11:05:29.608386,1
4332,anita,Have a nice day,joy,neutral,0.21,0,15,YouTube,2026-03-28 11:06:29.608386,0
4333,john,Good effort,joy,neutral,0.07,0,11,Twitter,2026-03-28 11:07:29.608386,0
4334,sara,Well done,neutral,positive,0.22,0,9,YouTube,2026-03-28 11:08:29.608386,0
4335,arjun,That's amazing,joy,positive,0.04,0,14,Twitter,2026-03-28 11:09:29.608386,0
4336,priya,Well done,joy,positive,0.21,0,9,Twitter,2026-03-28 11:10:29.608386,0
4337,anita,Keep going,neutral,positive,0.22,0,10,Twitter,2026-03-28 11:11:29.608386,0
4338,vikram,That's amazing,neutral,positive,0.26,0,14,YouTube,2026-03-28 11:12:29.608386,0
4339,vikram,You are a loser,anger,negative,0.97,3,15,Twitter,2026-03-28 11:13:29.608386,1
4340,anita,Go away idiot,anger,negative,0.75,3,13,YouTube,2026-03-28 11:14:29.608386,1
4341,anita,You are a loser,anger,negative,0.75,3,15,YouTube,2026-03-28 11:15:29.608386,1
4342,meena,Go away idiot,anger,negative,0.74,2,13,Twitter,2026-03-28 11:16:29.608386,1
4343,john,Keep going,neutral,positive,0.24,0,10,Twitter,2026-03-28 11:17:29.608386,0
4344,rahul,Good effort,joy,neutral,0.16,0,11,YouTube,2026-03-28 11:18:29.608386,0
4345,sara,Go away idiot,anger,negative,0.76,1,13,Twitter,2026-03-28 11:19:29.608386,1
4346,john,You are so stupid,anger,negative,0.77,2,17,Twitter,2026-03-28 11:20:29.608386,1
4347,anita,Keep going,joy,neutral,0.14,0,10,YouTube,2026-03-28 11:21:29.608386,0
4348,anita,Great work!,joy,neutral,0.29,0,11,Instagram,2026-03-28 11:22:29.608386,0
4349,priya,Keep going,joy,neutral,0.03,0,10,YouTube,2026-03-28 11:23:29.608386,0
4350,john,Nobody likes you,anger,negative,1.0,1,16,YouTube,2026-03-28 11:24:29.608386,1
4351,anita,Have a nice day,neutral,neutral,0.09,0,15,Twitter,2026-03-28 11:25:29.608386,0
4352,sara,You are useless,anger,negative,0.83,2,15,Twitter,2026-03-28 11:26:29.608386,1
4353,priya,You are a loser,anger,negative,0.72,3,15,Instagram,2026-03-28 11:27:29.608386,1
4354,vikram,You are so stupid,anger,negative,0.96,1,17,Twitter,2026-03-28 11:28:29.608386,1
4355,meena,You are so stupid,anger,negative,0.77,2,17,Twitter,2026-03-28 11:29:29.608386,1
4356,vikram,You are a loser,anger,negative,0.72,2,15,Twitter,2026-03-28 11:30:29.608386,1
4357,john,Good effort,neutral,neutral,0.13,0,11,Instagram,2026-03-28 11:31:29.608386,0
4358,sara,Shut up you fool,anger,negative,0.92,3,16,YouTube,2026-03-28 11:32:29.608386,1
4359,john,Keep going,neutral,neutral,0.04,0,10,YouTube,2026-03-28 11:33:29.608386,0
4360,sara,Shut up you fool,anger,negative,0.8,3,16,Twitter,2026-03-28 11:34:29.608386,1
4361,priya,You are a loser,anger,negative,0.9,1,15,YouTube,2026-03-28 11:35:29.608386,1
4362,anita,Nobody likes you,anger,negative,0.79,1,16,Instagram,2026-03-28 11:36:29.608386,1
4363,meena,Have a nice day,neutral,positive,0.12,0,15,Twitter,2026-03-28 11:37:29.608386,0
4364,john,Shut up you fool,anger,negative,0.91,1,16,YouTube,2026-03-28 11:38:29.608386,1
4365,sara,Great work!,joy,neutral,0.26,0,11,Instagram,2026-03-28 11:39:29.608386,0
4366,vikram,Shut up you fool,anger,negative,0.7,2,16,Twitter,2026-03-28 11:40:29.608386,1
4367,priya,Good effort,neutral,neutral,0.26,0,11,Instagram,2026-03-28 11:41:29.608386,0
4368,rahul,Keep going,neutral,positive,0.22,0,10,Twitter,2026-03-28 11:42:29.608386,0
4369,vikram,Have a nice day,joy,neutral,0.12,0,15,Twitter,2026-03-28 11:43:29.608386,0
4370,vikram,That's amazing,neutral,neutral,0.18,0,14,Twitter,2026-03-28 11:44:29.608386,0
4371,john,You are a loser,anger,negative,0.98,2,15,YouTube,2026-03-28 11:45:29.608386,1
4372,anita,That's amazing,joy,positive,0.03,0,14,Instagram,2026-03-28 11:46:29.608386,0
4373,arjun,You are so stupid,anger,negative,0.89,2,17,YouTube,2026-03-28 11:47:29.608386,1
4374,john,Nobody likes you,anger,negative,0.72,3,16,YouTube,2026-03-28 11:48:29.608386,1
4375,john,You are useless,anger,negative,0.78,1,15,YouTube,2026-03-28 11:49:29.608386,1
4376,anita,Shut up you fool,anger,negative,0.78,1,16,Instagram,2026-03-28 11:50:29.608386,1
4377,priya,You are so stupid,anger,negative,0.72,2,17,Twitter,2026-03-28 11:51:29.608386,1
4378,priya,Great work!,joy,positive,0.19,0,11,YouTube,2026-03-28 11:52:29.608386,0
4379,arjun,Great work!,neutral,neutral,0.16,0,11,YouTube,2026-03-28 11:53:29.608386,0
4380,rahul,Go away idiot,anger,negative,0.82,2,13,Twitter,2026-03-28 11:54:29.608386,1
4381,priya,You are so stupid,anger,negative,0.76,2,17,Instagram,2026-03-28 11:55:29.608386,1
4382,sara,You are useless,anger,negative,0.94,1,15,Instagram,2026-03-28 11:56:29.608386,1
4383,anita,Well done,neutral,neutral,0.16,0,9,Instagram,2026-03-28 11:57:29.608386,0
4384,rahul,Go away idiot,anger,negative,0.81,2,13,Instagram,2026-03-28 11:58:29.608386,1
4385,meena,You are so stupid,anger,negative,0.73,3,17,Instagram,2026-03-28 11:59:29.608386,1
4386,priya,That's amazing,joy,neutral,0.26,0,14,YouTube,2026-03-28 12:00:29.608386,0
4387,arjun,Well done,neutral,neutral,0.03,0,9,Instagram,2026-03-28 12:01:29.608386,0
4388,vikram,You are useless,anger,negative,0.72,2,15,Twitter,2026-03-28 12:02:29.608386,1
4389,priya,Good effort,neutral,positive,0.09,0,11,Instagram,2026-03-28 12:03:29.608386,0
4390,sara,Shut up you fool,anger,negative,0.86,3,16,YouTube,2026-03-28 12:04:29.608386,1
4391,sara,Shut up you fool,anger,negative,0.73,3,16,YouTube,2026-03-28 12:05:29.608386,1
4392,vikram,Keep going,neutral,neutral,0.25,0,10,Instagram,2026-03-28 12:06:29.608386,0
4393,arjun,Shut up you fool,anger,negative,0.77,1,16,YouTube,2026-03-28 12:07:29.608386,1
4394,priya,Good effort,neutral,neutral,0.11,0,11,Instagram,2026-03-28 12:08:29.608386,0
4395,priya,Good effort,joy,positive,0.25,0,11,Twitter,2026-03-28 12:09:29.608386,0
4396,arjun,Good effort,neutral,positive,0.07,0,11,YouTube,2026-03-28 12:10:29.608386,0
4397,vikram,You are so stupid,anger,negative,0.95,1,17,YouTube,2026-03-28 12:11:29.608386,1
4398,anita,Nobody likes you,anger,negative,0.94,2,16,Instagram,2026-03-28 12:12:29.608386,1
4399,anita,Shut up you fool,anger,negative,0.91,1,16,YouTube,2026-03-28 12:13:29.608386,1
4400,arjun,Go away idiot,anger,negative,0.78,2,13,YouTube,2026-03-28 12:14:29.608386,1
4401,vikram,Go away idiot,anger,negative,1.0,2,13,YouTube,2026-03-28 12:15:29.608386,1
4402,priya,Good effort,joy,positive,0.17,0,11,Instagram,2026-03-28 12:16:29.608386,0
4403,sara,Nobody likes you,anger,negative,0.88,2,16,Instagram,2026-03-28 12:17:29.608386,1
4404,meena,Nobody likes you,anger,negative,0.95,3,16,YouTube,2026-03-28 12:18:29.608386,1
4405,priya,Well done,joy,neutral,0.25,0,9,Instagram,2026-03-28 12:19:29.608386,0
4406,arjun,Nobody likes you,anger,negative,0.76,1,16,Instagram,2026-03-28 12:20:29.608386,1
4407,anita,You are useless,anger,negative,0.99,2,15,Instagram,2026-03-28 12:21:29.608386,1
4408,rahul,You are so stupid,anger,negative,0.94,1,17,Instagram,2026-03-28 12:22:29.608386,1
4409,priya,Shut up you fool,anger,negative,0.85,3,16,Twitter,2026-03-28 12:23:29.608386,1
4410,john,Shut up you fool,anger,negative,0.98,1,16,YouTube,2026-03-28 12:24:29.608386,1
4411,arjun,You are useless,anger,negative,0.87,2,15,Twitter,2026-03-28 12:25:29.608386,1
4412,john,Have a nice day,joy,positive,0.06,0,15,Twitter,2026-03-28 12:26:29.608386,0
4413,rahul,Good effort,neutral,neutral,0.07,0,11,Instagram,2026-03-28 12:27:29.608386,0
4414,anita,Good effort,neutral,positive,0.26,0,11,Twitter,2026-03-28 12:28:29.608386,0
4415,rahul,You are a loser,anger,negative,0.8,3,15,YouTube,2026-03-28 12:29:29.608386,1
4416,john,Shut up you fool,anger,negative,0.82,3,16,YouTube,2026-03-28 12:30:29.608386,1
4417,rahul,Have a nice day,neutral,neutral,0.03,0,15,Twitter,2026-03-28 12:31:29.608386,0
4418,john,Good effort,joy,neutral,0.18,0,11,Instagram,2026-03-28 12:32:29.608386,0
4419,vikram,Nobody likes you,anger,negative,0.79,2,16,Twitter,2026-03-28 12:33:29.608386,1
4420,arjun,You are so stupid,anger,negative,0.91,1,17,Instagram,2026-03-28 12:34:29.608386,1
4421,sara,That's amazing,neutral,neutral,0.29,0,14,Twitter,2026-03-28 12:35:29.608386,0
4422,sara,You are a loser,anger,negative,0.72,3,15,YouTube,2026-03-28 12:36:29.608386,1
4423,meena,You are useless,anger,negative,0.75,1,15,Twitter,2026-03-28 12:37:29.608386,1
4424,rahul,That's amazing,neutral,positive,0.18,0,14,YouTube,2026-03-28 12:38:29.608386,0
4425,priya,Shut up you fool,anger,negative,0.73,3,16,Instagram,2026-03-28 12:39:29.608386,1
4426,arjun,You are a loser,anger,negative,0.82,3,15,YouTube,2026-03-28 12:40:29.608386,1
4427,arjun,That's amazing,neutral,positive,0.12,0,14,Twitter,2026-03-28 12:41:29.608386,0
4428,anita,Shut up you fool,anger,negative,0.97,1,16,YouTube,2026-03-28 12:42:29.608386,1
4429,priya,Keep going,neutral,positive,0.03,0,10,YouTube,2026-03-28 12:43:29.608386,0
4430,anita,Go away idiot,anger,negative,0.91,1,13,YouTube,2026-03-28 12:44:29.608386,1
4431,meena,You are useless,anger,negative,0.94,2,15,YouTube,2026-03-28 12:45:29.608386,1
4432,sara,Shut up you fool,anger,negative,0.82,3,16,Twitter,2026-03-28 12:46:29.608386,1
4433,anita,You are so stupid,anger,negative,0.93,1,17,Instagram,2026-03-28 12:47:29.608386,1
4434,john,Nobody likes you,anger,negative,0.75,3,16,YouTube,2026-03-28 12:48:29.608386,1
4435,rahul,You are a loser,anger,negative,0.89,3,15,Twitter,2026-03-28 12:49:29.608386,1
4436,rahul,Nobody likes you,anger,negative,0.79,3,16,Twitter,2026-03-28 12:50:29.608386,1
4437,meena,Shut up you fool,anger,negative,0.99,1,16,YouTube,2026-03-28 12:51:29.608386,1
4438,rahul,Nobody likes you,anger,negative,0.71,1,16,Twitter,2026-03-28 12:52:29.608386,1
4439,priya,You are so stupid,anger,negative,0.96,3,17,YouTube,2026-03-28 12:53:29.608386,1
4440,john,Great work!,neutral,neutral,0.2,0,11,YouTube,2026-03-28 12:54:29.608386,0
4441,sara,That's amazing,neutral,neutral,0.0,0,14,Instagram,2026-03-28 12:55:29.608386,0
4442,rahul,Well done,neutral,neutral,0.15,0,9,Twitter,2026-03-28 12:56:29.608386,0
4443,arjun,You are so stupid,anger,negative,0.81,1,17,Twitter,2026-03-28 12:57:29.608386,1
4444,sara,Shut up you fool,anger,negative,0.86,3,16,YouTube,2026-03-28 12:58:29.608386,1
4445,vikram,Nobody likes you,anger,negative,0.73,1,16,Instagram,2026-03-28 12:59:29.608386,1
4446,meena,Well done,neutral,neutral,0.01,0,9,Twitter,2026-03-28 13:00:29.608386,0
4447,arjun,You are so stupid,anger,negative,0.93,2,17,Twitter,2026-03-28 13:01:29.608386,1
4448,sara,Good effort,joy,neutral,0.19,0,11,Instagram,2026-03-28 13:02:29.608386,0
4449,sara,Keep going,neutral,neutral,0.21,0,10,Twitter,2026-03-28 13:03:29.608386,0
4450,anita,Nobody likes you,anger,negative,0.98,3,16,Instagram,2026-03-28 13:04:29.608386,1
4451,sara,Shut up you fool,anger,negative,0.77,3,16,Instagram,2026-03-28 13:05:29.608386,1
4452,anita,Nobody likes you,anger,negative,0.91,2,16,YouTube,2026-03-28 13:06:29.608386,1
4453,meena,You are a loser,anger,negative,0.91,3,15,Instagram,2026-03-28 13:07:29.608386,1
4454,sara,Nobody likes you,anger,negative,0.98,2,16,YouTube,2026-03-28 13:08:29.608386,1
4455,arjun,Nobody likes you,anger,negative,0.76,3,16,YouTube,2026-03-28 13:09:29.608386,1
4456,priya,Great work!,joy,positive,0.24,0,11,Twitter,2026-03-28 13:10:29.608386,0
4457,arjun,That's amazing,joy,positive,0.09,0,14,Twitter,2026-03-28 13:11:29.608386,0
4458,arjun,You are so stupid,anger,negative,0.99,2,17,YouTube,2026-03-28 13:12:29.608386,1
4459,arjun,Well done,neutral,positive,0.1,0,9,Instagram,2026-03-28 13:13:29.608386,0
4460,john,Shut up you fool,anger,negative,0.85,2,16,Twitter,2026-03-28 13:14:29.608386,1
4461,arjun,Great work!,joy,positive,0.21,0,11,Twitter,2026-03-28 13:15:29.608386,0
4462,john,You are a loser,anger,negative,0.83,2,15,YouTube,2026-03-28 13:16:29.608386,1
4463,meena,Great work!,joy,positive,0.21,0,11,Twitter,2026-03-28 13:17:29.608386,0
4464,meena,Keep going,neutral,neutral,0.23,0,10,Twitter,2026-03-28 13:18:29.608386,0
4465,anita,Good effort,neutral,neutral,0.0,0,11,Twitter,2026-03-28 13:19:29.608386,0
4466,anita,That's amazing,joy,neutral,0.2,0,14,Instagram,2026-03-28 13:20:29.608386,0
4467,arjun,Keep going,joy,neutral,0.15,0,10,Twitter,2026-03-28 13:21:29.608386,0
4468,john,Have a nice day,neutral,positive,0.05,0,15,Instagram,2026-03-28 13:22:29.608386,0
4469,anita,You are useless,anger,negative,0.74,2,15,YouTube,2026-03-28 13:23:29.608386,1
4470,sara,Go away idiot,anger,negative,0.77,1,13,Twitter,2026-03-28 13:24:29.608386,1
4471,meena,Good effort,joy,positive,0.1,0,11,Twitter,2026-03-28 13:25:29.608386,0
4472,priya,Go away idiot,anger,negative,0.7,1,13,Instagram,2026-03-28 13:26:29.608386,1
4473,vikram,Well done,neutral,neutral,0.24,0,9,YouTube,2026-03-28 13:27:29.608386,0
4474,priya,Keep going,joy,positive,0.24,0,10,Instagram,2026-03-28 13:28:29.608386,0
4475,priya,You are useless,anger,negative,0.84,3,15,YouTube,2026-03-28 13:29:29.608386,1
4476,sara,Nobody likes you,anger,negative,0.91,2,16,Twitter,2026-03-28 13:30:29.608386,1
4477,arjun,Nobody likes you,anger,negative,0.96,2,16,YouTube,2026-03-28 13:31:29.608386,1
4478,anita,You are a loser,anger,negative,0.7,2,15,YouTube,2026-03-28 13:32:29.608386,1
4479,vikram,That's amazing,neutral,neutral,0.27,0,14,Twitter,2026-03-28 13:33:29.608386,0
4480,rahul,You are useless,anger,negative,0.78,3,15,Twitter,2026-03-28 13:34:29.608386,1
4481,meena,Shut up you fool,anger,negative,0.89,3,16,YouTube,2026-03-28 13:35:29.608386,1
4482,rahul,You are useless,anger,negative,0.79,2,15,Twitter,2026-03-28 13:36:29.608386,1
4483,priya,You are so stupid,anger,negative,0.78,3,17,Instagram,2026-03-28 13:37:29.608386,1
4484,arjun,Have a nice day,neutral,positive,0.14,0,15,Instagram,2026-03-28 13:38:29.608386,0
4485,sara,You are so stupid,anger,negative,0.73,1,17,YouTube,2026-03-28 13:39:29.608386,1
4486,rahul,Nobody likes you,anger,negative,0.77,2,16,YouTube,2026-03-28 13:40:29.608386,1
4487,meena,Have a nice day,neutral,positive,0.28,0,15,Instagram,2026-03-28 13:41:29.608386,0
4488,anita,You are useless,anger,negative,0.87,2,15,Twitter,2026-03-28 13:42:29.608386,1
4489,vikram,Shut up you fool,anger,negative,0.93,2,16,Instagram,2026-03-28 13:43:29.608386,1
4490,rahul,You are so stupid,anger,negative,0.99,2,17,Twitter,2026-03-28 13:44:29.608386,1
4491,meena,That's amazing,joy,neutral,0.18,0,14,YouTube,2026-03-28 13:45:29.608386,0
4492,arjun,You are a loser,anger,negative,0.84,2,15,Twitter,2026-03-28 13:46:29.608386,1
4493,meena,That's amazing,joy,positive,0.08,0,14,Twitter,2026-03-28 13:47:29.608386,0
4494,arjun,You are a loser,anger,negative,0.87,3,15,Instagram,2026-03-28 13:48:29.608386,1
4495,priya,Keep going,joy,neutral,0.26,0,10,Twitter,2026-03-28 13:49:29.608386,0
4496,vikram,You are useless,anger,negative,0.74,3,15,Twitter,2026-03-28 13:50:29.608386,1
4497,rahul,Go away idiot,anger,negative,0.87,1,13,Instagram,2026-03-28 13:51:29.608386,1
4498,rahul,Keep going,neutral,neutral,0.08,0,10,Twitter,2026-03-28 13:52:29.608386,0
4499,priya,You are useless,anger,negative,0.94,3,15,Instagram,2026-03-28 13:53:29.608386,1
4500,john,Nobody likes you,anger,negative,0.99,2,16,Twitter,2026-03-28 13:54:29.608386,1
4501,priya,You are so stupid,anger,negative,0.79,3,17,Twitter,2026-03-28 13:55:29.608386,1
4502,anita,You are so stupid,anger,negative,0.82,2,17,Twitter,2026-03-28 13:56:29.608386,1
4503,vikram,You are a loser,anger,negative,0.73,1,15,Instagram,2026-03-28 13:57:29.608386,1
4504,meena,Go away idiot,anger,negative,0.79,3,13,Instagram,2026-03-28 13:58:29.608386,1
4505,john,That's amazing,joy,neutral,0.2,0,14,Instagram,2026-03-28 13:59:29.608386,0
4506,rahul,Good effort,joy,positive,0.11,0,11,Instagram,2026-03-28 14:00:29.608386,0
4507,rahul,You are a loser,anger,negative,0.96,2,15,Twitter,2026-03-28 14:01:29.608386,1
4508,anita,Great work!,neutral,positive,0.24,0,11,YouTube,2026-03-28 14:02:29.608386,0
4509,priya,That's amazing,neutral,neutral,0.11,0,14,Instagram,2026-03-28 14:03:29.608386,0
4510,sara,Good effort,neutral,neutral,0.22,0,11,Twitter,2026-03-28 14:04:29.608386,0
4511,meena,You are useless,anger,negative,0.76,3,15,Instagram,2026-03-28 14:05:29.608386,1
4512,sara,Have a nice day,neutral,positive,0.17,0,15,YouTube,2026-03-28 14:06:29.608386,0
4513,meena,Well done,neutral,positive,0.27,0,9,Instagram,2026-03-28 14:07:29.608386,0
4514,meena,Great work!,joy,positive,0.02,0,11,YouTube,2026-03-28 14:08:29.608386,0
4515,meena,Nobody likes you,anger,negative,0.72,3,16,YouTube,2026-03-28 14:09:29.608386,1
4516,meena,Nobody likes you,anger,negative,0.84,2,16,YouTube,2026-03-28 14:10:29.608386,1
4517,rahul,Shut up you fool,anger,negative,0.77,1,16,YouTube,2026-03-28 14:11:29.608386,1
4518,anita,Keep going,neutral,neutral,0.02,0,10,Twitter,2026-03-28 14:12:29.608386,0
4519,john,Shut up you fool,anger,negative,0.95,3,16,YouTube,2026-03-28 14:13:29.608386,1
4520,anita,Nobody likes you,anger,negative,0.75,1,16,Instagram,2026-03-28 14:14:29.608386,1
4521,vikram,You are a loser,anger,negative,0.86,2,15,Twitter,2026-03-28 14:15:29.608386,1
4522,meena,You are a loser,anger,negative,0.99,1,15,YouTube,2026-03-28 14:16:29.608386,1
4523,john,Have a nice day,neutral,positive,0.28,0,15,Twitter,2026-03-28 14:17:29.608386,0
4524,anita,That's amazing,joy,neutral,0.05,0,14,Twitter,2026-03-28 14:18:29.608386,0
4525,anita,Have a nice day,neutral,neutral,0.14,0,15,Instagram,2026-03-28 14:19:29.608386,0
4526,anita,Great work!,neutral,positive,0.23,0,11,YouTube,2026-03-28 14:20:29.608386,0
4527,anita,You are so stupid,anger,negative,0.81,2,17,YouTube,2026-03-28 14:21:29.608386,1
4528,vikram,You are useless,anger,negative,0.87,3,15,YouTube,2026-03-28 14:22:29.608386,1
4529,vikram,Nobody likes you,anger,negative,0.96,2,16,Twitter,2026-03-28 14:23:29.608386,1
4530,john,Go away idiot,anger,negative,0.8,1,13,YouTube,2026-03-28 14:24:29.608386,1
4531,rahul,You are useless,anger,negative,0.92,3,15,Instagram,2026-03-28 14:25:29.608386,1
4532,sara,That's amazing,joy,positive,0.07,0,14,Twitter,2026-03-28 14:26:29.608386,0
4533,arjun,Shut up you fool,anger,negative,0.99,3,16,Twitter,2026-03-28 14:27:29.608386,1
4534,john,You are useless,anger,negative,0.82,2,15,YouTube,2026-03-28 14:28:29.608386,1
4535,arjun,Shut up you fool,anger,negative,0.7,3,16,YouTube,2026-03-28 14:29:29.608386,1
4536,priya,Go away idiot,anger,negative,0.93,2,13,Instagram,2026-03-28 14:30:29.608386,1
4537,anita,Go away idiot,anger,negative,0.81,2,13,Twitter,2026-03-28 14:31:29.608386,1
4538,priya,Great work!,neutral,neutral,0.12,0,11,YouTube,2026-03-28 14:32:29.608386,0
4539,john,Go away idiot,anger,negative,0.85,1,13,Instagram,2026-03-28 14:33:29.608386,1
4540,vikram,You are a loser,anger,negative,0.82,1,15,Twitter,2026-03-28 14:34:29.608386,1
4541,sara,You are useless,anger,negative,0.75,2,15,Twitter,2026-03-28 14:35:29.608386,1
4542,priya,You are useless,anger,negative,0.77,3,15,Twitter,2026-03-28 14:36:29.608386,1
4543,priya,Nobody likes you,anger,negative,0.87,2,16,Instagram,2026-03-28 14:37:29.608386,1
4544,anita,That's amazing,joy,positive,0.28,0,14,YouTube,2026-03-28 14:38:29.608386,0
4545,arjun,Shut up you fool,anger,negative,0.99,3,16,Twitter,2026-03-28 14:39:29.608386,1
4546,priya,You are so stupid,anger,negative,0.78,3,17,YouTube,2026-03-28 14:40:29.608386,1
4547,anita,You are useless,anger,negative,0.87,3,15,YouTube,2026-03-28 14:41:29.608386,1
4548,john,You are a loser,anger,negative,0.86,2,15,YouTube,2026-03-28 14:42:29.608386,1
4549,vikram,You are useless,anger,negative,0.81,2,15,Twitter,2026-03-28 14:43:29.608386,1
4550,rahul,Shut up you fool,anger,negative,0.89,2,16,Twitter,2026-03-28 14:44:29.608386,1
4551,sara,Good effort,joy,neutral,0.19,0,11,Twitter,2026-03-28 14:45:29.608386,0
4552,arjun,You are so stupid,anger,negative,0.95,2,17,Twitter,2026-03-28 14:46:29.608386,1
4553,arjun,Keep going,neutral,positive,0.3,0,10,Twitter,2026-03-28 14:47:29.608386,0
4554,sara,That's amazing,joy,neutral,0.24,0,14,Twitter,2026-03-28 14:48:29.608386,0
4555,arjun,Shut up you fool,anger,negative,0.93,1,16,YouTube,2026-03-28 14:49:29.608386,1
4556,vikram,That's amazing,neutral,positive,0.2,0,14,Instagram,2026-03-28 14:50:29.608386,0
4557,arjun,Have a nice day,neutral,neutral,0.1,0,15,Instagram,2026-03-28 14:51:29.608386,0
4558,meena,You are useless,anger,negative,0.89,3,15,Twitter,2026-03-28 14:52:29.608386,1
4559,arjun,You are useless,anger,negative,0.79,3,15,YouTube,2026-03-28 14:53:29.608386,1
4560,meena,Good effort,joy,positive,0.23,0,11,Twitter,2026-03-28 14:54:29.608386,0
4561,meena,Great work!,joy,positive,0.05,0,11,Twitter,2026-03-28 14:55:29.608386,0
4562,anita,Great work!,neutral,positive,0.15,0,11,YouTube,2026-03-28 14:56:29.608386,0
4563,john,Go away idiot,anger,negative,0.96,1,13,Twitter,2026-03-28 14:57:29.608386,1
4564,arjun,That's amazing,neutral,neutral,0.26,0,14,Instagram,2026-03-28 14:58:29.608386,0
4565,arjun,You are a loser,anger,negative,0.73,3,15,Twitter,2026-03-28 14:59:29.608386,1
4566,arjun,Keep going,neutral,neutral,0.03,0,10,Instagram,2026-03-28 15:00:29.608386,0
4567,meena,Nobody likes you,anger,negative,0.79,3,16,Twitter,2026-03-28 15:01:29.608386,1
4568,sara,You are so stupid,anger,negative,0.85,3,17,Twitter,2026-03-28 15:02:29.608386,1
4569,john,Nobody likes you,anger,negative,0.78,1,16,Twitter,2026-03-28 15:03:29.608386,1
4570,rahul,Great work!,neutral,positive,0.14,0,11,Twitter,2026-03-28 15:04:29.608386,0
4571,sara,Shut up you fool,anger,negative,0.86,3,16,Instagram,2026-03-28 15:05:29.608386,1
4572,arjun,Go away idiot,anger,negative,0.89,2,13,YouTube,2026-03-28 15:06:29.608386,1
4573,sara,Go away idiot,anger,negative,0.79,3,13,YouTube,2026-03-28 15:07:29.608386,1
4574,john,That's amazing,joy,positive,0.2,0,14,Instagram,2026-03-28 15:08:29.608386,0
4575,sara,Shut up you fool,anger,negative,0.96,3,16,Twitter,2026-03-28 15:09:29.608386,1
4576,sara,Good effort,neutral,positive,0.07,0,11,Instagram,2026-03-28 15:10:29.608386,0
4577,anita,You are useless,anger,negative,0.71,2,15,Instagram,2026-03-28 15:11:29.608386,1
4578,sara,Shut up you fool,anger,negative,0.96,2,16,Twitter,2026-03-28 15:12:29.608386,1
4579,sara,Shut up you fool,anger,negative,0.98,2,16,YouTube,2026-03-28 15:13:29.608386,1
4580,priya,Good effort,joy,neutral,0.27,0,11,YouTube,2026-03-28 15:14:29.608386,0
4581,arjun,Go away idiot,anger,negative,0.88,3,13,Instagram,2026-03-28 15:15:29.608386,1
4582,rahul,You are so stupid,anger,negative,0.75,1,17,Twitter,2026-03-28 15:16:29.608386,1
4583,rahul,That's amazing,neutral,positive,0.08,0,14,Twitter,2026-03-28 15:17:29.608386,0
4584,priya,Go away idiot,anger,negative,0.89,2,13,YouTube,2026-03-28 15:18:29.608386,1
4585,vikram,Great work!,neutral,positive,0.16,0,11,Instagram,2026-03-28 15:19:29.608386,0
4586,sara,Keep going,joy,neutral,0.03,0,10,Twitter,2026-03-28 15:20:29.608386,0
4587,rahul,You are so stupid,anger,negative,0.87,2,17,YouTube,2026-03-28 15:21:29.608386,1
4588,rahul,Great work!,joy,positive,0.3,0,11,Twitter,2026-03-28 15:22:29.608386,0
4589,rahul,Shut up you fool,anger,negative,0.97,2,16,YouTube,2026-03-28 15:23:29.608386,1
4590,arjun,Well done,neutral,positive,0.11,0,9,Instagram,2026-03-28 15:24:29.608386,0
4591,john,Go away idiot,anger,negative,0.78,1,13,Twitter,2026-03-28 15:25:29.608386,1
4592,vikram,Nobody likes you,anger,negative,0.86,2,16,YouTube,2026-03-28 15:26:29.608386,1
4593,john,You are so stupid,anger,negative,0.74,2,17,Twitter,2026-03-28 15:27:29.608386,1
4594,meena,Nobody likes you,anger,negative,0.89,1,16,YouTube,2026-03-28 15:28:29.608386,1
4595,sara,Great work!,joy,positive,0.07,0,11,Twitter,2026-03-28 15:29:29.608386,0
4596,sara,You are a loser,anger,negative,0.71,3,15,Instagram,2026-03-28 15:30:29.608386,1
4597,john,Keep going,neutral,positive,0.0,0,10,YouTube,2026-03-28 15:31:29.608386,0
4598,priya,Great work!,neutral,neutral,0.25,0,11,Twitter,2026-03-28 15:32:29.608386,0
4599,arjun,That's amazing,joy,positive,0.1,0,14,Twitter,2026-03-28 15:33:29.608386,0
4600,anita,Shut up you fool,anger,negative,0.78,2,16,Instagram,2026-03-28 15:34:29.608386,1
4601,john,That's amazing,neutral,neutral,0.16,0,14,YouTube,2026-03-28 15:35:29.608386,0
4602,vikram,Well done,joy,neutral,0.22,0,9,Instagram,2026-03-28 15:36:29.608386,0
4603,sara,You are useless,anger,negative,0.72,1,15,Twitter,2026-03-28 15:37:29.608386,1
4604,arjun,You are useless,anger,negative,0.9,2,15,YouTube,2026-03-28 15:38:29.608386,1
4605,vikram,Keep going,joy,positive,0.11,0,10,Instagram,2026-03-28 15:39:29.608386,0
4606,priya,That's amazing,joy,neutral,0.08,0,14,Twitter,2026-03-28 15:40:29.608386,0
4607,sara,That's amazing,joy,neutral,0.23,0,14,YouTube,2026-03-28 15:41:29.608386,0
4608,john,You are a loser,anger,negative,0.76,1,15,Instagram,2026-03-28 15:42:29.608386,1
4609,priya,Great work!,joy,neutral,0.13,0,11,Instagram,2026-03-28 15:43:29.608386,0
4610,priya,Good effort,neutral,neutral,0.2,0,11,Twitter,2026-03-28 15:44:29.608386,0
4611,anita,Nobody likes you,anger,negative,0.86,3,16,Instagram,2026-03-28 15:45:29.608386,1
4612,arjun,Well done,joy,neutral,0.17,0,9,YouTube,2026-03-28 15:46:29.608386,0
4613,anita,Keep going,neutral,positive,0.28,0,10,Instagram,2026-03-28 15:47:29.608386,0
4614,meena,Keep going,joy,positive,0.23,0,10,YouTube,2026-03-28 15:48:29.608386,0
4615,rahul,That's amazing,neutral,neutral,0.25,0,14,Instagram,2026-03-28 15:49:29.608386,0
4616,anita,You are a loser,anger,negative,0.75,3,15,Instagram,2026-03-28 15:50:29.608386,1
4617,arjun,Good effort,joy,neutral,0.21,0,11,Twitter,2026-03-28 15:51:29.608386,0
4618,meena,You are a loser,anger,negative,0.78,1,15,Twitter,2026-03-28 15:52:29.608386,1
4619,priya,You are so stupid,anger,negative,0.97,2,17,Twitter,2026-03-28 15:53:29.608386,1
4620,vikram,Keep going,neutral,neutral,0.06,0,10,YouTube,2026-03-28 15:54:29.608386,0
4621,rahul,Have a nice day,neutral,neutral,0.28,0,15,YouTube,2026-03-28 15:55:29.608386,0
4622,rahul,Have a nice day,neutral,neutral,0.11,0,15,Twitter,2026-03-28 15:56:29.608386,0
4623,priya,Well done,neutral,neutral,0.29,0,9,Twitter,2026-03-28 15:57:29.608386,0
4624,sara,Good effort,joy,positive,0.19,0,11,YouTube,2026-03-28 15:58:29.608386,0
4625,john,Good effort,neutral,positive,0.24,0,11,Instagram,2026-03-28 15:59:29.608386,0
4626,anita,Have a nice day,joy,neutral,0.26,0,15,Instagram,2026-03-28 16:00:29.608386,0
4627,sara,That's amazing,neutral,neutral,0.04,0,14,YouTube,2026-03-28 16:01:29.608386,0
4628,meena,Go away idiot,anger,negative,0.8,2,13,YouTube,2026-03-28 16:02:29.608386,1
4629,vikram,You are useless,anger,negative,0.88,1,15,Instagram,2026-03-28 16:03:29.608386,1
4630,john,You are a loser,anger,negative,1.0,1,15,Twitter,2026-03-28 16:04:29.608386,1
4631,sara,Shut up you fool,anger,negative,0.83,1,16,Twitter,2026-03-28 16:05:29.608386,1
4632,arjun,Keep going,joy,positive,0.23,0,10,Instagram,2026-03-28 16:06:29.608386,0
4633,john,Great work!,neutral,positive,0.28,0,11,Twitter,2026-03-28 16:07:29.608386,0
4634,meena,That's amazing,neutral,neutral,0.17,0,14,Twitter,2026-03-28 16:08:29.608386,0
4635,meena,Keep going,joy,neutral,0.07,0,10,Instagram,2026-03-28 16:09:29.608386,0
4636,meena,Great work!,neutral,positive,0.0,0,11,Twitter,2026-03-28 16:10:29.608386,0
4637,priya,Great work!,neutral,positive,0.2,0,11,Twitter,2026-03-28 16:11:29.608386,0
4638,rahul,That's amazing,joy,neutral,0.1,0,14,Twitter,2026-03-28 16:12:29.608386,0
4639,arjun,You are useless,anger,negative,0.78,3,15,YouTube,2026-03-28 16:13:29.608386,1
4640,sara,Have a nice day,joy,positive,0.08,0,15,Instagram,2026-03-28 16:14:29.608386,0
4641,arjun,Keep going,neutral,neutral,0.16,0,10,YouTube,2026-03-28 16:15:29.608386,0
4642,arjun,Well done,joy,positive,0.15,0,9,Twitter,2026-03-28 16:16:29.608386,0
4643,arjun,That's amazing,joy,positive,0.14,0,14,Twitter,2026-03-28 16:17:29.608386,0
4644,vikram,Well done,neutral,neutral,0.2,0,9,Twitter,2026-03-28 16:18:29.608386,0
4645,john,Great work!,joy,positive,0.23,0,11,YouTube,2026-03-28 16:19:29.608386,0
4646,anita,That's amazing,joy,neutral,0.14,0,14,Instagram,2026-03-28 16:20:29.608386,0
4647,rahul,Keep going,joy,positive,0.17,0,10,Twitter,2026-03-28 16:21:29.608386,0
4648,meena,You are so stupid,anger,negative,0.7,1,17,YouTube,2026-03-28 16:22:29.608386,1
4649,sara,Good effort,joy,neutral,0.22,0,11,YouTube,2026-03-28 16:23:29.608386,0
4650,arjun,Shut up you fool,anger,negative,0.77,3,16,YouTube,2026-03-28 16:24:29.608386,1
4651,anita,Shut up you fool,anger,negative,0.78,1,16,Twitter,2026-03-28 16:25:29.608386,1
4652,meena,Nobody likes you,anger,negative,0.71,2,16,Instagram,2026-03-28 16:26:29.608386,1
4653,arjun,You are so stupid,anger,negative,0.84,3,17,Instagram,2026-03-28 16:27:29.608386,1
4654,sara,Keep going,joy,neutral,0.25,0,10,YouTube,2026-03-28 16:28:29.608386,0
4655,anita,Good effort,neutral,neutral,0.01,0,11,Twitter,2026-03-28 16:29:29.608386,0
4656,arjun,You are a loser,anger,negative,0.89,2,15,Instagram,2026-03-28 16:30:29.608386,1
4657,vikram,Well done,neutral,neutral,0.21,0,9,Instagram,2026-03-28 16:31:29.608386,0
4658,vikram,Great work!,joy,positive,0.09,0,11,Instagram,2026-03-28 16:32:29.608386,0
4659,priya,You are a loser,anger,negative,0.98,1,15,Twitter,2026-03-28 16:33:29.608386,1
4660,arjun,Nobody likes you,anger,negative,0.95,2,16,YouTube,2026-03-28 16:34:29.608386,1
4661,meena,Have a nice day,joy,positive,0.09,0,15,YouTube,2026-03-28 16:35:29.608386,0
4662,rahul,Keep going,neutral,neutral,0.16,0,10,YouTube,2026-03-28 16:36:29.608386,0
4663,vikram,Go away idiot,anger,negative,0.77,3,13,YouTube,2026-03-28 16:37:29.608386,1
4664,priya,That's amazing,neutral,positive,0.19,0,14,Instagram,2026-03-28 16:38:29.608386,0
4665,priya,Shut up you fool,anger,negative,0.74,1,16,Instagram,2026-03-28 16:39:29.608386,1
4666,john,You are useless,anger,negative,0.82,2,15,YouTube,2026-03-28 16:40:29.608386,1
4667,priya,That's amazing,joy,positive,0.29,0,14,YouTube,2026-03-28 16:41:29.608386,0
4668,priya,Shut up you fool,anger,negative,0.96,3,16,YouTube,2026-03-28 16:42:29.608386,1
4669,sara,You are so stupid,anger,negative,0.89,2,17,Instagram,2026-03-28 16:43:29.608386,1
4670,anita,You are so stupid,anger,negative,0.81,2,17,YouTube,2026-03-28 16:44:29.608386,1
4671,vikram,Good effort,neutral,positive,0.19,0,11,Twitter,2026-03-28 16:45:29.608386,0
4672,meena,You are a loser,anger,negative,0.95,3,15,YouTube,2026-03-28 16:46:29.608386,1
4673,priya,You are useless,anger,negative,0.84,3,15,Twitter,2026-03-28 16:47:29.608386,1
4674,meena,You are useless,anger,negative,0.89,3,15,Twitter,2026-03-28 16:48:29.608386,1
4675,vikram,Nobody likes you,anger,negative,0.82,2,16,Twitter,2026-03-28 16:49:29.608386,1
4676,priya,Well done,joy,neutral,0.19,0,9,Twitter,2026-03-28 16:50:29.608386,0
4677,anita,You are a loser,anger,negative,0.85,3,15,YouTube,2026-03-28 16:51:29.608386,1
4678,john,You are a loser,anger,negative,0.84,3,15,YouTube,2026-03-28 16:52:29.608386,1
4679,meena,You are so stupid,anger,negative,0.72,1,17,YouTube,2026-03-28 16:53:29.608386,1
4680,sara,You are useless,anger,negative,0.78,2,15,Twitter,2026-03-28 16:54:29.608386,1
4681,sara,You are so stupid,anger,negative,0.9,3,17,YouTube,2026-03-28 16:55:29.608386,1
4682,priya,You are a loser,anger,negative,0.78,1,15,YouTube,2026-03-28 16:56:29.608386,1
4683,sara,Well done,neutral,positive,0.17,0,9,Instagram,2026-03-28 16:57:29.608386,0
4684,anita,Well done,neutral,positive,0.05,0,9,Instagram,2026-03-28 16:58:29.608386,0
4685,rahul,You are a loser,anger,negative,0.72,2,15,YouTube,2026-03-28 16:59:29.608386,1
4686,john,Great work!,joy,neutral,0.15,0,11,Instagram,2026-03-28 17:00:29.608386,0
4687,sara,Well done,joy,positive,0.02,0,9,YouTube,2026-03-28 17:01:29.608386,0
4688,anita,Go away idiot,anger,negative,0.75,2,13,Instagram,2026-03-28 17:02:29.608386,1
4689,arjun,Well done,joy,neutral,0.16,0,9,Instagram,2026-03-28 17:03:29.608386,0
4690,priya,Good effort,neutral,neutral,0.02,0,11,YouTube,2026-03-28 17:04:29.608386,0
4691,anita,Have a nice day,neutral,positive,0.17,0,15,Instagram,2026-03-28 17:05:29.608386,0
4692,anita,That's amazing,joy,positive,0.06,0,14,Instagram,2026-03-28 17:06:29.608386,0
4693,meena,Go away idiot,anger,negative,0.77,3,13,YouTube,2026-03-28 17:07:29.608386,1
4694,rahul,Go away idiot,anger,negative,0.98,3,13,Twitter,2026-03-28 17:08:29.608386,1
4695,john,You are so stupid,anger,negative,0.71,3,17,Twitter,2026-03-28 17:09:29.608386,1
4696,sara,Shut up you fool,anger,negative,0.71,1,16,YouTube,2026-03-28 17:10:29.608386,1
4697,anita,Shut up you fool,anger,negative,0.76,3,16,YouTube,2026-03-28 17:11:29.608386,1
4698,rahul,That's amazing,joy,neutral,0.01,0,14,YouTube,2026-03-28 17:12:29.608386,0
4699,rahul,Shut up you fool,anger,negative,0.99,1,16,Instagram,2026-03-28 17:13:29.608386,1
4700,meena,Great work!,neutral,positive,0.06,0,11,YouTube,2026-03-28 17:14:29.608386,0
4701,anita,Good effort,neutral,neutral,0.07,0,11,Twitter,2026-03-28 17:15:29.608386,0
4702,sara,Shut up you fool,anger,negative,0.73,2,16,Instagram,2026-03-28 17:16:29.608386,1
4703,anita,Have a nice day,joy,neutral,0.14,0,15,YouTube,2026-03-28 17:17:29.608386,0
4704,meena,Well done,joy,positive,0.3,0,9,Instagram,2026-03-28 17:18:29.608386,0
4705,sara,You are so stupid,anger,negative,0.99,2,17,Instagram,2026-03-28 17:19:29.608386,1
4706,arjun,Well done,joy,positive,0.09,0,9,Twitter,2026-03-28 17:20:29.608386,0
4707,arjun,That's amazing,neutral,positive,0.05,0,14,Twitter,2026-03-28 17:21:29.608386,0
4708,vikram,Great work!,neutral,neutral,0.17,0,11,Instagram,2026-03-28 17:22:29.608386,0
4709,john,Nobody likes you,anger,negative,0.8,3,16,Twitter,2026-03-28 17:23:29.608386,1
4710,sara,Keep going,neutral,neutral,0.0,0,10,Instagram,2026-03-28 17:24:29.608386,0
4711,rahul,Great work!,neutral,neutral,0.28,0,11,Twitter,2026-03-28 17:25:29.608386,0
4712,priya,Nobody likes you,anger,negative,0.88,2,16,Instagram,2026-03-28 17:26:29.608386,1
4713,meena,Nobody likes you,anger,negative,0.94,1,16,Instagram,2026-03-28 17:27:29.608386,1
4714,john,You are a loser,anger,negative,0.94,2,15,YouTube,2026-03-28 17:28:29.608386,1
4715,anita,Have a nice day,neutral,positive,0.02,0,15,YouTube,2026-03-28 17:29:29.608386,0
4716,rahul,You are so stupid,anger,negative,0.82,2,17,YouTube,2026-03-28 17:30:29.608386,1
4717,rahul,Have a nice day,joy,neutral,0.09,0,15,Instagram,2026-03-28 17:31:29.608386,0
4718,vikram,Well done,joy,neutral,0.07,0,9,Instagram,2026-03-28 17:32:29.608386,0
4719,vikram,You are so stupid,anger,negative,0.76,1,17,Instagram,2026-03-28 17:33:29.608386,1
4720,sara,You are a loser,anger,negative,0.71,3,15,Twitter,2026-03-28 17:34:29.608386,1
4721,anita,Go away idiot,anger,negative,0.74,1,13,Instagram,2026-03-28 17:35:29.608386,1
4722,anita,Great work!,neutral,neutral,0.17,0,11,YouTube,2026-03-28 17:36:29.608386,0
4723,anita,Well done,neutral,positive,0.11,0,9,Instagram,2026-03-28 17:37:29.608386,0
4724,sara,Nobody likes you,anger,negative,0.94,1,16,Twitter,2026-03-28 17:38:29.608386,1
4725,priya,Good effort,joy,neutral,0.29,0,11,Instagram,2026-03-28 17:39:29.608386,0
4726,vikram,That's amazing,neutral,neutral,0.05,0,14,Instagram,2026-03-28 17:40:29.608386,0
4727,sara,Good effort,joy,neutral,0.28,0,11,Twitter,2026-03-28 17:41:29.608386,0
4728,priya,Well done,joy,neutral,0.04,0,9,Instagram,2026-03-28 17:42:29.608386,0
4729,priya,Keep going,neutral,positive,0.01,0,10,YouTube,2026-03-28 17:43:29.608386,0
4730,meena,Well done,joy,neutral,0.17,0,9,YouTube,2026-03-28 17:44:29.608386,0
4731,arjun,You are a loser,anger,negative,0.79,3,15,Instagram,2026-03-28 17:45:29.608386,1
4732,john,Well done,joy,neutral,0.26,0,9,Twitter,2026-03-28 17:46:29.608386,0
4733,rahul,Nobody likes you,anger,negative,0.97,3,16,Twitter,2026-03-28 17:47:29.608386,1
4734,priya,Go away idiot,anger,negative,0.81,3,13,YouTube,2026-03-28 17:48:29.608386,1
4735,sara,Have a nice day,neutral,positive,0.2,0,15,Instagram,2026-03-28 17:49:29.608386,0
4736,anita,Nobody likes you,anger,negative,0.85,3,16,Twitter,2026-03-28 17:50:29.608386,1
4737,john,Good effort,joy,positive,0.13,0,11,YouTube,2026-03-28 17:51:29.608386,0
4738,rahul,You are a loser,anger,negative,0.84,2,15,YouTube,2026-03-28 17:52:29.608386,1
4739,rahul,Nobody likes you,anger,negative,0.76,1,16,YouTube,2026-03-28 17:53:29.608386,1
4740,anita,Great work!,joy,neutral,0.17,0,11,Instagram,2026-03-28 17:54:29.608386,0
4741,sara,You are so stupid,anger,negative,0.98,3,17,Instagram,2026-03-28 17:55:29.608386,1
4742,john,Go away idiot,anger,negative,0.9,2,13,YouTube,2026-03-28 17:56:29.608386,1
4743,sara,Well done,joy,positive,0.14,0,9,YouTube,2026-03-28 17:57:29.608386,0
4744,rahul,Good effort,joy,positive,0.08,0,11,Instagram,2026-03-28 17:58:29.608386,0
4745,anita,Good effort,joy,neutral,0.19,0,11,Instagram,2026-03-28 17:59:29.608386,0
4746,vikram,That's amazing,joy,neutral,0.05,0,14,Instagram,2026-03-28 18:00:29.608386,0
4747,john,You are a loser,anger,negative,0.95,2,15,Twitter,2026-03-28 18:01:29.608386,1
4748,sara,Shut up you fool,anger,negative,0.8,3,16,YouTube,2026-03-28 18:02:29.608386,1
4749,anita,Good effort,neutral,positive,0.26,0,11,Instagram,2026-03-28 18:03:29.608386,0
4750,vikram,You are useless,anger,negative,0.89,2,15,Instagram,2026-03-28 18:04:29.608386,1
4751,anita,Keep going,neutral,neutral,0.24,0,10,Instagram,2026-03-28 18:05:29.608386,0
4752,anita,Nobody likes you,anger,negative,0.83,1,16,YouTube,2026-03-28 18:06:29.608386,1
4753,rahul,Nobody likes you,anger,negative,0.83,3,16,Instagram,2026-03-28 18:07:29.608386,1
4754,sara,You are so stupid,anger,negative,0.96,2,17,YouTube,2026-03-28 18:08:29.608386,1
4755,meena,Well done,joy,neutral,0.27,0,9,YouTube,2026-03-28 18:09:29.608386,0
4756,vikram,Go away idiot,anger,negative,0.8,2,13,Instagram,2026-03-28 18:10:29.608386,1
4757,meena,You are a loser,anger,negative,0.71,2,15,Twitter,2026-03-28 18:11:29.608386,1
4758,meena,You are useless,anger,negative,0.72,3,15,YouTube,2026-03-28 18:12:29.608386,1
4759,meena,Good effort,neutral,neutral,0.06,0,11,Twitter,2026-03-28 18:13:29.608386,0
4760,vikram,That's amazing,joy,neutral,0.27,0,14,Instagram,2026-03-28 18:14:29.608386,0
4761,rahul,Shut up you fool,anger,negative,0.91,1,16,Twitter,2026-03-28 18:15:29.608386,1
4762,john,Keep going,joy,neutral,0.11,0,10,Twitter,2026-03-28 18:16:29.608386,0
4763,john,Well done,joy,neutral,0.22,0,9,Instagram,2026-03-28 18:17:29.608386,0
4764,rahul,Have a nice day,neutral,neutral,0.25,0,15,Twitter,2026-03-28 18:18:29.608386,0
4765,vikram,Shut up you fool,anger,negative,0.8,3,16,Instagram,2026-03-28 18:19:29.608386,1
4766,meena,You are useless,anger,negative,0.73,1,15,Twitter,2026-03-28 18:20:29.608386,1
4767,vikram,Have a nice day,neutral,positive,0.25,0,15,YouTube,2026-03-28 18:21:29.608386,0
4768,vikram,Well done,joy,positive,0.27,0,9,Instagram,2026-03-28 18:22:29.608386,0
4769,meena,You are useless,anger,negative,0.98,3,15,Twitter,2026-03-28 18:23:29.608386,1
4770,meena,Nobody likes you,anger,negative,0.85,2,16,Instagram,2026-03-28 18:24:29.608386,1
4771,priya,Keep going,neutral,positive,0.18,0,10,Twitter,2026-03-28 18:25:29.608386,0
4772,john,Keep going,neutral,neutral,0.17,0,10,YouTube,2026-03-28 18:26:29.608386,0
4773,sara,Great work!,neutral,positive,0.04,0,11,Twitter,2026-03-28 18:27:29.608386,0
4774,sara,Great work!,neutral,positive,0.29,0,11,Instagram,2026-03-28 18:28:29.608386,0
4775,anita,Well done,joy,positive,0.16,0,9,Twitter,2026-03-28 18:29:29.608386,0
4776,vikram,Have a nice day,joy,neutral,0.1,0,15,YouTube,2026-03-28 18:30:29.608386,0
4777,priya,That's amazing,neutral,positive,0.19,0,14,Twitter,2026-03-28 18:31:29.608386,0
4778,priya,Well done,neutral,neutral,0.19,0,9,Instagram,2026-03-28 18:32:29.608386,0
4779,vikram,Well done,joy,neutral,0.06,0,9,YouTube,2026-03-28 18:33:29.608386,0
4780,rahul,That's amazing,neutral,neutral,0.1,0,14,Twitter,2026-03-28 18:34:29.608386,0
4781,sara,Good effort,neutral,positive,0.03,0,11,Twitter,2026-03-28 18:35:29.608386,0
4782,meena,That's amazing,joy,positive,0.18,0,14,YouTube,2026-03-28 18:36:29.608386,0
4783,john,That's amazing,neutral,positive,0.05,0,14,YouTube,2026-03-28 18:37:29.608386,0
4784,anita,Go away idiot,anger,negative,0.86,3,13,YouTube,2026-03-28 18:38:29.608386,1
4785,priya,That's amazing,joy,positive,0.11,0,14,Instagram,2026-03-28 18:39:29.608386,0
4786,john,You are so stupid,anger,negative,0.72,2,17,YouTube,2026-03-28 18:40:29.608386,1
4787,anita,Keep going,neutral,positive,0.14,0,10,Twitter,2026-03-28 18:41:29.608386,0
4788,john,Keep going,joy,positive,0.08,0,10,YouTube,2026-03-28 18:42:29.608386,0
4789,rahul,Well done,joy,neutral,0.21,0,9,Instagram,2026-03-28 18:43:29.608386,0
4790,john,Go away idiot,anger,negative,0.73,2,13,Instagram,2026-03-28 18:44:29.608386,1
4791,sara,Have a nice day,joy,positive,0.3,0,15,YouTube,2026-03-28 18:45:29.608386,0
4792,arjun,Nobody likes you,anger,negative,0.83,3,16,Instagram,2026-03-28 18:46:29.608386,1
4793,vikram,Go away idiot,anger,negative,0.99,2,13,Twitter,2026-03-28 18:47:29.608386,1
4794,priya,Go away idiot,anger,negative,0.85,2,13,YouTube,2026-03-28 18:48:29.608386,1
4795,vikram,You are a loser,anger,negative,0.75,1,15,Instagram,2026-03-28 18:49:29.608386,1
4796,meena,Well done,neutral,positive,0.06,0,9,Instagram,2026-03-28 18:50:29.608386,0
4797,vikram,Have a nice day,neutral,positive,0.18,0,15,Twitter,2026-03-28 18:51:29.608386,0
4798,sara,Keep going,neutral,neutral,0.03,0,10,Twitter,2026-03-28 18:52:29.608386,0
4799,sara,Well done,joy,neutral,0.02,0,9,Instagram,2026-03-28 18:53:29.608386,0
4800,meena,Well done,neutral,positive,0.17,0,9,YouTube,2026-03-28 18:54:29.608386,0
4801,john,That's amazing,neutral,positive,0.16,0,14,Instagram,2026-03-28 18:55:29.608386,0
4802,anita,Shut up you fool,anger,negative,1.0,3,16,Instagram,2026-03-28 18:56:29.608386,1
4803,rahul,Have a nice day,joy,neutral,0.06,0,15,Twitter,2026-03-28 18:57:29.608386,0
4804,anita,You are useless,anger,negative,0.95,1,15,Instagram,2026-03-28 18:58:29.608386,1
4805,sara,Shut up you fool,anger,negative,0.88,3,16,Instagram,2026-03-28 18:59:29.608386,1
4806,meena,Well done,neutral,neutral,0.22,0,9,Twitter,2026-03-28 19:00:29.608386,0
4807,rahul,Good effort,joy,positive,0.18,0,11,Instagram,2026-03-28 19:01:29.608386,0
4808,meena,Go away idiot,anger,negative,0.71,2,13,YouTube,2026-03-28 19:02:29.608386,1
4809,anita,You are so stupid,anger,negative,0.83,2,17,YouTube,2026-03-28 19:03:29.608386,1
4810,rahul,You are useless,anger,negative,0.97,1,15,YouTube,2026-03-28 19:04:29.608386,1
4811,meena,Nobody likes you,anger,negative,0.93,1,16,YouTube,2026-03-28 19:05:29.608386,1
4812,anita,You are so stupid,anger,negative,0.94,3,17,Twitter,2026-03-28 19:06:29.608386,1
4813,sara,You are so stupid,anger,negative,0.93,2,17,YouTube,2026-03-28 19:07:29.608386,1
4814,sara,You are so stupid,anger,negative,0.81,3,17,YouTube,2026-03-28 19:08:29.608386,1
4815,rahul,Have a nice day,neutral,neutral,0.21,0,15,Twitter,2026-03-28 19:09:29.608386,0
4816,meena,You are useless,anger,negative,0.95,1,15,Twitter,2026-03-28 19:10:29.608386,1
4817,john,Shut up you fool,anger,negative,0.95,3,16,Twitter,2026-03-28 19:11:29.608386,1
4818,vikram,Nobody likes you,anger,negative,0.86,2,16,Twitter,2026-03-28 19:12:29.608386,1
4819,meena,You are so stupid,anger,negative,0.94,1,17,Instagram,2026-03-28 19:13:29.608386,1
4820,meena,Keep going,joy,neutral,0.16,0,10,YouTube,2026-03-28 19:14:29.608386,0
4821,john,Have a nice day,neutral,neutral,0.16,0,15,Instagram,2026-03-28 19:15:29.608386,0
4822,priya,Shut up you fool,anger,negative,0.82,2,16,YouTube,2026-03-28 19:16:29.608386,1
4823,john,Keep going,neutral,neutral,0.21,0,10,Instagram,2026-03-28 19:17:29.608386,0
4824,anita,Have a nice day,joy,neutral,0.19,0,15,Twitter,2026-03-28 19:18:29.608386,0
4825,arjun,You are a loser,anger,negative,0.94,2,15,Twitter,2026-03-28 19:19:29.608386,1
4826,sara,Great work!,neutral,positive,0.24,0,11,YouTube,2026-03-28 19:20:29.608386,0
4827,sara,Keep going,neutral,neutral,0.22,0,10,YouTube,2026-03-28 19:21:29.608386,0
4828,anita,Shut up you fool,anger,negative,0.86,2,16,Twitter,2026-03-28 19:22:29.608386,1
4829,vikram,You are a loser,anger,negative,0.8,2,15,YouTube,2026-03-28 19:23:29.608386,1
4830,priya,Great work!,neutral,positive,0.18,0,11,Instagram,2026-03-28 19:24:29.608386,0
4831,rahul,That's amazing,neutral,positive,0.21,0,14,Instagram,2026-03-28 19:25:29.608386,0
4832,sara,You are a loser,anger,negative,0.72,3,15,Instagram,2026-03-28 19:26:29.608386,1
4833,rahul,Shut up you fool,anger,negative,0.99,2,16,YouTube,2026-03-28 19:27:29.608386,1
4834,meena,Great work!,joy,positive,0.08,0,11,Twitter,2026-03-28 19:28:29.608386,0
4835,arjun,Well done,neutral,positive,0.11,0,9,Instagram,2026-03-28 19:29:29.608386,0
4836,meena,Well done,joy,neutral,0.03,0,9,Instagram,2026-03-28 19:30:29.608386,0
4837,priya,You are useless,anger,negative,0.88,1,15,Twitter,2026-03-28 19:31:29.608386,1
4838,priya,Good effort,neutral,positive,0.2,0,11,YouTube,2026-03-28 19:32:29.608386,0
4839,meena,Keep going,joy,neutral,0.1,0,10,Twitter,2026-03-28 19:33:29.608386,0
4840,john,Well done,neutral,neutral,0.05,0,9,YouTube,2026-03-28 19:34:29.608386,0
4841,john,Nobody likes you,anger,negative,0.94,2,16,Instagram,2026-03-28 19:35:29.608386,1
4842,anita,Well done,neutral,positive,0.05,0,9,Twitter,2026-03-28 19:36:29.608386,0
4843,vikram,Great work!,neutral,positive,0.04,0,11,Instagram,2026-03-28 19:37:29.608386,0
4844,priya,Go away idiot,anger,negative,0.8,2,13,Instagram,2026-03-28 19:38:29.608386,1
4845,anita,Good effort,neutral,neutral,0.27,0,11,Twitter,2026-03-28 19:39:29.608386,0
4846,john,You are so stupid,anger,negative,0.97,1,17,YouTube,2026-03-28 19:40:29.608386,1
4847,meena,Good effort,joy,neutral,0.04,0,11,Instagram,2026-03-28 19:41:29.608386,0
4848,priya,You are useless,anger,negative,0.72,3,15,Instagram,2026-03-28 19:42:29.608386,1
4849,anita,Great work!,neutral,positive,0.3,0,11,Twitter,2026-03-28 19:43:29.608386,0
4850,meena,You are a loser,anger,negative,0.81,1,15,YouTube,2026-03-28 19:44:29.608386,1
4851,john,Well done,neutral,positive,0.1,0,9,YouTube,2026-03-28 19:45:29.608386,0
4852,john,Great work!,joy,positive,0.17,0,11,Twitter,2026-03-28 19:46:29.608386,0
4853,john,That's amazing,joy,positive,0.28,0,14,YouTube,2026-03-28 19:47:29.608386,0
4854,vikram,You are so stupid,anger,negative,0.83,3,17,Twitter,2026-03-28 19:48:29.608386,1
4855,arjun,Well done,joy,positive,0.15,0,9,Instagram,2026-03-28 19:49:29.608386,0
4856,vikram,You are so stupid,anger,negative,0.87,2,17,YouTube,2026-03-28 19:50:29.608386,1
4857,sara,You are a loser,anger,negative,0.91,2,15,Instagram,2026-03-28 19:51:29.608386,1
4858,sara,That's amazing,joy,positive,0.27,0,14,YouTube,2026-03-28 19:52:29.608386,0
4859,john,You are a loser,anger,negative,0.92,3,15,Instagram,2026-03-28 19:53:29.608386,1
4860,vikram,Nobody likes you,anger,negative,0.84,3,16,Twitter,2026-03-28 19:54:29.608386,1
4861,arjun,Good effort,joy,neutral,0.03,0,11,Twitter,2026-03-28 19:55:29.608386,0
4862,rahul,Keep going,neutral,neutral,0.26,0,10,YouTube,2026-03-28 19:56:29.608386,0
4863,arjun,Go away idiot,anger,negative,0.74,3,13,Instagram,2026-03-28 19:57:29.608386,1
4864,anita,Keep going,neutral,positive,0.12,0,10,Instagram,2026-03-28 19:58:29.608386,0
4865,vikram,Great work!,joy,positive,0.06,0,11,Instagram,2026-03-28 19:59:29.608386,0
4866,priya,You are so stupid,anger,negative,0.97,2,17,Instagram,2026-03-28 20:00:29.608386,1
4867,arjun,Good effort,neutral,positive,0.07,0,11,Instagram,2026-03-28 20:01:29.608386,0
4868,anita,Nobody likes you,anger,negative,0.98,2,16,Twitter,2026-03-28 20:02:29.608386,1
4869,rahul,Keep going,neutral,positive,0.1,0,10,Twitter,2026-03-28 20:03:29.608386,0
4870,john,Have a nice day,neutral,neutral,0.0,0,15,YouTube,2026-03-28 20:04:29.608386,0
4871,meena,Keep going,neutral,positive,0.01,0,10,Twitter,2026-03-28 20:05:29.608386,0
4872,sara,Shut up you fool,anger,negative,0.77,2,16,Instagram,2026-03-28 20:06:29.608386,1
4873,anita,Great work!,joy,neutral,0.04,0,11,YouTube,2026-03-28 20:07:29.608386,0
4874,sara,Great work!,joy,neutral,0.21,0,11,Twitter,2026-03-28 20:08:29.608386,0
4875,meena,You are a loser,anger,negative,0.93,1,15,Instagram,2026-03-28 20:09:29.608386,1
4876,arjun,Go away idiot,anger,negative,0.85,1,13,YouTube,2026-03-28 20:10:29.608386,1
4877,priya,Keep going,joy,neutral,0.15,0,10,Instagram,2026-03-28 20:11:29.608386,0
4878,rahul,Well done,neutral,neutral,0.1,0,9,Instagram,2026-03-28 20:12:29.608386,0
4879,anita,Keep going,joy,positive,0.24,0,10,YouTube,2026-03-28 20:13:29.608386,0
4880,rahul,That's amazing,neutral,positive,0.26,0,14,Instagram,2026-03-28 20:14:29.608386,0
4881,sara,Go away idiot,anger,negative,0.95,3,13,Instagram,2026-03-28 20:15:29.608386,1
4882,arjun,Keep going,joy,neutral,0.03,0,10,Twitter,2026-03-28 20:16:29.608386,0
4883,john,You are useless,anger,negative,0.81,1,15,Instagram,2026-03-28 20:17:29.608386,1
4884,sara,Well done,neutral,positive,0.13,0,9,Twitter,2026-03-28 20:18:29.608386,0
4885,rahul,That's amazing,neutral,positive,0.12,0,14,Twitter,2026-03-28 20:19:29.608386,0
4886,vikram,Have a nice day,neutral,positive,0.05,0,15,Twitter,2026-03-28 20:20:29.608386,0
4887,sara,Shut up you fool,anger,negative,0.85,3,16,Instagram,2026-03-28 20:21:29.608386,1
4888,priya,Good effort,joy,positive,0.18,0,11,Twitter,2026-03-28 20:22:29.608386,0
4889,john,You are so stupid,anger,negative,0.83,3,17,Instagram,2026-03-28 20:23:29.608386,1
4890,john,You are so stupid,anger,negative,0.9,3,17,YouTube,2026-03-28 20:24:29.608386,1
4891,anita,Shut up you fool,anger,negative,0.78,3,16,Twitter,2026-03-28 20:25:29.608386,1
4892,priya,You are a loser,anger,negative,0.76,2,15,Twitter,2026-03-28 20:26:29.608386,1
4893,sara,Go away idiot,anger,negative,0.7,3,13,YouTube,2026-03-28 20:27:29.608386,1
4894,anita,Shut up you fool,anger,negative,0.87,1,16,YouTube,2026-03-28 20:28:29.608386,1
4895,rahul,Go away idiot,anger,negative,0.91,2,13,Twitter,2026-03-28 20:29:29.608386,1
4896,arjun,Nobody likes you,anger,negative,0.81,3,16,Instagram,2026-03-28 20:30:29.608386,1
4897,arjun,You are useless,anger,negative,0.72,1,15,YouTube,2026-03-28 20:31:29.608386,1
4898,meena,Keep going,neutral,neutral,0.04,0,10,Instagram,2026-03-28 20:32:29.608386,0
4899,rahul,Go away idiot,anger,negative,0.89,3,13,YouTube,2026-03-28 20:33:29.608386,1
4900,john,You are useless,anger,negative,0.86,3,15,Twitter,2026-03-28 20:34:29.608386,1
4901,priya,Good effort,neutral,neutral,0.21,0,11,YouTube,2026-03-28 20:35:29.608386,0
4902,vikram,Shut up you fool,anger,negative,0.78,2,16,YouTube,2026-03-28 20:36:29.608386,1
4903,priya,Shut up you fool,anger,negative,0.86,1,16,YouTube,2026-03-28 20:37:29.608386,1
4904,anita,Good effort,neutral,neutral,0.22,0,11,Instagram,2026-03-28 20:38:29.608386,0
4905,arjun,You are a loser,anger,negative,0.97,3,15,Instagram,2026-03-28 20:39:29.608386,1
4906,arjun,You are useless,anger,negative,0.79,1,15,YouTube,2026-03-28 20:40:29.608386,1
4907,meena,Have a nice day,neutral,neutral,0.15,0,15,YouTube,2026-03-28 20:41:29.608386,0
4908,vikram,You are useless,anger,negative,0.73,2,15,YouTube,2026-03-28 20:42:29.608386,1
4909,rahul,Shut up you fool,anger,negative,0.87,2,16,YouTube,2026-03-28 20:43:29.608386,1
4910,priya,That's amazing,joy,neutral,0.02,0,14,YouTube,2026-03-28 20:44:29.608386,0
4911,priya,You are so stupid,anger,negative,0.85,1,17,YouTube,2026-03-28 20:45:29.608386,1
4912,priya,Great work!,joy,positive,0.01,0,11,Instagram,2026-03-28 20:46:29.608386,0
4913,arjun,Keep going,neutral,positive,0.22,0,10,Instagram,2026-03-28 20:47:29.608386,0
4914,meena,Have a nice day,joy,positive,0.01,0,15,Twitter,2026-03-28 20:48:29.608386,0
4915,anita,You are useless,anger,negative,0.71,1,15,Instagram,2026-03-28 20:49:29.608386,1
4916,anita,Well done,joy,positive,0.05,0,9,YouTube,2026-03-28 20:50:29.608386,0
4917,meena,Go away idiot,anger,negative,0.97,1,13,YouTube,2026-03-28 20:51:29.608386,1
4918,anita,Good effort,neutral,positive,0.27,0,11,Instagram,2026-03-28 20:52:29.608386,0
4919,anita,Good effort,neutral,positive,0.02,0,11,Twitter,2026-03-28 20:53:29.608386,0
4920,anita,You are useless,anger,negative,0.96,2,15,Twitter,2026-03-28 20:54:29.608386,1
4921,arjun,Nobody likes you,anger,negative,0.93,1,16,Instagram,2026-03-28 20:55:29.608386,1
4922,anita,You are so stupid,anger,negative,1.0,2,17,Twitter,2026-03-28 20:56:29.608386,1
4923,priya,You are useless,anger,negative,0.88,3,15,Instagram,2026-03-28 20:57:29.608386,1
4924,anita,Nobody likes you,anger,negative,0.9,1,16,YouTube,2026-03-28 20:58:29.608386,1
4925,vikram,Great work!,joy,neutral,0.24,0,11,Twitter,2026-03-28 20:59:29.608386,0
4926,rahul,Great work!,neutral,neutral,0.05,0,11,Twitter,2026-03-28 21:00:29.608386,0
4927,rahul,You are useless,anger,negative,0.73,1,15,Instagram,2026-03-28 21:01:29.608386,1
4928,anita,Go away idiot,anger,negative,0.83,2,13,YouTube,2026-03-28 21:02:29.608386,1
4929,vikram,That's amazing,neutral,positive,0.21,0,14,Instagram,2026-03-28 21:03:29.608386,0
4930,rahul,Keep going,joy,positive,0.1,0,10,YouTube,2026-03-28 21:04:29.608386,0
4931,rahul,Shut up you fool,anger,negative,0.95,3,16,YouTube,2026-03-28 21:05:29.608386,1
4932,priya,You are useless,anger,negative,0.86,3,15,Twitter,2026-03-28 21:06:29.608386,1
4933,sara,Have a nice day,joy,neutral,0.14,0,15,Instagram,2026-03-28 21:07:29.608386,0
4934,anita,Go away idiot,anger,negative,0.86,1,13,YouTube,2026-03-28 21:08:29.608386,1
4935,vikram,You are so stupid,anger,negative,0.95,3,17,YouTube,2026-03-28 21:09:29.608386,1
4936,arjun,Great work!,joy,positive,0.19,0,11,Twitter,2026-03-28 21:10:29.608386,0
4937,meena,Great work!,neutral,neutral,0.23,0,11,Twitter,2026-03-28 21:11:29.608386,0
4938,priya,Have a nice day,neutral,neutral,0.06,0,15,YouTube,2026-03-28 21:12:29.608386,0
4939,sara,Have a nice day,neutral,positive,0.05,0,15,Instagram,2026-03-28 21:13:29.608386,0
4940,arjun,Well done,neutral,positive,0.24,0,9,Twitter,2026-03-28 21:14:29.608386,0
4941,priya,Nobody likes you,anger,negative,0.87,2,16,Twitter,2026-03-28 21:15:29.608386,1
4942,meena,Keep going,joy,neutral,0.17,0,10,Instagram,2026-03-28 21:16:29.608386,0
4943,john,That's amazing,neutral,neutral,0.27,0,14,YouTube,2026-03-28 21:17:29.608386,0
4944,anita,Shut up you fool,anger,negative,0.94,3,16,Twitter,2026-03-28 21:18:29.608386,1
4945,anita,You are useless,anger,negative,0.79,1,15,YouTube,2026-03-28 21:19:29.608386,1
4946,vikram,Nobody likes you,anger,negative,0.77,3,16,Twitter,2026-03-28 21:20:29.608386,1
4947,sara,Nobody likes you,anger,negative,0.9,3,16,YouTube,2026-03-28 21:21:29.608386,1
4948,rahul,Good effort,joy,positive,0.19,0,11,YouTube,2026-03-28 21:22:29.608386,0
4949,sara,You are a loser,anger,negative,0.94,3,15,YouTube,2026-03-28 21:23:29.608386,1
4950,meena,Great work!,neutral,positive,0.17,0,11,Twitter,2026-03-28 21:24:29.608386,0
4951,vikram,Nobody likes you,anger,negative,0.97,1,16,Instagram,2026-03-28 21:25:29.608386,1
4952,anita,Good effort,joy,positive,0.08,0,11,Instagram,2026-03-28 21:26:29.608386,0
4953,rahul,Have a nice day,neutral,neutral,0.07,0,15,Instagram,2026-03-28 21:27:29.608386,0
4954,arjun,Shut up you fool,anger,negative,0.99,2,16,Twitter,2026-03-28 21:28:29.608386,1
4955,john,Have a nice day,joy,neutral,0.18,0,15,Instagram,2026-03-28 21:29:29.608386,0
4956,sara,Have a nice day,neutral,neutral,0.26,0,15,Instagram,2026-03-28 21:30:29.608386,0
4957,priya,Go away idiot,anger,negative,0.84,2,13,Twitter,2026-03-28 21:31:29.608386,1
4958,priya,You are useless,anger,negative,0.99,3,15,YouTube,2026-03-28 21:32:29.608386,1
4959,arjun,Shut up you fool,anger,negative,0.96,3,16,YouTube,2026-03-28 21:33:29.608386,1
4960,vikram,Keep going,joy,neutral,0.25,0,10,Twitter,2026-03-28 21:34:29.608386,0
4961,rahul,You are useless,anger,negative,0.97,2,15,Twitter,2026-03-28 21:35:29.608386,1
4962,john,You are a loser,anger,negative,0.93,2,15,YouTube,2026-03-28 21:36:29.608386,1
4963,sara,That's amazing,neutral,neutral,0.27,0,14,YouTube,2026-03-28 21:37:29.608386,0
4964,priya,Shut up you fool,anger,negative,0.7,3,16,Twitter,2026-03-28 21:38:29.608386,1
4965,john,You are so stupid,anger,negative,0.71,2,17,Instagram,2026-03-28 21:39:29.608386,1
4966,sara,Have a nice day,joy,positive,0.13,0,15,YouTube,2026-03-28 21:40:29.608386,0
4967,sara,Well done,joy,positive,0.13,0,9,YouTube,2026-03-28 21:41:29.608386,0
4968,arjun,That's amazing,neutral,positive,0.12,0,14,YouTube,2026-03-28 21:42:29.608386,0
4969,john,Nobody likes you,anger,negative,0.87,2,16,Twitter,2026-03-28 21:43:29.608386,1
4970,meena,Shut up you fool,anger,negative,0.7,3,16,Instagram,2026-03-28 21:44:29.608386,1
4971,sara,Nobody likes you,anger,negative,0.8,3,16,Instagram,2026-03-28 21:45:29.608386,1
4972,sara,Great work!,neutral,neutral,0.23,0,11,Instagram,2026-03-28 21:46:29.608386,0
4973,rahul,Keep going,joy,neutral,0.16,0,10,Twitter,2026-03-28 21:47:29.608386,0
4974,arjun,Go away idiot,anger,negative,0.92,2,13,Instagram,2026-03-28 21:48:29.608386,1
4975,vikram,Nobody likes you,anger,negative,0.8,3,16,Twitter,2026-03-28 21:49:29.608386,1
4976,meena,Nobody likes you,anger,negative,0.94,2,16,YouTube,2026-03-28 21:50:29.608386,1
4977,john,Nobody likes you,anger,negative,0.79,3,16,Twitter,2026-03-28 21:51:29.608386,1
4978,anita,You are useless,anger,negative,0.73,3,15,Instagram,2026-03-28 21:52:29.608386,1
4979,rahul,Great work!,neutral,neutral,0.01,0,11,Instagram,2026-03-28 21:53:29.608386,0
4980,vikram,You are so stupid,anger,negative,0.72,2,17,Twitter,2026-03-28 21:54:29.608386,1
4981,sara,Well done,neutral,positive,0.18,0,9,YouTube,2026-03-28 21:55:29.608386,0
4982,john,You are so stupid,anger,negative,0.92,3,17,Instagram,2026-03-28 21:56:29.608386,1
4983,john,Well done,joy,positive,0.03,0,9,YouTube,2026-03-28 21:57:29.608386,0
4984,sara,That's amazing,joy,positive,0.24,0,14,Instagram,2026-03-28 21:58:29.608386,0
4985,rahul,Shut up you fool,anger,negative,0.86,1,16,Twitter,2026-03-28 21:59:29.608386,1
4986,john,You are a loser,anger,negative,0.93,1,15,YouTube,2026-03-28 22:00:29.608386,1
4987,meena,That's amazing,neutral,positive,0.15,0,14,Instagram,2026-03-28 22:01:29.608386,0
4988,vikram,Go away idiot,anger,negative,0.94,1,13,Twitter,2026-03-28 22:02:29.608386,1
4989,arjun,Go away idiot,anger,negative,0.8,1,13,Twitter,2026-03-28 22:03:29.608386,1
4990,arjun,Nobody likes you,anger,negative,0.89,1,16,Instagram,2026-03-28 22:04:29.608386,1
4991,rahul,You are a loser,anger,negative,0.74,1,15,Instagram,2026-03-28 22:05:29.608386,1
4992,anita,Great work!,joy,neutral,0.02,0,11,Twitter,2026-03-28 22:06:29.608386,0
4993,anita,Have a nice day,neutral,neutral,0.12,0,15,YouTube,2026-03-28 22:07:29.608386,0
4994,arjun,Have a nice day,neutral,neutral,0.24,0,15,Twitter,2026-03-28 22:08:29.608386,0
4995,anita,Good effort,joy,positive,0.09,0,11,Instagram,2026-03-28 22:09:29.608386,0
4996,vikram,Go away idiot,anger,negative,0.97,2,13,Twitter,2026-03-28 22:10:29.608386,1
4997,john,Nobody likes you,anger,negative,0.93,1,16,Twitter,2026-03-28 22:11:29.608386,1
4998,vikram,Well done,neutral,positive,0.13,0,9,Instagram,2026-03-28 22:12:29.608386,0
4999,sara,Shut up you fool,anger,negative,0.9,1,16,Twitter,2026-03-28 22:13:29.608386,1
5000,sara,Well done,neutral,positive,0.13,0,9,Twitter,2026-03-28 22:14:29.608386,0
